solid OpenSCAD_Model
  facet normal 0 0 -1
    outer loop
      vertex -29.244999999999997 -77.79 11.4
      vertex -26.545481386092035 -71.12382737884263 11.4
      vertex -26.507461462387976 -71.23008594721986 11.4
    endloop
  endfacet
  facet normal 0 0 -1
    outer loop
      vertex -29.244999999999997 -77.79 11.4
      vertex -26.57290307246371 -71.01435387031856 11.4
      vertex -26.545481386092035 -71.12382737884263 11.4
    endloop
  endfacet
  facet normal 0 0 -1
    outer loop
      vertex -29.244999999999997 -77.79 11.4
      vertex -26.589462435673024 -70.902719711379 11.4
      vertex -26.57290307246371 -71.01435387031856 11.4
    endloop
  endfacet
  facet normal 0 0 -1
    outer loop
      vertex -29.244999999999997 -77.79 11.4
      vertex -26.594999999999995 -70.79 11.4
      vertex -26.589462435673024 -70.902719711379 11.4
    endloop
  endfacet
  facet normal 0 0 -1
    outer loop
      vertex -29.244999999999997 -77.79 11.4
      vertex -26.459209454000604 -71.3321062473499 11.4
      vertex -26.401190054147925 -71.42890576797255 11.4
    endloop
  endfacet
  facet normal 0 0 -1
    outer loop
      vertex -29.244999999999997 -77.79 11.4
      vertex -26.401190054147925 -71.42890576797255 11.4
      vertex -26.333962021367146 -71.5195522767882 11.4
    endloop
  endfacet
  facet normal 0 0 -1
    outer loop
      vertex -29.244999999999997 -77.79 11.4
      vertex -26.333962021367146 -71.5195522767882 11.4
      vertex -26.258172798364527 -71.60317279836454 11.4
    endloop
  endfacet
  facet normal 0 0 -1
    outer loop
      vertex -29.244999999999997 -77.79 11.4
      vertex -26.258172798364527 -71.60317279836454 11.4
      vertex -26.174552276788187 -71.67896202136716 11.4
    endloop
  endfacet
  facet normal 0 0 -1
    outer loop
      vertex -29.244999999999997 -77.79 11.4
      vertex -26.174552276788187 -71.67896202136716 11.4
      vertex -26.08390576797254 -71.74619005414793 11.4
    endloop
  endfacet
  facet normal 0 0 -1
    outer loop
      vertex -29.244999999999997 -77.79 11.4
      vertex -26.08390576797254 -71.74619005414793 11.4
      vertex -25.987106247349892 -71.80420945400061 11.4
    endloop
  endfacet
  facet normal 0 0 -1
    outer loop
      vertex -29.244999999999997 -77.79 11.4
      vertex -25.987106247349892 -71.80420945400061 11.4
      vertex -25.88508594721985 -71.85246146238799 11.4
    endloop
  endfacet
  facet normal 0 0 -1
    outer loop
      vertex -29.244999999999997 -77.79 11.4
      vertex -25.88508594721985 -71.85246146238799 11.4
      vertex -25.778827378842628 -71.89048138609205 11.4
    endloop
  endfacet
  facet normal 0 0 -1
    outer loop
      vertex -29.244999999999997 -77.79 11.4
      vertex -25.778827378842628 -71.89048138609205 11.4
      vertex -25.669353870318545 -71.91790307246372 11.4
    endloop
  endfacet
  facet normal 0 0 -1
    outer loop
      vertex -29.244999999999997 -77.79 11.4
      vertex -25.669353870318545 -71.91790307246372 11.4
      vertex -25.55771971137899 -71.93446243567303 11.4
    endloop
  endfacet
  facet normal 0 0 -1
    outer loop
      vertex -29.244999999999997 -77.79 11.4
      vertex -25.55771971137899 -71.93446243567303 11.4
      vertex -25.444999999999997 -71.94000000000001 11.4
    endloop
  endfacet
  facet normal 0 0 -1
    outer loop
      vertex -29.244999999999997 -77.79 11.4
      vertex -25.444999999999997 -71.94000000000001 11.4
      vertex -25.332280288621003 -71.93446243567303 11.4
    endloop
  endfacet
  facet normal 0 0 -1
    outer loop
      vertex -29.244999999999997 -77.79 11.4
      vertex -25.332280288621003 -71.93446243567303 11.4
      vertex -25.220646129681448 -71.91790307246372 11.4
    endloop
  endfacet
  facet normal 0 0 -1
    outer loop
      vertex -29.244999999999997 -77.79 11.4
      vertex -25.220646129681448 -71.91790307246372 11.4
      vertex -25.111172621157365 -71.89048138609205 11.4
    endloop
  endfacet
  facet normal 0 0 -1
    outer loop
      vertex -29.244999999999997 -77.79 11.4
      vertex -26.507461462387976 -71.23008594721986 11.4
      vertex -26.459209454000604 -71.3321062473499 11.4
    endloop
  endfacet
  facet normal 0 0 -1
    outer loop
      vertex -29.244999999999997 -77.79 11.4
      vertex -25.111172621157365 -71.89048138609205 11.4
      vertex -25.004914052780144 -71.85246146238799 11.4
    endloop
  endfacet
  facet normal 0 0 -1
    outer loop
      vertex -29.244999999999997 -77.79 11.4
      vertex -25.004914052780144 -71.85246146238799 11.4
      vertex -24.9028937526501 -71.80420945400061 11.4
    endloop
  endfacet
  facet normal 0 0 -1
    outer loop
      vertex -29.244999999999997 -77.79 11.4
      vertex -24.9028937526501 -71.80420945400061 11.4
      vertex -24.806094232027455 -71.74619005414793 11.4
    endloop
  endfacet
  facet normal 0 0 -1
    outer loop
      vertex -29.244999999999997 -77.79 11.4
      vertex -24.806094232027455 -71.74619005414793 11.4
      vertex -24.715447723211806 -71.67896202136716 11.4
    endloop
  endfacet
  facet normal 0 0 -1
    outer loop
      vertex -29.244999999999997 -77.79 11.4
      vertex -24.715447723211806 -71.67896202136716 11.4
      vertex -24.631827201635467 -71.60317279836454 11.4
    endloop
  endfacet
  facet normal 0 0 -1
    outer loop
      vertex -29.244999999999997 -77.79 11.4
      vertex -24.631827201635467 -71.60317279836454 11.4
      vertex -24.556037978632848 -71.5195522767882 11.4
    endloop
  endfacet
  facet normal 0 0 -1
    outer loop
      vertex -29.244999999999997 -77.79 11.4
      vertex -24.556037978632848 -71.5195522767882 11.4
      vertex -22.444999999999997 -68.94 11.4
    endloop
  endfacet
  facet normal 0 0 -1
    outer loop
      vertex -29.244999999999997 -77.79 11.4
      vertex -22.444999999999997 -68.94 11.4
      vertex -22.444999999999997 -70.44 11.4
    endloop
  endfacet
  facet normal 0 0 -1
    outer loop
      vertex -22.444999999999997 -68.94 11.4
      vertex -24.556037978632848 -71.5195522767882 11.4
      vertex -24.48880994585207 -71.42890576797255 11.4
    endloop
  endfacet
  facet normal 0 0 -1
    outer loop
      vertex -22.444999999999997 -68.94 11.4
      vertex -24.48880994585207 -71.42890576797255 11.4
      vertex -24.43079054599939 -71.3321062473499 11.4
    endloop
  endfacet
  facet normal 0 0 -1
    outer loop
      vertex -22.444999999999997 -68.94 11.4
      vertex -24.43079054599939 -70.24789375265011 11.4
      vertex -24.48880994585207 -70.15109423202746 11.4
    endloop
  endfacet
  facet normal 0 0 -1
    outer loop
      vertex -24.715447723211806 -69.90103797863286 11.4
      vertex -24.806094232027455 -69.83380994585208 11.4
      vertex -23.044999999999998 -68.59 11.4
    endloop
  endfacet
  facet normal 0 0 -1
    outer loop
      vertex -24.631827201635467 -69.97682720163547 11.4
      vertex -24.715447723211806 -69.90103797863286 11.4
      vertex -23.044999999999998 -68.59 11.4
    endloop
  endfacet
  facet normal 0 0 -1
    outer loop
      vertex -24.556037978632848 -70.06044772321181 11.4
      vertex -24.631827201635467 -69.97682720163547 11.4
      vertex -23.044999999999998 -68.59 11.4
    endloop
  endfacet
  facet normal 0 0 -1
    outer loop
      vertex -24.48880994585207 -70.15109423202746 11.4
      vertex -24.556037978632848 -70.06044772321181 11.4
      vertex -23.044999999999998 -68.59 11.4
    endloop
  endfacet
  facet normal 0 0 -1
    outer loop
      vertex -22.444999999999997 -68.94 11.4
      vertex -24.43079054599939 -71.3321062473499 11.4
      vertex -24.382538537612017 -71.23008594721986 11.4
    endloop
  endfacet
  facet normal 0 0 -1
    outer loop
      vertex -22.444999999999997 -68.94 11.4
      vertex -24.382538537612017 -71.23008594721986 11.4
      vertex -24.344518613907958 -71.12382737884263 11.4
    endloop
  endfacet
  facet normal 0 0 -1
    outer loop
      vertex -22.444999999999997 -68.94 11.4
      vertex -24.344518613907958 -71.12382737884263 11.4
      vertex -24.317096927536284 -71.01435387031856 11.4
    endloop
  endfacet
  facet normal 0 0 -1
    outer loop
      vertex -22.444999999999997 -68.94 11.4
      vertex -24.317096927536284 -71.01435387031856 11.4
      vertex -24.30053756432697 -70.902719711379 11.4
    endloop
  endfacet
  facet normal 0 0 -1
    outer loop
      vertex -22.444999999999997 -68.94 11.4
      vertex -24.30053756432697 -70.902719711379 11.4
      vertex -24.294999999999998 -70.79 11.4
    endloop
  endfacet
  facet normal 0 0 -1
    outer loop
      vertex -22.444999999999997 -68.94 11.4
      vertex -24.294999999999998 -70.79 11.4
      vertex -24.30053756432697 -70.677280288621 11.4
    endloop
  endfacet
  facet normal 0 0 -1
    outer loop
      vertex -22.444999999999997 -68.94 11.4
      vertex -24.30053756432697 -70.677280288621 11.4
      vertex -24.317096927536284 -70.56564612968145 11.4
    endloop
  endfacet
  facet normal 0 0 -1
    outer loop
      vertex -22.444999999999997 -68.94 11.4
      vertex -24.317096927536284 -70.56564612968145 11.4
      vertex -24.344518613907958 -70.45617262115738 11.4
    endloop
  endfacet
  facet normal 0 0 -1
    outer loop
      vertex -22.444999999999997 -68.94 11.4
      vertex -24.344518613907958 -70.45617262115738 11.4
      vertex -24.382538537612017 -70.34991405278015 11.4
    endloop
  endfacet
  facet normal 0 0 -1
    outer loop
      vertex -22.444999999999997 -68.94 11.4
      vertex -24.382538537612017 -70.34991405278015 11.4
      vertex -24.43079054599939 -70.24789375265011 11.4
    endloop
  endfacet
  facet normal 0 0 -1
    outer loop
      vertex -22.444999999999997 -68.94 11.4
      vertex -24.48880994585207 -70.15109423202746 11.4
      vertex -23.044999999999998 -68.59 11.4
    endloop
  endfacet
  facet normal 0 0 1
    outer loop
      vertex -28.744999999999997 -77.29 13
      vertex -25.444999999999997 -72.89 13
      vertex -25.650835994692073 -72.87988792601162 13
    endloop
  endfacet
  facet normal 0 0 1
    outer loop
      vertex -28.744999999999997 -77.29 13
      vertex -25.23916400530792 -72.87988792601162 13
      vertex -25.444999999999997 -72.89 13
    endloop
  endfacet
  facet normal 0 0 1
    outer loop
      vertex -28.744999999999997 -77.29 13
      vertex -26.77722589674365 -72.41332195206175 13
      vertex -26.929924240491747 -72.27492424049176 13
    endloop
  endfacet
  facet normal 0 0 1
    outer loop
      vertex -28.744999999999997 -77.29 13
      vertex -27.068321952061744 -72.12222589674366 13
      vertex -27.191086185835342 -71.95669748934117 13
    endloop
  endfacet
  facet normal 0 0 1
    outer loop
      vertex -28.744999999999997 -77.29 13
      vertex -27.297034655131544 -71.7799331473346 13
      vertex -27.3851470182737 -71.5936352079667 13
    endloop
  endfacet
  facet normal 0 0 1
    outer loop
      vertex -28.744999999999997 -77.29 13
      vertex -27.191086185835342 -71.95669748934117 13
      vertex -27.297034655131544 -71.7799331473346 13
    endloop
  endfacet
  facet normal 0 0 1
    outer loop
      vertex -28.744999999999997 -77.29 13
      vertex -26.929924240491747 -72.27492424049176 13
      vertex -27.068321952061744 -72.12222589674366 13
    endloop
  endfacet
  facet normal 0 0 1
    outer loop
      vertex -28.744999999999997 -77.29 13
      vertex -27.454574705037636 -71.39959782223438 13
      vertex -27.50464908884678 -71.19968967623387 13
    endloop
  endfacet
  facet normal 0 0 1
    outer loop
      vertex -28.744999999999997 -77.29 13
      vertex -27.50464908884678 -71.19968967623387 13
      vertex -27.53488792601161 -70.99583599469209 13
    endloop
  endfacet
  facet normal 0 0 1
    outer loop
      vertex -28.744999999999997 -77.29 13
      vertex -27.53488792601161 -70.99583599469209 13
      vertex -27.544999999999998 -70.79 13
    endloop
  endfacet
  facet normal 0 0 1
    outer loop
      vertex -28.744999999999997 -77.29 13
      vertex -27.544999999999998 -70.79 13
      vertex -27.53488792601161 -70.58416400530793 13
    endloop
  endfacet
  facet normal 0 0 1
    outer loop
      vertex -28.744999999999997 -77.29 13
      vertex -27.53488792601161 -70.58416400530793 13
      vertex -27.50464908884678 -70.38031032376614 13
    endloop
  endfacet
  facet normal 0 0 1
    outer loop
      vertex -28.744999999999997 -77.29 13
      vertex -27.3851470182737 -71.5936352079667 13
      vertex -27.454574705037636 -71.39959782223438 13
    endloop
  endfacet
  facet normal 0 0 1
    outer loop
      vertex -28.744999999999997 -77.29 13
      vertex -26.434933147334593 -72.64203465513155 13
      vertex -26.61169748934116 -72.53608618583534 13
    endloop
  endfacet
  facet normal 0 0 1
    outer loop
      vertex -28.744999999999997 -77.29 13
      vertex -26.61169748934116 -72.53608618583534 13
      vertex -26.77722589674365 -72.41332195206175 13
    endloop
  endfacet
  facet normal 0 0 1
    outer loop
      vertex -28.744999999999997 -77.29 13
      vertex -26.248635207966686 -72.73014701827371 13
      vertex -26.434933147334593 -72.64203465513155 13
    endloop
  endfacet
  facet normal 0 0 1
    outer loop
      vertex -28.744999999999997 -77.29 13
      vertex -26.054597822234367 -72.79957470503764 13
      vertex -26.248635207966686 -72.73014701827371 13
    endloop
  endfacet
  facet normal 0 0 1
    outer loop
      vertex -28.744999999999997 -77.29 13
      vertex -25.854689676233868 -72.84964908884679 13
      vertex -26.054597822234367 -72.79957470503764 13
    endloop
  endfacet
  facet normal 0 0 1
    outer loop
      vertex -28.744999999999997 -77.29 13
      vertex -25.650835994692073 -72.87988792601162 13
      vertex -25.854689676233868 -72.84964908884679 13
    endloop
  endfacet
  facet normal 0 0 1
    outer loop
      vertex -28.744999999999997 -77.29 13
      vertex -25.035310323766126 -72.84964908884679 13
      vertex -25.23916400530792 -72.87988792601162 13
    endloop
  endfacet
  facet normal 0 0 1
    outer loop
      vertex -28.744999999999997 -77.29 13
      vertex -24.835402177765626 -72.79957470503764 13
      vertex -25.035310323766126 -72.84964908884679 13
    endloop
  endfacet
  facet normal 0 0 1
    outer loop
      vertex -28.744999999999997 -77.29 13
      vertex -24.641364792033308 -72.73014701827371 13
      vertex -24.835402177765626 -72.79957470503764 13
    endloop
  endfacet
  facet normal 0 0 1
    outer loop
      vertex -28.744999999999997 -77.29 13
      vertex -24.4550668526654 -72.64203465513155 13
      vertex -24.641364792033308 -72.73014701827371 13
    endloop
  endfacet
  facet normal 0 0 1
    outer loop
      vertex -28.744999999999997 -77.29 13
      vertex -24.278302510658833 -72.53608618583534 13
      vertex -24.4550668526654 -72.64203465513155 13
    endloop
  endfacet
  facet normal 0 0 1
    outer loop
      vertex -28.744999999999997 -77.29 13
      vertex -24.112774103256342 -72.41332195206175 13
      vertex -24.278302510658833 -72.53608618583534 13
    endloop
  endfacet
  facet normal 0 0 1
    outer loop
      vertex -28.744999999999997 -77.29 13
      vertex -18.04599926659332 -67.14 13
      vertex -24.112774103256342 -72.41332195206175 13
    endloop
  endfacet
  facet normal 0 0 1
    outer loop
      vertex -18.04599926659332 -67.14 13
      vertex -23.960075759508246 -72.27492424049176 13
      vertex -24.112774103256342 -72.41332195206175 13
    endloop
  endfacet
  facet normal 0 0 1
    outer loop
      vertex -18.04599926659332 -67.14 13
      vertex -23.82167804793825 -72.12222589674366 13
      vertex -23.960075759508246 -72.27492424049176 13
    endloop
  endfacet
  facet normal 0 0 1
    outer loop
      vertex -23.344999999999995 -70.79 13
      vertex -21.595 -67.14 13
      vertex -23.355112073988384 -70.58416400530793 13
    endloop
  endfacet
  facet normal 0 0 1
    outer loop
      vertex -23.355112073988384 -70.58416400530793 13
      vertex -21.595 -67.14 13
      vertex -23.385350911153214 -70.38031032376614 13
    endloop
  endfacet
  facet normal 0 0 1
    outer loop
      vertex -23.385350911153214 -70.38031032376614 13
      vertex -21.595 -67.14 13
      vertex -23.435425294962357 -70.18040217776563 13
    endloop
  endfacet
  facet normal 0 0 1
    outer loop
      vertex -24.4550668526654 -68.93796534486846 13
      vertex -24.278302510658833 -69.04391381416467 13
      vertex -21.595 -67.14 13
    endloop
  endfacet
  facet normal 0 0 1
    outer loop
      vertex -24.278302510658833 -69.04391381416467 13
      vertex -24.112774103256342 -69.16667804793826 13
      vertex -21.595 -67.14 13
    endloop
  endfacet
  facet normal 0 0 1
    outer loop
      vertex -23.504852981726295 -69.98636479203331 13
      vertex -21.595 -67.14 13
      vertex -23.59296534486845 -69.80006685266541 13
    endloop
  endfacet
  facet normal 0 0 1
    outer loop
      vertex -23.59296534486845 -69.80006685266541 13
      vertex -21.595 -67.14 13
      vertex -23.69891381416465 -69.62330251065885 13
    endloop
  endfacet
  facet normal 0 0 1
    outer loop
      vertex -23.82167804793825 -69.45777410325636 13
      vertex -21.595 -67.14 13
      vertex -23.960075759508246 -69.30507575950826 13
    endloop
  endfacet
  facet normal 0 0 1
    outer loop
      vertex -24.112774103256342 -69.16667804793826 13
      vertex -23.960075759508246 -69.30507575950826 13
      vertex -21.595 -67.14 13
    endloop
  endfacet
  facet normal 0 0 1
    outer loop
      vertex -23.69891381416465 -69.62330251065885 13
      vertex -21.595 -67.14 13
      vertex -23.82167804793825 -69.45777410325636 13
    endloop
  endfacet
  facet normal 0 0 1
    outer loop
      vertex -23.435425294962357 -70.18040217776563 13
      vertex -21.595 -67.14 13
      vertex -23.504852981726295 -69.98636479203331 13
    endloop
  endfacet
  facet normal 0 0 1
    outer loop
      vertex -18.04599926659332 -67.14 13
      vertex -23.69891381416465 -71.95669748934117 13
      vertex -23.82167804793825 -72.12222589674366 13
    endloop
  endfacet
  facet normal 0 0 1
    outer loop
      vertex -18.04599926659332 -67.14 13
      vertex -23.59296534486845 -71.7799331473346 13
      vertex -23.69891381416465 -71.95669748934117 13
    endloop
  endfacet
  facet normal 0 0 1
    outer loop
      vertex -18.04599926659332 -67.14 13
      vertex -23.504852981726295 -71.5936352079667 13
      vertex -23.59296534486845 -71.7799331473346 13
    endloop
  endfacet
  facet normal 0 0 1
    outer loop
      vertex -18.04599926659332 -67.14 13
      vertex -23.435425294962357 -71.39959782223438 13
      vertex -23.504852981726295 -71.5936352079667 13
    endloop
  endfacet
  facet normal 0 0 1
    outer loop
      vertex -18.04599926659332 -67.14 13
      vertex -23.385350911153214 -71.19968967623387 13
      vertex -23.435425294962357 -71.39959782223438 13
    endloop
  endfacet
  facet normal 0 0 1
    outer loop
      vertex -18.04599926659332 -67.14 13
      vertex -23.355112073988384 -70.99583599469209 13
      vertex -23.385350911153214 -71.19968967623387 13
    endloop
  endfacet
  facet normal 0 0 1
    outer loop
      vertex -18.04599926659332 -67.14 13
      vertex -23.344999999999995 -70.79 13
      vertex -23.355112073988384 -70.99583599469209 13
    endloop
  endfacet
  facet normal 0 0 1
    outer loop
      vertex -18.04599926659332 -67.14 13
      vertex -21.595 -67.14 13
      vertex -23.344999999999995 -70.79 13
    endloop
  endfacet
  facet normal 0 0 -1
    outer loop
      vertex -29.244999999999997 -77.79 11.4
      vertex -29.244999999999997 -22.75 11.4
      vertex -26.594999999999995 -70.79 11.4
    endloop
  endfacet
  facet normal 0 0 -1
    outer loop
      vertex -29.244999999999997 -22.75 11.4
      vertex -26.589462435673024 -70.677280288621 11.4
      vertex -26.594999999999995 -70.79 11.4
    endloop
  endfacet
  facet normal 0 0 -1
    outer loop
      vertex -29.244999999999997 -22.75 11.4
      vertex -26.57290307246371 -70.56564612968145 11.4
      vertex -26.589462435673024 -70.677280288621 11.4
    endloop
  endfacet
  facet normal 0 0 -1
    outer loop
      vertex -29.244999999999997 -22.75 11.4
      vertex -26.545481386092035 -70.45617262115738 11.4
      vertex -26.57290307246371 -70.56564612968145 11.4
    endloop
  endfacet
  facet normal 0 0 -1
    outer loop
      vertex -29.244999999999997 -22.75 11.4
      vertex -26.507461462387976 -70.34991405278015 11.4
      vertex -26.545481386092035 -70.45617262115738 11.4
    endloop
  endfacet
  facet normal 0 0 -1
    outer loop
      vertex -29.244999999999997 -22.75 11.4
      vertex -26.459209454000604 -70.24789375265011 11.4
      vertex -26.507461462387976 -70.34991405278015 11.4
    endloop
  endfacet
  facet normal 0 0 -1
    outer loop
      vertex -29.244999999999997 -22.75 11.4
      vertex -26.401190054147925 -70.15109423202746 11.4
      vertex -26.459209454000604 -70.24789375265011 11.4
    endloop
  endfacet
  facet normal 0 0 -1
    outer loop
      vertex -29.244999999999997 -22.75 11.4
      vertex -26.333962021367146 -70.06044772321181 11.4
      vertex -26.401190054147925 -70.15109423202746 11.4
    endloop
  endfacet
  facet normal 0 0 -1
    outer loop
      vertex -29.244999999999997 -22.75 11.4
      vertex -26.258172798364527 -69.97682720163547 11.4
      vertex -26.333962021367146 -70.06044772321181 11.4
    endloop
  endfacet
  facet normal 0 0 -1
    outer loop
      vertex -29.244999999999997 -22.75 11.4
      vertex -26.174552276788187 -69.90103797863286 11.4
      vertex -26.258172798364527 -69.97682720163547 11.4
    endloop
  endfacet
  facet normal 0 0 -1
    outer loop
      vertex -29.244999999999997 -22.75 11.4
      vertex -26.08390576797254 -69.83380994585208 11.4
      vertex -26.174552276788187 -69.90103797863286 11.4
    endloop
  endfacet
  facet normal 0 0 -1
    outer loop
      vertex -29.244999999999997 -22.75 11.4
      vertex -25.987106247349892 -69.7757905459994 11.4
      vertex -26.08390576797254 -69.83380994585208 11.4
    endloop
  endfacet
  facet normal 0 0 -1
    outer loop
      vertex -29.244999999999997 -22.75 11.4
      vertex -25.88508594721985 -69.72753853761202 11.4
      vertex -25.987106247349892 -69.7757905459994 11.4
    endloop
  endfacet
  facet normal 0 0 -1
    outer loop
      vertex -29.244999999999997 -22.75 11.4
      vertex -25.778827378842628 -69.68951861390796 11.4
      vertex -25.88508594721985 -69.72753853761202 11.4
    endloop
  endfacet
  facet normal 0 0 -1
    outer loop
      vertex -29.244999999999997 -22.75 11.4
      vertex -25.669353870318545 -69.6620969275363 11.4
      vertex -25.778827378842628 -69.68951861390796 11.4
    endloop
  endfacet
  facet normal 0 0 -1
    outer loop
      vertex -29.244999999999997 -22.75 11.4
      vertex -25.55771971137899 -69.64553756432699 11.4
      vertex -25.669353870318545 -69.6620969275363 11.4
    endloop
  endfacet
  facet normal 0 0 -1
    outer loop
      vertex -29.244999999999997 -22.75 11.4
      vertex -25.444999999999997 -69.64 11.4
      vertex -25.55771971137899 -69.64553756432699 11.4
    endloop
  endfacet
  facet normal 0 0 -1
    outer loop
      vertex -29.244999999999997 -22.75 11.4
      vertex -25.332280288621003 -69.64553756432699 11.4
      vertex -25.444999999999997 -69.64 11.4
    endloop
  endfacet
  facet normal 0 0 -1
    outer loop
      vertex -29.244999999999997 -22.75 11.4
      vertex -25.111172621157365 -69.68951861390796 11.4
      vertex -25.220646129681448 -69.6620969275363 11.4
    endloop
  endfacet
  facet normal 0 0 -1
    outer loop
      vertex -29.244999999999997 -22.75 11.4
      vertex -25.220646129681448 -69.6620969275363 11.4
      vertex -25.332280288621003 -69.64553756432699 11.4
    endloop
  endfacet
  facet normal 0 0 -1
    outer loop
      vertex -29.244999999999997 -22.75 11.4
      vertex -25.004914052780144 -69.72753853761202 11.4
      vertex -25.111172621157365 -69.68951861390796 11.4
    endloop
  endfacet
  facet normal 0 0 -1
    outer loop
      vertex -29.244999999999997 -22.75 11.4
      vertex -24.9028937526501 -69.7757905459994 11.4
      vertex -25.004914052780144 -69.72753853761202 11.4
    endloop
  endfacet
  facet normal 0 0 -1
    outer loop
      vertex -29.244999999999997 -22.75 11.4
      vertex -24.806094232027455 -69.83380994585208 11.4
      vertex -24.9028937526501 -69.7757905459994 11.4
    endloop
  endfacet
  facet normal 0 0 -1
    outer loop
      vertex -29.244999999999997 -22.75 11.4
      vertex -23.044999999999998 -68.59 11.4
      vertex -24.806094232027455 -69.83380994585208 11.4
    endloop
  endfacet
  facet normal -1 0 0
    outer loop
      vertex -29.244999999999997 -77.79 11.4
      vertex -29.244999999999997 -77.79 12.5
      vertex -29.244999999999997 -22.75 11.4
    endloop
  endfacet
  facet normal -0.7071067811865476 0 0.7071067811865476
    outer loop
      vertex -29.244999999999997 -77.79 12.5
      vertex -28.744999999999997 -77.29 13
      vertex -29.244999999999997 -22.75 12.5
    endloop
  endfacet
  facet normal 0 0 1
    outer loop
      vertex -28.744999999999997 -77.29 13
      vertex -27.50464908884678 -70.38031032376614 13
      vertex -27.50464908884678 -26.459689676233875 13
    endloop
  endfacet
  facet normal 0 0 1
    outer loop
      vertex -26.929924240491747 -69.30507575950826 13
      vertex -26.77722589674365 -69.16667804793826 13
      vertex -21.595 -41.94583333333333 13
    endloop
  endfacet
  facet normal 0 0 1
    outer loop
      vertex -26.77722589674365 -69.16667804793826 13
      vertex -26.61169748934116 -69.04391381416467 13
      vertex -21.595 -41.94583333333333 13
    endloop
  endfacet
  facet normal 0 0 1
    outer loop
      vertex -26.61169748934116 -69.04391381416467 13
      vertex -26.434933147334593 -68.93796534486846 13
      vertex -21.595 -41.94583333333333 13
    endloop
  endfacet
  facet normal 0 0 1
    outer loop
      vertex -26.434933147334593 -68.93796534486846 13
      vertex -26.248635207966686 -68.8498529817263 13
      vertex -21.595 -41.94583333333333 13
    endloop
  endfacet
  facet normal 0 0 1
    outer loop
      vertex -26.248635207966686 -68.8498529817263 13
      vertex -26.054597822234367 -68.78042529496237 13
      vertex -21.595 -41.94583333333333 13
    endloop
  endfacet
  facet normal 0 0 1
    outer loop
      vertex -26.054597822234367 -68.78042529496237 13
      vertex -25.854689676233868 -68.73035091115322 13
      vertex -21.595 -41.94583333333333 13
    endloop
  endfacet
  facet normal 0 0 1
    outer loop
      vertex -25.854689676233868 -68.73035091115322 13
      vertex -25.650835994692073 -68.7001120739884 13
      vertex -21.595 -41.94583333333333 13
    endloop
  endfacet
  facet normal 0 0 1
    outer loop
      vertex -25.650835994692073 -68.7001120739884 13
      vertex -25.444999999999997 -68.69000000000001 13
      vertex -21.595 -41.94583333333333 13
    endloop
  endfacet
  facet normal 0 0 1
    outer loop
      vertex -25.444999999999997 -68.69000000000001 13
      vertex -25.23916400530792 -68.7001120739884 13
      vertex -21.595 -41.94583333333333 13
    endloop
  endfacet
  facet normal 0 0 1
    outer loop
      vertex -25.23916400530792 -68.7001120739884 13
      vertex -25.035310323766126 -68.73035091115322 13
      vertex -21.595 -41.94583333333333 13
    endloop
  endfacet
  facet normal 0 0 1
    outer loop
      vertex -25.035310323766126 -68.73035091115322 13
      vertex -24.835402177765626 -68.78042529496237 13
      vertex -21.595 -41.94583333333333 13
    endloop
  endfacet
  facet normal 0 0 1
    outer loop
      vertex -24.835402177765626 -68.78042529496237 13
      vertex -24.641364792033308 -68.8498529817263 13
      vertex -21.595 -41.94583333333333 13
    endloop
  endfacet
  facet normal 0 0 1
    outer loop
      vertex -24.641364792033308 -68.8498529817263 13
      vertex -24.4550668526654 -68.93796534486846 13
      vertex -21.595 -41.94583333333333 13
    endloop
  endfacet
  facet normal 0 0 1
    outer loop
      vertex -24.4550668526654 -68.93796534486846 13
      vertex -21.595 -67.14 13
      vertex -21.595 -41.94583333333333 13
    endloop
  endfacet
  facet normal 0 0 1
    outer loop
      vertex -27.454574705037636 -70.18040217776563 13
      vertex -27.50464908884678 -26.459689676233875 13
      vertex -27.50464908884678 -70.38031032376614 13
    endloop
  endfacet
  facet normal 0 0 1
    outer loop
      vertex -27.3851470182737 -69.98636479203331 13
      vertex -27.454574705037636 -26.659597822234375 13
      vertex -27.454574705037636 -70.18040217776563 13
    endloop
  endfacet
  facet normal 0 0 1
    outer loop
      vertex -27.297034655131544 -69.80006685266541 13
      vertex -27.3851470182737 -26.853635207966693 13
      vertex -27.3851470182737 -69.98636479203331 13
    endloop
  endfacet
  facet normal 0 0 1
    outer loop
      vertex -27.191086185835342 -69.62330251065885 13
      vertex -27.297034655131544 -27.0399331473346 13
      vertex -27.297034655131544 -69.80006685266541 13
    endloop
  endfacet
  facet normal 0 0 1
    outer loop
      vertex -27.068321952061744 -69.45777410325636 13
      vertex -27.191086185835342 -27.21669748934117 13
      vertex -27.191086185835342 -69.62330251065885 13
    endloop
  endfacet
  facet normal 0 0 1
    outer loop
      vertex -26.929924240491747 -69.30507575950826 13
      vertex -27.068321952061744 -27.38222589674366 13
      vertex -27.068321952061744 -69.45777410325636 13
    endloop
  endfacet
  facet normal 0 0 -1
    outer loop
      vertex -29.244999999999997 -77.79 11.4
      vertex -22.444999999999997 -70.44 11.4
      vertex 22.444999999999997 -70.44 11.4
    endloop
  endfacet
  facet normal 0 0 -1
    outer loop
      vertex -22.444999999999997 -68.94 11.4
      vertex -23.044999999999998 -68.59 11.4
      vertex 23.044999999999998 -68.59 11.4
    endloop
  endfacet
  facet normal 0 -1 0
    outer loop
      vertex -29.244999999999997 -77.79 11.4
      vertex 29.244999999999997 -77.79 11.4
      vertex -29.244999999999997 -77.79 12.5
    endloop
  endfacet
  facet normal 0 -0.7071067811865476 0.7071067811865476
    outer loop
      vertex -29.244999999999997 -77.79 12.5
      vertex 29.244999999999997 -77.79 12.5
      vertex -28.744999999999997 -77.29 13
    endloop
  endfacet
  facet normal 0 0 1
    outer loop
      vertex -28.744999999999997 -77.29 13
      vertex 28.744999999999997 -77.29 13
      vertex -18.04599926659332 -67.14 13
    endloop
  endfacet
  facet normal 0 0 -1
    outer loop
      vertex -29.244999999999997 -22.75 11.4
      vertex -26.589462435673024 -26.162719711378998 11.4
      vertex -23.044999999999998 -68.59 11.4
    endloop
  endfacet
  facet normal 0 0 -1
    outer loop
      vertex -23.044999999999998 -68.59 11.4
      vertex -25.669353870318545 -27.17790307246372 11.4
      vertex -23.044999999999998 -30.18166666666664 11.4
    endloop
  endfacet
  facet normal 0 0 -1
    outer loop
      vertex -23.044999999999998 -68.59 11.4
      vertex -26.174552276788187 -26.938962021367153 11.4
      vertex -26.08390576797254 -27.006190054147932 11.4
    endloop
  endfacet
  facet normal 0 0 -1
    outer loop
      vertex -23.044999999999998 -68.59 11.4
      vertex -26.08390576797254 -27.006190054147932 11.4
      vertex -25.987106247349892 -27.06420945400061 11.4
    endloop
  endfacet
  facet normal 0 0 -1
    outer loop
      vertex -23.044999999999998 -68.59 11.4
      vertex -25.987106247349892 -27.06420945400061 11.4
      vertex -25.88508594721985 -27.112461462387984 11.4
    endloop
  endfacet
  facet normal 0 0 -1
    outer loop
      vertex -23.044999999999998 -68.59 11.4
      vertex -25.88508594721985 -27.112461462387984 11.4
      vertex -25.778827378842628 -27.150481386092043 11.4
    endloop
  endfacet
  facet normal 0 0 -1
    outer loop
      vertex -23.044999999999998 -68.59 11.4
      vertex -25.778827378842628 -27.150481386092043 11.4
      vertex -25.669353870318545 -27.17790307246372 11.4
    endloop
  endfacet
  facet normal 0 0 -1
    outer loop
      vertex -23.044999999999998 -68.59 11.4
      vertex -26.545481386092035 -26.383827378842636 11.4
      vertex -26.507461462387976 -26.490085947219857 11.4
    endloop
  endfacet
  facet normal 0 0 -1
    outer loop
      vertex -23.044999999999998 -68.59 11.4
      vertex -26.57290307246371 -26.274353870318553 11.4
      vertex -26.545481386092035 -26.383827378842636 11.4
    endloop
  endfacet
  facet normal 0 0 -1
    outer loop
      vertex -23.044999999999998 -68.59 11.4
      vertex -26.401190054147925 -26.688905767972546 11.4
      vertex -26.333962021367146 -26.779552276788195 11.4
    endloop
  endfacet
  facet normal 0 0 -1
    outer loop
      vertex -23.044999999999998 -68.59 11.4
      vertex -26.459209454000604 -26.5921062473499 11.4
      vertex -26.401190054147925 -26.688905767972546 11.4
    endloop
  endfacet
  facet normal 0 0 -1
    outer loop
      vertex -23.044999999999998 -68.59 11.4
      vertex -26.333962021367146 -26.779552276788195 11.4
      vertex -26.258172798364527 -26.863172798364534 11.4
    endloop
  endfacet
  facet normal 0 0 -1
    outer loop
      vertex -23.044999999999998 -68.59 11.4
      vertex -26.258172798364527 -26.863172798364534 11.4
      vertex -26.174552276788187 -26.938962021367153 11.4
    endloop
  endfacet
  facet normal 0 0 -1
    outer loop
      vertex -23.044999999999998 -68.59 11.4
      vertex -26.507461462387976 -26.490085947219857 11.4
      vertex -26.459209454000604 -26.5921062473499 11.4
    endloop
  endfacet
  facet normal 0 0 -1
    outer loop
      vertex -23.044999999999998 -68.59 11.4
      vertex -26.589462435673024 -26.162719711378998 11.4
      vertex -26.57290307246371 -26.274353870318553 11.4
    endloop
  endfacet
  facet normal 0 0 1
    outer loop
      vertex -26.929924240491747 -69.30507575950826 13
      vertex -21.595 -41.94583333333333 13
      vertex -26.77722589674365 -27.67332195206175 13
    endloop
  endfacet
  facet normal -1 0 0
    outer loop
      vertex -29.244999999999997 -77.79 12.5
      vertex -29.244999999999997 -22.75 12.5
      vertex -29.244999999999997 -22.75 11.4
    endloop
  endfacet
  facet normal 0 0 1
    outer loop
      vertex -28.744999999999997 -77.29 13
      vertex -27.544999999999998 -26.050000000000004 13
      vertex -28.744999999999997 -22.75 13
    endloop
  endfacet
  facet normal 0 0 1
    outer loop
      vertex -28.744999999999997 -77.29 13
      vertex -27.50464908884678 -26.459689676233875 13
      vertex -27.53488792601161 -26.25583599469208 13
    endloop
  endfacet
  facet normal 0 0 1
    outer loop
      vertex -28.744999999999997 -77.29 13
      vertex -27.53488792601161 -26.25583599469208 13
      vertex -27.544999999999998 -26.050000000000004 13
    endloop
  endfacet
  facet normal -0.7071067811865476 0 0.7071067811865476
    outer loop
      vertex -28.744999999999997 -77.29 13
      vertex -28.744999999999997 -22.75 13
      vertex -29.244999999999997 -22.75 12.5
    endloop
  endfacet
  facet normal 0 0 1
    outer loop
      vertex -27.454574705037636 -70.18040217776563 13
      vertex -27.454574705037636 -26.659597822234375 13
      vertex -27.50464908884678 -26.459689676233875 13
    endloop
  endfacet
  facet normal 0 0 1
    outer loop
      vertex -27.191086185835342 -69.62330251065885 13
      vertex -27.191086185835342 -27.21669748934117 13
      vertex -27.297034655131544 -27.0399331473346 13
    endloop
  endfacet
  facet normal 0 0 1
    outer loop
      vertex -27.068321952061744 -69.45777410325636 13
      vertex -27.068321952061744 -27.38222589674366 13
      vertex -27.191086185835342 -27.21669748934117 13
    endloop
  endfacet
  facet normal 0 0 1
    outer loop
      vertex -26.929924240491747 -69.30507575950826 13
      vertex -26.929924240491747 -27.534924240491755 13
      vertex -27.068321952061744 -27.38222589674366 13
    endloop
  endfacet
  facet normal 0 0 1
    outer loop
      vertex -27.3851470182737 -69.98636479203331 13
      vertex -27.3851470182737 -26.853635207966693 13
      vertex -27.454574705037636 -26.659597822234375 13
    endloop
  endfacet
  facet normal 0 0 1
    outer loop
      vertex -27.297034655131544 -69.80006685266541 13
      vertex -27.297034655131544 -27.0399331473346 13
      vertex -27.3851470182737 -26.853635207966693 13
    endloop
  endfacet
  facet normal 0 0 1
    outer loop
      vertex -26.929924240491747 -69.30507575950826 13
      vertex -26.77722589674365 -27.67332195206175 13
      vertex -26.929924240491747 -27.534924240491755 13
    endloop
  endfacet
  facet normal 0 0 -1
    outer loop
      vertex -29.244999999999997 -22.75 11.4
      vertex -26.594999999999995 -26.050000000000004 11.4
      vertex -26.589462435673024 -26.162719711378998 11.4
    endloop
  endfacet
  facet normal 0 0 -1
    outer loop
      vertex -29.244999999999997 -22.75 11.4
      vertex -26.589462435673024 -25.93728028862101 11.4
      vertex -26.594999999999995 -26.050000000000004 11.4
    endloop
  endfacet
  facet normal 0 0 -1
    outer loop
      vertex -29.244999999999997 -22.75 11.4
      vertex -26.57290307246371 -25.825646129681456 11.4
      vertex -26.589462435673024 -25.93728028862101 11.4
    endloop
  endfacet
  facet normal 0 0 -1
    outer loop
      vertex -29.244999999999997 -22.75 11.4
      vertex -26.545481386092035 -25.716172621157373 11.4
      vertex -26.57290307246371 -25.825646129681456 11.4
    endloop
  endfacet
  facet normal 0 0 -1
    outer loop
      vertex -29.244999999999997 -22.75 11.4
      vertex -26.507461462387976 -25.60991405278015 11.4
      vertex -26.545481386092035 -25.716172621157373 11.4
    endloop
  endfacet
  facet normal 0 0 -1
    outer loop
      vertex -29.244999999999997 -22.75 11.4
      vertex -26.459209454000604 -25.50789375265011 11.4
      vertex -26.507461462387976 -25.60991405278015 11.4
    endloop
  endfacet
  facet normal 0 0 -1
    outer loop
      vertex -29.244999999999997 -22.75 11.4
      vertex -26.401190054147925 -25.411094232027462 11.4
      vertex -26.459209454000604 -25.50789375265011 11.4
    endloop
  endfacet
  facet normal 0 0 -1
    outer loop
      vertex -29.244999999999997 -22.75 11.4
      vertex -26.333962021367146 -25.320447723211814 11.4
      vertex -26.401190054147925 -25.411094232027462 11.4
    endloop
  endfacet
  facet normal 0 0 -1
    outer loop
      vertex -29.244999999999997 -22.75 11.4
      vertex -26.258172798364527 -25.236827201635474 11.4
      vertex -26.333962021367146 -25.320447723211814 11.4
    endloop
  endfacet
  facet normal 0 0 -1
    outer loop
      vertex -29.244999999999997 -22.75 11.4
      vertex -26.174552276788187 -25.161037978632855 11.4
      vertex -26.258172798364527 -25.236827201635474 11.4
    endloop
  endfacet
  facet normal 0 0 -1
    outer loop
      vertex -29.244999999999997 -22.75 11.4
      vertex -26.08390576797254 -25.093809945852076 11.4
      vertex -26.174552276788187 -25.161037978632855 11.4
    endloop
  endfacet
  facet normal 0 0 -1
    outer loop
      vertex -29.244999999999997 -22.75 11.4
      vertex -25.987106247349892 -25.035790545999397 11.4
      vertex -26.08390576797254 -25.093809945852076 11.4
    endloop
  endfacet
  facet normal 0 0 -1
    outer loop
      vertex -29.244999999999997 -22.75 11.4
      vertex -25.88508594721985 -24.987538537612025 11.4
      vertex -25.987106247349892 -25.035790545999397 11.4
    endloop
  endfacet
  facet normal 0 0 -1
    outer loop
      vertex -29.244999999999997 -22.75 11.4
      vertex -23.044999999999998 -22.75 11.4
      vertex -25.88508594721985 -24.987538537612025 11.4
    endloop
  endfacet
  facet normal 0 0 -1
    outer loop
      vertex -23.044999999999998 -30.18166666666664 11.4
      vertex -25.669353870318545 -27.17790307246372 11.4
      vertex -25.55771971137899 -27.19446243567303 11.4
    endloop
  endfacet
  facet normal 0 0 -1
    outer loop
      vertex -23.044999999999998 -30.18166666666664 11.4
      vertex -25.55771971137899 -27.19446243567303 11.4
      vertex -25.444999999999997 -27.200000000000003 11.4
    endloop
  endfacet
  facet normal 0 0 -1
    outer loop
      vertex -23.044999999999998 -30.18166666666664 11.4
      vertex -25.444999999999997 -27.200000000000003 11.4
      vertex -25.332280288621003 -27.19446243567303 11.4
    endloop
  endfacet
  facet normal 0 0 -1
    outer loop
      vertex -23.044999999999998 -30.18166666666664 11.4
      vertex -25.332280288621003 -27.19446243567303 11.4
      vertex -25.220646129681448 -27.17790307246372 11.4
    endloop
  endfacet
  facet normal 0 0 -1
    outer loop
      vertex -23.044999999999998 -30.18166666666664 11.4
      vertex -25.220646129681448 -27.17790307246372 11.4
      vertex -25.111172621157365 -27.150481386092043 11.4
    endloop
  endfacet
  facet normal 0 0 -1
    outer loop
      vertex -23.044999999999998 -30.18166666666664 11.4
      vertex -25.111172621157365 -27.150481386092043 11.4
      vertex -25.004914052780144 -27.112461462387984 11.4
    endloop
  endfacet
  facet normal 0 0 -1
    outer loop
      vertex -23.044999999999998 -30.18166666666664 11.4
      vertex -25.004914052780144 -27.112461462387984 11.4
      vertex -24.9028937526501 -27.06420945400061 11.4
    endloop
  endfacet
  facet normal 0 0 -1
    outer loop
      vertex -23.044999999999998 -30.18166666666664 11.4
      vertex -24.9028937526501 -27.06420945400061 11.4
      vertex -24.806094232027455 -27.006190054147932 11.4
    endloop
  endfacet
  facet normal 0 0 -1
    outer loop
      vertex -23.044999999999998 -30.18166666666664 11.4
      vertex -24.806094232027455 -27.006190054147932 11.4
      vertex -24.715447723211806 -26.938962021367153 11.4
    endloop
  endfacet
  facet normal 0 0 -1
    outer loop
      vertex -23.044999999999998 -30.18166666666664 11.4
      vertex -24.715447723211806 -26.938962021367153 11.4
      vertex -24.631827201635467 -26.863172798364534 11.4
    endloop
  endfacet
  facet normal 0 0 -1
    outer loop
      vertex -23.044999999999998 -30.18166666666664 11.4
      vertex -24.631827201635467 -26.863172798364534 11.4
      vertex -24.556037978632848 -26.779552276788195 11.4
    endloop
  endfacet
  facet normal 0 0 -1
    outer loop
      vertex -23.044999999999998 -30.18166666666664 11.4
      vertex -24.556037978632848 -26.779552276788195 11.4
      vertex -24.48880994585207 -26.688905767972546 11.4
    endloop
  endfacet
  facet normal 0 0 -1
    outer loop
      vertex -23.044999999999998 -30.18166666666664 11.4
      vertex -24.48880994585207 -26.688905767972546 11.4
      vertex -24.43079054599939 -26.5921062473499 11.4
    endloop
  endfacet
  facet normal 0 0 -1
    outer loop
      vertex -23.044999999999998 -30.18166666666664 11.4
      vertex -24.43079054599939 -26.5921062473499 11.4
      vertex -24.382538537612017 -26.490085947219857 11.4
    endloop
  endfacet
  facet normal 0 0 -1
    outer loop
      vertex -23.044999999999998 -30.18166666666664 11.4
      vertex -24.382538537612017 -26.490085947219857 11.4
      vertex -24.344518613907958 -26.383827378842636 11.4
    endloop
  endfacet
  facet normal 0 0 -1
    outer loop
      vertex -23.044999999999998 -30.18166666666664 11.4
      vertex -24.344518613907958 -26.383827378842636 11.4
      vertex -24.317096927536284 -26.274353870318553 11.4
    endloop
  endfacet
  facet normal 0 0 -1
    outer loop
      vertex -23.044999999999998 -30.18166666666664 11.4
      vertex -24.317096927536284 -26.274353870318553 11.4
      vertex -24.30053756432697 -26.162719711378998 11.4
    endloop
  endfacet
  facet normal 0 0 -1
    outer loop
      vertex -23.044999999999998 -30.18166666666664 11.4
      vertex -24.30053756432697 -26.162719711378998 11.4
      vertex -24.294999999999998 -26.050000000000004 11.4
    endloop
  endfacet
  facet normal 0 0 -1
    outer loop
      vertex -23.044999999999998 -30.18166666666664 11.4
      vertex -24.294999999999998 -26.050000000000004 11.4
      vertex -24.30053756432697 -25.93728028862101 11.4
    endloop
  endfacet
  facet normal 0 0 -1
    outer loop
      vertex -23.044999999999998 -30.18166666666664 11.4
      vertex -24.30053756432697 -25.93728028862101 11.4
      vertex -24.317096927536284 -25.825646129681456 11.4
    endloop
  endfacet
  facet normal 0 0 -1
    outer loop
      vertex -23.044999999999998 -30.18166666666664 11.4
      vertex -24.317096927536284 -25.825646129681456 11.4
      vertex -24.344518613907958 -25.716172621157373 11.4
    endloop
  endfacet
  facet normal 0 0 -1
    outer loop
      vertex -23.044999999999998 -22.75 11.4
      vertex -23.044999999999998 -30.18166666666664 11.4
      vertex -24.344518613907958 -25.716172621157373 11.4
    endloop
  endfacet
  facet normal 0 0 -1
    outer loop
      vertex -23.044999999999998 -22.75 11.4
      vertex -24.48880994585207 -25.411094232027462 11.4
      vertex -24.556037978632848 -25.320447723211814 11.4
    endloop
  endfacet
  facet normal 0 0 -1
    outer loop
      vertex -23.044999999999998 -22.75 11.4
      vertex -24.344518613907958 -25.716172621157373 11.4
      vertex -24.382538537612017 -25.60991405278015 11.4
    endloop
  endfacet
  facet normal 0 0 -1
    outer loop
      vertex -23.044999999999998 -22.75 11.4
      vertex -24.382538537612017 -25.60991405278015 11.4
      vertex -24.43079054599939 -25.50789375265011 11.4
    endloop
  endfacet
  facet normal 0 0 -1
    outer loop
      vertex -23.044999999999998 -22.75 11.4
      vertex -24.43079054599939 -25.50789375265011 11.4
      vertex -24.48880994585207 -25.411094232027462 11.4
    endloop
  endfacet
  facet normal 0 0 -1
    outer loop
      vertex -23.044999999999998 -22.75 11.4
      vertex -25.778827378842628 -24.949518613907966 11.4
      vertex -25.88508594721985 -24.987538537612025 11.4
    endloop
  endfacet
  facet normal 0 0 -1
    outer loop
      vertex -23.044999999999998 -22.75 11.4
      vertex -25.669353870318545 -24.922096927536288 11.4
      vertex -25.778827378842628 -24.949518613907966 11.4
    endloop
  endfacet
  facet normal 0 0 -1
    outer loop
      vertex -23.044999999999998 -22.75 11.4
      vertex -25.55771971137899 -24.905537564326977 11.4
      vertex -25.669353870318545 -24.922096927536288 11.4
    endloop
  endfacet
  facet normal 0 0 -1
    outer loop
      vertex -23.044999999999998 -22.75 11.4
      vertex -25.444999999999997 -24.900000000000006 11.4
      vertex -25.55771971137899 -24.905537564326977 11.4
    endloop
  endfacet
  facet normal 0 0 -1
    outer loop
      vertex -23.044999999999998 -22.75 11.4
      vertex -25.332280288621003 -24.905537564326977 11.4
      vertex -25.444999999999997 -24.900000000000006 11.4
    endloop
  endfacet
  facet normal 0 0 -1
    outer loop
      vertex -23.044999999999998 -22.75 11.4
      vertex -25.220646129681448 -24.922096927536288 11.4
      vertex -25.332280288621003 -24.905537564326977 11.4
    endloop
  endfacet
  facet normal 0 0 -1
    outer loop
      vertex -23.044999999999998 -22.75 11.4
      vertex -25.111172621157365 -24.949518613907966 11.4
      vertex -25.220646129681448 -24.922096927536288 11.4
    endloop
  endfacet
  facet normal 0 0 -1
    outer loop
      vertex -23.044999999999998 -22.75 11.4
      vertex -24.9028937526501 -25.035790545999397 11.4
      vertex -25.004914052780144 -24.987538537612025 11.4
    endloop
  endfacet
  facet normal 0 0 -1
    outer loop
      vertex -23.044999999999998 -22.75 11.4
      vertex -24.806094232027455 -25.093809945852076 11.4
      vertex -24.9028937526501 -25.035790545999397 11.4
    endloop
  endfacet
  facet normal 0 0 -1
    outer loop
      vertex -23.044999999999998 -22.75 11.4
      vertex -25.004914052780144 -24.987538537612025 11.4
      vertex -25.111172621157365 -24.949518613907966 11.4
    endloop
  endfacet
  facet normal 0 0 -1
    outer loop
      vertex -23.044999999999998 -22.75 11.4
      vertex -24.631827201635467 -25.236827201635474 11.4
      vertex -24.715447723211806 -25.161037978632855 11.4
    endloop
  endfacet
  facet normal 0 0 -1
    outer loop
      vertex -23.044999999999998 -22.75 11.4
      vertex -24.715447723211806 -25.161037978632855 11.4
      vertex -24.806094232027455 -25.093809945852076 11.4
    endloop
  endfacet
  facet normal 0 0 -1
    outer loop
      vertex -23.044999999999998 -22.75 11.4
      vertex -24.556037978632848 -25.320447723211814 11.4
      vertex -24.631827201635467 -25.236827201635474 11.4
    endloop
  endfacet
  facet normal 0 0 1
    outer loop
      vertex -21.595 -41.94583333333333 13
      vertex -26.61169748934116 -27.79608618583535 13
      vertex -26.77722589674365 -27.67332195206175 13
    endloop
  endfacet
  facet normal 0 0 1
    outer loop
      vertex -21.595 -41.94583333333333 13
      vertex -26.434933147334593 -27.90203465513155 13
      vertex -26.61169748934116 -27.79608618583535 13
    endloop
  endfacet
  facet normal 0 0 1
    outer loop
      vertex -21.595 -41.94583333333333 13
      vertex -26.248635207966686 -27.990147018273706 13
      vertex -26.434933147334593 -27.90203465513155 13
    endloop
  endfacet
  facet normal 0 0 1
    outer loop
      vertex -21.595 -41.94583333333333 13
      vertex -26.054597822234367 -28.059574705037644 13
      vertex -26.248635207966686 -27.990147018273706 13
    endloop
  endfacet
  facet normal 0 0 1
    outer loop
      vertex -21.595 -41.94583333333333 13
      vertex -25.854689676233868 -28.109649088846787 13
      vertex -26.054597822234367 -28.059574705037644 13
    endloop
  endfacet
  facet normal 0 0 1
    outer loop
      vertex -21.595 -41.94583333333333 13
      vertex -25.650835994692073 -28.139887926011617 13
      vertex -25.854689676233868 -28.109649088846787 13
    endloop
  endfacet
  facet normal 0 0 1
    outer loop
      vertex -21.595 -41.94583333333333 13
      vertex -25.444999999999997 -28.150000000000006 13
      vertex -25.650835994692073 -28.139887926011617 13
    endloop
  endfacet
  facet normal 0 0 1
    outer loop
      vertex -21.595 -41.94583333333333 13
      vertex -25.23916400530792 -28.139887926011617 13
      vertex -25.444999999999997 -28.150000000000006 13
    endloop
  endfacet
  facet normal 0 0 1
    outer loop
      vertex -21.595 -41.94583333333333 13
      vertex -25.035310323766126 -28.109649088846787 13
      vertex -25.23916400530792 -28.139887926011617 13
    endloop
  endfacet
  facet normal 0 0 1
    outer loop
      vertex -21.595 -41.94583333333333 13
      vertex -24.835402177765626 -28.059574705037644 13
      vertex -25.035310323766126 -28.109649088846787 13
    endloop
  endfacet
  facet normal 0 0 1
    outer loop
      vertex -21.595 -41.94583333333333 13
      vertex -24.641364792033308 -27.990147018273706 13
      vertex -24.835402177765626 -28.059574705037644 13
    endloop
  endfacet
  facet normal 0 0 1
    outer loop
      vertex -21.595 -41.94583333333333 13
      vertex -24.4550668526654 -27.90203465513155 13
      vertex -24.641364792033308 -27.990147018273706 13
    endloop
  endfacet
  facet normal 0 0 1
    outer loop
      vertex -21.595 -41.94583333333333 13
      vertex -24.278302510658833 -27.79608618583535 13
      vertex -24.4550668526654 -27.90203465513155 13
    endloop
  endfacet
  facet normal 0 0 1
    outer loop
      vertex -21.595 -41.94583333333333 13
      vertex -24.112774103256342 -27.67332195206175 13
      vertex -24.278302510658833 -27.79608618583535 13
    endloop
  endfacet
  facet normal 0 0 1
    outer loop
      vertex -21.595 -41.94583333333333 13
      vertex -23.960075759508246 -27.534924240491755 13
      vertex -24.112774103256342 -27.67332195206175 13
    endloop
  endfacet
  facet normal 0 0 1
    outer loop
      vertex -21.595 -41.94583333333333 13
      vertex -23.82167804793825 -27.38222589674366 13
      vertex -23.960075759508246 -27.534924240491755 13
    endloop
  endfacet
  facet normal 0 0 1
    outer loop
      vertex -21.595 -41.94583333333333 13
      vertex -23.69891381416465 -27.21669748934117 13
      vertex -23.82167804793825 -27.38222589674366 13
    endloop
  endfacet
  facet normal 0 0 1
    outer loop
      vertex -21.595 -41.94583333333333 13
      vertex -23.59296534486845 -27.0399331473346 13
      vertex -23.69891381416465 -27.21669748934117 13
    endloop
  endfacet
  facet normal 0 0 1
    outer loop
      vertex -21.595 -41.94583333333333 13
      vertex -23.504852981726295 -26.853635207966693 13
      vertex -23.59296534486845 -27.0399331473346 13
    endloop
  endfacet
  facet normal 0 0 1
    outer loop
      vertex -21.595 -41.94583333333333 13
      vertex -23.435425294962357 -26.659597822234375 13
      vertex -23.504852981726295 -26.853635207966693 13
    endloop
  endfacet
  facet normal 0 0 1
    outer loop
      vertex -21.595 -41.94583333333333 13
      vertex -23.385350911153214 -26.459689676233875 13
      vertex -23.435425294962357 -26.659597822234375 13
    endloop
  endfacet
  facet normal 0 0 1
    outer loop
      vertex -21.595 -41.94583333333333 13
      vertex -23.355112073988384 -26.25583599469208 13
      vertex -23.385350911153214 -26.459689676233875 13
    endloop
  endfacet
  facet normal 0 0 1
    outer loop
      vertex -21.595 -41.94583333333333 13
      vertex -23.344999999999995 -26.050000000000004 13
      vertex -23.355112073988384 -26.25583599469208 13
    endloop
  endfacet
  facet normal 0 0 1
    outer loop
      vertex -21.595 -41.94583333333333 13
      vertex -21.595 -23.950000000000003 13
      vertex -23.344999999999995 -26.050000000000004 13
    endloop
  endfacet
  facet normal 0 1 0
    outer loop
      vertex -29.244999999999997 -22.75 11.4
      vertex -28.744999999999997 -22.75 13
      vertex -23.044999999999998 -22.75 11.4
    endloop
  endfacet
  facet normal 0 1 0
    outer loop
      vertex -29.244999999999997 -22.75 11.4
      vertex -29.244999999999997 -22.75 12.5
      vertex -28.744999999999997 -22.75 13
    endloop
  endfacet
  facet normal 0 1 0
    outer loop
      vertex -28.744999999999997 -22.75 13
      vertex -23.044999999999998 -22.75 11.6
      vertex -23.044999999999998 -22.75 11.4
    endloop
  endfacet
  facet normal 0 0 1
    outer loop
      vertex -28.744999999999997 -22.75 13
      vertex -27.544999999999998 -26.050000000000004 13
      vertex -27.53488792601161 -25.844164005307928 13
    endloop
  endfacet
  facet normal 0 0 1
    outer loop
      vertex -28.744999999999997 -22.75 13
      vertex -27.53488792601161 -25.844164005307928 13
      vertex -27.50464908884678 -25.640310323766133 13
    endloop
  endfacet
  facet normal 0 0 1
    outer loop
      vertex -28.744999999999997 -22.75 13
      vertex -27.50464908884678 -25.640310323766133 13
      vertex -27.454574705037636 -25.440402177765634 13
    endloop
  endfacet
  facet normal 0 0 1
    outer loop
      vertex -28.744999999999997 -22.75 13
      vertex -27.454574705037636 -25.440402177765634 13
      vertex -27.3851470182737 -25.246364792033315 13
    endloop
  endfacet
  facet normal 0 0 1
    outer loop
      vertex -28.744999999999997 -22.75 13
      vertex -27.3851470182737 -25.246364792033315 13
      vertex -27.297034655131544 -25.060066852665408 13
    endloop
  endfacet
  facet normal 0 0 1
    outer loop
      vertex -28.744999999999997 -22.75 13
      vertex -27.297034655131544 -25.060066852665408 13
      vertex -27.191086185835342 -24.88330251065884 13
    endloop
  endfacet
  facet normal 0 0 1
    outer loop
      vertex -28.744999999999997 -22.75 13
      vertex -27.191086185835342 -24.88330251065884 13
      vertex -27.068321952061744 -24.71777410325635 13
    endloop
  endfacet
  facet normal 0 0 1
    outer loop
      vertex -28.744999999999997 -22.75 13
      vertex -27.068321952061744 -24.71777410325635 13
      vertex -26.929924240491747 -24.565075759508254 13
    endloop
  endfacet
  facet normal 0 0 1
    outer loop
      vertex -28.744999999999997 -22.75 13
      vertex -26.929924240491747 -24.565075759508254 13
      vertex -26.77722589674365 -24.426678047938257 13
    endloop
  endfacet
  facet normal 0 0 1
    outer loop
      vertex -28.744999999999997 -22.75 13
      vertex -26.77722589674365 -24.426678047938257 13
      vertex -26.61169748934116 -24.30391381416466 13
    endloop
  endfacet
  facet normal 0 0 1
    outer loop
      vertex -28.744999999999997 -22.75 13
      vertex -26.61169748934116 -24.30391381416466 13
      vertex -26.434933147334593 -24.197965344868457 13
    endloop
  endfacet
  facet normal 0 0 1
    outer loop
      vertex -28.744999999999997 -22.75 13
      vertex -26.434933147334593 -24.197965344868457 13
      vertex -26.248635207966686 -24.109852981726302 13
    endloop
  endfacet
  facet normal 0 0 1
    outer loop
      vertex -28.744999999999997 -22.75 13
      vertex -26.248635207966686 -24.109852981726302 13
      vertex -26.054597822234367 -24.040425294962365 13
    endloop
  endfacet
  facet normal 0 0 1
    outer loop
      vertex -28.744999999999997 -22.75 13
      vertex -26.054597822234367 -24.040425294962365 13
      vertex -25.854689676233868 -23.99035091115322 13
    endloop
  endfacet
  facet normal 0 0 1
    outer loop
      vertex -28.744999999999997 -22.75 13
      vertex -25.854689676233868 -23.99035091115322 13
      vertex -25.650835994692073 -23.96011207398839 13
    endloop
  endfacet
  facet normal 0 0 1
    outer loop
      vertex -28.744999999999997 -22.75 13
      vertex -25.650835994692073 -23.96011207398839 13
      vertex -25.444999999999997 -23.950000000000003 13
    endloop
  endfacet
  facet normal 0 0 1
    outer loop
      vertex -28.744999999999997 -22.75 13
      vertex -25.444999999999997 -23.950000000000003 13
      vertex -25.23916400530792 -23.96011207398839 13
    endloop
  endfacet
  facet normal 0 0 1
    outer loop
      vertex -28.744999999999997 -22.75 13
      vertex -25.23916400530792 -23.96011207398839 13
      vertex -25.035310323766126 -23.99035091115322 13
    endloop
  endfacet
  facet normal 0 0 1
    outer loop
      vertex -28.744999999999997 -22.75 13
      vertex -25.035310323766126 -23.99035091115322 13
      vertex -21.595 -23.950000000000003 13
    endloop
  endfacet
  facet normal 0 0 1
    outer loop
      vertex -25.035310323766126 -23.99035091115322 13
      vertex -24.835402177765626 -24.040425294962365 13
      vertex -21.595 -23.950000000000003 13
    endloop
  endfacet
  facet normal 0 0 1
    outer loop
      vertex -23.504852981726295 -25.246364792033315 13
      vertex -21.595 -23.950000000000003 13
      vertex -23.59296534486845 -25.060066852665408 13
    endloop
  endfacet
  facet normal 0 0 1
    outer loop
      vertex -23.59296534486845 -25.060066852665408 13
      vertex -21.595 -23.950000000000003 13
      vertex -23.69891381416465 -24.88330251065884 13
    endloop
  endfacet
  facet normal 0 0 1
    outer loop
      vertex -23.69891381416465 -24.88330251065884 13
      vertex -21.595 -23.950000000000003 13
      vertex -23.82167804793825 -24.71777410325635 13
    endloop
  endfacet
  facet normal 0 0 1
    outer loop
      vertex -23.344999999999995 -26.050000000000004 13
      vertex -21.595 -23.950000000000003 13
      vertex -23.355112073988384 -25.844164005307928 13
    endloop
  endfacet
  facet normal 0 0 1
    outer loop
      vertex -23.355112073988384 -25.844164005307928 13
      vertex -21.595 -23.950000000000003 13
      vertex -23.385350911153214 -25.640310323766133 13
    endloop
  endfacet
  facet normal 0 0 1
    outer loop
      vertex -23.385350911153214 -25.640310323766133 13
      vertex -21.595 -23.950000000000003 13
      vertex -23.435425294962357 -25.440402177765634 13
    endloop
  endfacet
  facet normal 0 0 1
    outer loop
      vertex -23.435425294962357 -25.440402177765634 13
      vertex -21.595 -23.950000000000003 13
      vertex -23.504852981726295 -25.246364792033315 13
    endloop
  endfacet
  facet normal 0 0 1
    outer loop
      vertex -24.641364792033308 -24.109852981726302 13
      vertex -24.4550668526654 -24.197965344868457 13
      vertex -21.595 -23.950000000000003 13
    endloop
  endfacet
  facet normal 0 0 1
    outer loop
      vertex -24.4550668526654 -24.197965344868457 13
      vertex -24.278302510658833 -24.30391381416466 13
      vertex -21.595 -23.950000000000003 13
    endloop
  endfacet
  facet normal 0 0 1
    outer loop
      vertex -24.278302510658833 -24.30391381416466 13
      vertex -24.112774103256342 -24.426678047938257 13
      vertex -21.595 -23.950000000000003 13
    endloop
  endfacet
  facet normal 0 0 1
    outer loop
      vertex -24.835402177765626 -24.040425294962365 13
      vertex -24.641364792033308 -24.109852981726302 13
      vertex -21.595 -23.950000000000003 13
    endloop
  endfacet
  facet normal 0 0 1
    outer loop
      vertex -24.112774103256342 -24.426678047938257 13
      vertex -23.960075759508246 -24.565075759508254 13
      vertex -21.595 -23.950000000000003 13
    endloop
  endfacet
  facet normal 0 0 1
    outer loop
      vertex -23.82167804793825 -24.71777410325635 13
      vertex -21.595 -23.950000000000003 13
      vertex -23.960075759508246 -24.565075759508254 13
    endloop
  endfacet
  facet normal 0 1 0
    outer loop
      vertex -28.744999999999997 -22.75 13
      vertex 28.744999999999997 -22.75 13
      vertex -23.044999999999998 -22.75 11.6
    endloop
  endfacet
  facet normal 0 0 1
    outer loop
      vertex -28.744999999999997 -22.75 13
      vertex -21.595 -23.950000000000003 13
      vertex 21.595 -23.950000000000003 13
    endloop
  endfacet
  facet normal 0 0 -1
    outer loop
      vertex -29.244999999999997 -77.79 11.4
      vertex 22.444999999999997 -70.44 11.4
      vertex 29.244999999999997 -77.79 11.4
    endloop
  endfacet
  facet normal 0 0 -1
    outer loop
      vertex -22.444999999999997 -68.94 11.4
      vertex 23.044999999999998 -68.59 11.4
      vertex 22.444999999999997 -68.94 11.4
    endloop
  endfacet
  facet normal 0 -1 0
    outer loop
      vertex -29.244999999999997 -77.79 12.5
      vertex 29.244999999999997 -77.79 11.4
      vertex 29.244999999999997 -77.79 12.5
    endloop
  endfacet
  facet normal 0 -0.7071067811865476 0.7071067811865476
    outer loop
      vertex -28.744999999999997 -77.29 13
      vertex 29.244999999999997 -77.79 12.5
      vertex 28.744999999999997 -77.29 13
    endloop
  endfacet
  facet normal 0 0 1
    outer loop
      vertex -18.04599926659332 -67.14 13
      vertex 25.035310323766126 -72.84964908884679 13
      vertex 24.835402177765626 -72.79957470503764 13
    endloop
  endfacet
  facet normal 0 0 1
    outer loop
      vertex 28.744999999999997 -77.29 13
      vertex 25.035310323766126 -72.84964908884679 13
      vertex -18.04599926659332 -67.14 13
    endloop
  endfacet
  facet normal 0 0 1
    outer loop
      vertex -18.04599926659332 -67.14 13
      vertex 23.504852981726295 -69.98636479203331 13
      vertex 21.595 -67.14 13
    endloop
  endfacet
  facet normal 0 0 1
    outer loop
      vertex -18.04599926659332 -67.14 13
      vertex 23.960075759508246 -72.27492424049176 13
      vertex 23.82167804793825 -72.12222589674366 13
    endloop
  endfacet
  facet normal 0 0 1
    outer loop
      vertex -18.04599926659332 -67.14 13
      vertex 24.112774103256342 -72.41332195206175 13
      vertex 23.960075759508246 -72.27492424049176 13
    endloop
  endfacet
  facet normal 0 0 1
    outer loop
      vertex -18.04599926659332 -67.14 13
      vertex 23.69891381416465 -71.95669748934117 13
      vertex 23.59296534486845 -71.7799331473346 13
    endloop
  endfacet
  facet normal 0 0 1
    outer loop
      vertex -18.04599926659332 -67.14 13
      vertex 23.59296534486845 -71.7799331473346 13
      vertex 23.504852981726295 -71.5936352079667 13
    endloop
  endfacet
  facet normal 0 0 1
    outer loop
      vertex -18.04599926659332 -67.14 13
      vertex 23.82167804793825 -72.12222589674366 13
      vertex 23.69891381416465 -71.95669748934117 13
    endloop
  endfacet
  facet normal 0 0 1
    outer loop
      vertex -18.04599926659332 -67.14 13
      vertex 23.435425294962357 -71.39959782223438 13
      vertex 23.385350911153214 -71.19968967623387 13
    endloop
  endfacet
  facet normal 0 0 1
    outer loop
      vertex -18.04599926659332 -67.14 13
      vertex 23.385350911153214 -71.19968967623387 13
      vertex 23.355112073988384 -70.99583599469209 13
    endloop
  endfacet
  facet normal 0 0 1
    outer loop
      vertex -18.04599926659332 -67.14 13
      vertex 23.355112073988384 -70.99583599469209 13
      vertex 23.344999999999995 -70.79 13
    endloop
  endfacet
  facet normal 0 0 1
    outer loop
      vertex -18.04599926659332 -67.14 13
      vertex 23.344999999999995 -70.79 13
      vertex 23.355112073988384 -70.58416400530793 13
    endloop
  endfacet
  facet normal 0 0 1
    outer loop
      vertex -18.04599926659332 -67.14 13
      vertex 23.355112073988384 -70.58416400530793 13
      vertex 23.385350911153214 -70.38031032376614 13
    endloop
  endfacet
  facet normal 0 0 1
    outer loop
      vertex -18.04599926659332 -67.14 13
      vertex 23.385350911153214 -70.38031032376614 13
      vertex 23.435425294962357 -70.18040217776563 13
    endloop
  endfacet
  facet normal 0 0 1
    outer loop
      vertex -18.04599926659332 -67.14 13
      vertex 23.504852981726295 -71.5936352079667 13
      vertex 23.435425294962357 -71.39959782223438 13
    endloop
  endfacet
  facet normal 0 0 1
    outer loop
      vertex -18.04599926659332 -67.14 13
      vertex 24.278302510658833 -72.53608618583534 13
      vertex 24.112774103256342 -72.41332195206175 13
    endloop
  endfacet
  facet normal 0 0 1
    outer loop
      vertex -18.04599926659332 -67.14 13
      vertex 24.4550668526654 -72.64203465513155 13
      vertex 24.278302510658833 -72.53608618583534 13
    endloop
  endfacet
  facet normal 0 0 1
    outer loop
      vertex -18.04599926659332 -67.14 13
      vertex 24.641364792033308 -72.73014701827371 13
      vertex 24.4550668526654 -72.64203465513155 13
    endloop
  endfacet
  facet normal 0 0 1
    outer loop
      vertex -18.04599926659332 -67.14 13
      vertex 24.835402177765626 -72.79957470503764 13
      vertex 24.641364792033308 -72.73014701827371 13
    endloop
  endfacet
  facet normal 0 0 1
    outer loop
      vertex -18.04599926659332 -67.14 13
      vertex 23.435425294962357 -70.18040217776563 13
      vertex 23.504852981726295 -69.98636479203331 13
    endloop
  endfacet
  facet normal 0 0 -1
    outer loop
      vertex 22.444999999999997 -70.44 11.4
      vertex 24.382538537612017 -71.23008594721986 11.4
      vertex 24.43079054599939 -71.3321062473499 11.4
    endloop
  endfacet
  facet normal 0 0 -1
    outer loop
      vertex 22.444999999999997 -70.44 11.4
      vertex 24.344518613907958 -71.12382737884263 11.4
      vertex 24.382538537612017 -71.23008594721986 11.4
    endloop
  endfacet
  facet normal 0 0 -1
    outer loop
      vertex 29.244999999999997 -77.79 11.4
      vertex 22.444999999999997 -70.44 11.4
      vertex 24.9028937526501 -71.80420945400061 11.4
    endloop
  endfacet
  facet normal 0 0 -1
    outer loop
      vertex 22.444999999999997 -70.44 11.4
      vertex 24.48880994585207 -71.42890576797255 11.4
      vertex 24.556037978632848 -71.5195522767882 11.4
    endloop
  endfacet
  facet normal 0 0 -1
    outer loop
      vertex 22.444999999999997 -70.44 11.4
      vertex 24.631827201635467 -71.60317279836454 11.4
      vertex 24.715447723211806 -71.67896202136716 11.4
    endloop
  endfacet
  facet normal 0 0 -1
    outer loop
      vertex 22.444999999999997 -70.44 11.4
      vertex 24.715447723211806 -71.67896202136716 11.4
      vertex 24.806094232027455 -71.74619005414793 11.4
    endloop
  endfacet
  facet normal 0 0 -1
    outer loop
      vertex 22.444999999999997 -70.44 11.4
      vertex 24.556037978632848 -71.5195522767882 11.4
      vertex 24.631827201635467 -71.60317279836454 11.4
    endloop
  endfacet
  facet normal 0 0 -1
    outer loop
      vertex 22.444999999999997 -70.44 11.4
      vertex 24.43079054599939 -71.3321062473499 11.4
      vertex 24.48880994585207 -71.42890576797255 11.4
    endloop
  endfacet
  facet normal 0 0 -1
    outer loop
      vertex 22.444999999999997 -70.44 11.4
      vertex 24.806094232027455 -71.74619005414793 11.4
      vertex 24.9028937526501 -71.80420945400061 11.4
    endloop
  endfacet
  facet normal 0 0 -1
    outer loop
      vertex 29.244999999999997 -77.79 11.4
      vertex 24.9028937526501 -71.80420945400061 11.4
      vertex 25.004914052780144 -71.85246146238799 11.4
    endloop
  endfacet
  facet normal 0 0 -1
    outer loop
      vertex 29.244999999999997 -77.79 11.4
      vertex 25.004914052780144 -71.85246146238799 11.4
      vertex 25.111172621157365 -71.89048138609205 11.4
    endloop
  endfacet
  facet normal 0 0 -1
    outer loop
      vertex 29.244999999999997 -77.79 11.4
      vertex 25.111172621157365 -71.89048138609205 11.4
      vertex 25.220646129681448 -71.91790307246372 11.4
    endloop
  endfacet
  facet normal 0 0 -1
    outer loop
      vertex 29.244999999999997 -77.79 11.4
      vertex 25.220646129681448 -71.91790307246372 11.4
      vertex 25.332280288621003 -71.93446243567303 11.4
    endloop
  endfacet
  facet normal 0 0 -1
    outer loop
      vertex 29.244999999999997 -77.79 11.4
      vertex 25.332280288621003 -71.93446243567303 11.4
      vertex 25.444999999999997 -71.94000000000001 11.4
    endloop
  endfacet
  facet normal 0 0 -1
    outer loop
      vertex 29.244999999999997 -77.79 11.4
      vertex 25.444999999999997 -71.94000000000001 11.4
      vertex 25.55771971137899 -71.93446243567303 11.4
    endloop
  endfacet
  facet normal 0 0 -1
    outer loop
      vertex 29.244999999999997 -77.79 11.4
      vertex 25.55771971137899 -71.93446243567303 11.4
      vertex 25.669353870318545 -71.91790307246372 11.4
    endloop
  endfacet
  facet normal 0 0 -1
    outer loop
      vertex 29.244999999999997 -77.79 11.4
      vertex 25.669353870318545 -71.91790307246372 11.4
      vertex 25.778827378842628 -71.89048138609205 11.4
    endloop
  endfacet
  facet normal 0 0 -1
    outer loop
      vertex 29.244999999999997 -77.79 11.4
      vertex 25.778827378842628 -71.89048138609205 11.4
      vertex 25.88508594721985 -71.85246146238799 11.4
    endloop
  endfacet
  facet normal 0 0 -1
    outer loop
      vertex 29.244999999999997 -77.79 11.4
      vertex 25.88508594721985 -71.85246146238799 11.4
      vertex 25.987106247349892 -71.80420945400061 11.4
    endloop
  endfacet
  facet normal 0 0 -1
    outer loop
      vertex 29.244999999999997 -77.79 11.4
      vertex 25.987106247349892 -71.80420945400061 11.4
      vertex 26.08390576797254 -71.74619005414793 11.4
    endloop
  endfacet
  facet normal 0 0 -1
    outer loop
      vertex 29.244999999999997 -77.79 11.4
      vertex 26.08390576797254 -71.74619005414793 11.4
      vertex 26.174552276788187 -71.67896202136716 11.4
    endloop
  endfacet
  facet normal 0 0 -1
    outer loop
      vertex 29.244999999999997 -77.79 11.4
      vertex 26.174552276788187 -71.67896202136716 11.4
      vertex 26.258172798364527 -71.60317279836454 11.4
    endloop
  endfacet
  facet normal 0 0 -1
    outer loop
      vertex 29.244999999999997 -77.79 11.4
      vertex 26.258172798364527 -71.60317279836454 11.4
      vertex 26.333962021367146 -71.5195522767882 11.4
    endloop
  endfacet
  facet normal 0 0 -1
    outer loop
      vertex 29.244999999999997 -77.79 11.4
      vertex 26.333962021367146 -71.5195522767882 11.4
      vertex 26.401190054147925 -71.42890576797255 11.4
    endloop
  endfacet
  facet normal 0 0 -1
    outer loop
      vertex 29.244999999999997 -77.79 11.4
      vertex 26.401190054147925 -71.42890576797255 11.4
      vertex 26.459209454000604 -71.3321062473499 11.4
    endloop
  endfacet
  facet normal 0 0 -1
    outer loop
      vertex 29.244999999999997 -77.79 11.4
      vertex 26.459209454000604 -71.3321062473499 11.4
      vertex 26.507461462387976 -71.23008594721986 11.4
    endloop
  endfacet
  facet normal 0 0 -1
    outer loop
      vertex 29.244999999999997 -77.79 11.4
      vertex 26.507461462387976 -71.23008594721986 11.4
      vertex 26.545481386092035 -71.12382737884263 11.4
    endloop
  endfacet
  facet normal 0 0 -1
    outer loop
      vertex 29.244999999999997 -77.79 11.4
      vertex 26.545481386092035 -71.12382737884263 11.4
      vertex 26.57290307246371 -71.01435387031856 11.4
    endloop
  endfacet
  facet normal 0 0 -1
    outer loop
      vertex 29.244999999999997 -77.79 11.4
      vertex 26.57290307246371 -71.01435387031856 11.4
      vertex 26.589462435673024 -70.902719711379 11.4
    endloop
  endfacet
  facet normal 0 0 -1
    outer loop
      vertex 29.244999999999997 -77.79 11.4
      vertex 26.589462435673024 -70.902719711379 11.4
      vertex 26.594999999999995 -70.79 11.4
    endloop
  endfacet
  facet normal 0 0 -1
    outer loop
      vertex 29.244999999999997 -77.79 11.4
      vertex 26.594999999999995 -70.79 11.4
      vertex 26.589462435673024 -70.677280288621 11.4
    endloop
  endfacet
  facet normal 0 0 -1
    outer loop
      vertex 29.244999999999997 -77.79 11.4
      vertex 26.589462435673024 -70.677280288621 11.4
      vertex 26.57290307246371 -70.56564612968145 11.4
    endloop
  endfacet
  facet normal 0 0 -1
    outer loop
      vertex 29.244999999999997 -77.79 11.4
      vertex 26.57290307246371 -70.56564612968145 11.4
      vertex 26.545481386092035 -70.45617262115738 11.4
    endloop
  endfacet
  facet normal 0 0 -1
    outer loop
      vertex 29.244999999999997 -77.79 11.4
      vertex 26.545481386092035 -70.45617262115738 11.4
      vertex 26.507461462387976 -70.34991405278015 11.4
    endloop
  endfacet
  facet normal 0 0 -1
    outer loop
      vertex 22.444999999999997 -70.44 11.4
      vertex 22.444999999999997 -68.94 11.4
      vertex 23.044999999999998 -68.59 11.4
    endloop
  endfacet
  facet normal 0 0 -1
    outer loop
      vertex 22.444999999999997 -70.44 11.4
      vertex 24.317096927536284 -71.01435387031856 11.4
      vertex 24.344518613907958 -71.12382737884263 11.4
    endloop
  endfacet
  facet normal 0 0 -1
    outer loop
      vertex 22.444999999999997 -70.44 11.4
      vertex 24.30053756432697 -70.902719711379 11.4
      vertex 24.317096927536284 -71.01435387031856 11.4
    endloop
  endfacet
  facet normal 0 0 -1
    outer loop
      vertex 22.444999999999997 -70.44 11.4
      vertex 24.294999999999998 -70.79 11.4
      vertex 24.30053756432697 -70.902719711379 11.4
    endloop
  endfacet
  facet normal 0 0 -1
    outer loop
      vertex 22.444999999999997 -70.44 11.4
      vertex 24.30053756432697 -70.677280288621 11.4
      vertex 24.294999999999998 -70.79 11.4
    endloop
  endfacet
  facet normal 0 0 -1
    outer loop
      vertex 22.444999999999997 -70.44 11.4
      vertex 24.317096927536284 -70.56564612968145 11.4
      vertex 24.30053756432697 -70.677280288621 11.4
    endloop
  endfacet
  facet normal 0 0 -1
    outer loop
      vertex 22.444999999999997 -70.44 11.4
      vertex 24.344518613907958 -70.45617262115738 11.4
      vertex 24.317096927536284 -70.56564612968145 11.4
    endloop
  endfacet
  facet normal 0 0 -1
    outer loop
      vertex 22.444999999999997 -70.44 11.4
      vertex 23.044999999999998 -68.59 11.4
      vertex 24.344518613907958 -70.45617262115738 11.4
    endloop
  endfacet
  facet normal 0 0 -1
    outer loop
      vertex 23.044999999999998 -68.59 11.4
      vertex 24.382538537612017 -70.34991405278015 11.4
      vertex 24.344518613907958 -70.45617262115738 11.4
    endloop
  endfacet
  facet normal 0 0 -1
    outer loop
      vertex 23.044999999999998 -68.59 11.4
      vertex 24.43079054599939 -70.24789375265011 11.4
      vertex 24.382538537612017 -70.34991405278015 11.4
    endloop
  endfacet
  facet normal 0 0 -1
    outer loop
      vertex 23.044999999999998 -68.59 11.4
      vertex 24.48880994585207 -70.15109423202746 11.4
      vertex 24.43079054599939 -70.24789375265011 11.4
    endloop
  endfacet
  facet normal 0 0 -1
    outer loop
      vertex 23.044999999999998 -68.59 11.4
      vertex 24.556037978632848 -70.06044772321181 11.4
      vertex 24.48880994585207 -70.15109423202746 11.4
    endloop
  endfacet
  facet normal 0 0 -1
    outer loop
      vertex 23.044999999999998 -68.59 11.4
      vertex 24.631827201635467 -69.97682720163547 11.4
      vertex 24.556037978632848 -70.06044772321181 11.4
    endloop
  endfacet
  facet normal 0 0 -1
    outer loop
      vertex 23.044999999999998 -68.59 11.4
      vertex 24.715447723211806 -69.90103797863286 11.4
      vertex 24.631827201635467 -69.97682720163547 11.4
    endloop
  endfacet
  facet normal 0 0 -1
    outer loop
      vertex 23.044999999999998 -68.59 11.4
      vertex 24.806094232027455 -69.83380994585208 11.4
      vertex 24.715447723211806 -69.90103797863286 11.4
    endloop
  endfacet
  facet normal 0 0 -1
    outer loop
      vertex 23.044999999999998 -68.59 11.4
      vertex 24.9028937526501 -69.7757905459994 11.4
      vertex 24.806094232027455 -69.83380994585208 11.4
    endloop
  endfacet
  facet normal 0 0 -1
    outer loop
      vertex 23.044999999999998 -68.59 11.4
      vertex 25.004914052780144 -69.72753853761202 11.4
      vertex 24.9028937526501 -69.7757905459994 11.4
    endloop
  endfacet
  facet normal 0 0 -1
    outer loop
      vertex 23.044999999999998 -68.59 11.4
      vertex 25.111172621157365 -69.68951861390796 11.4
      vertex 25.004914052780144 -69.72753853761202 11.4
    endloop
  endfacet
  facet normal 0 0 -1
    outer loop
      vertex 23.044999999999998 -68.59 11.4
      vertex 25.220646129681448 -69.6620969275363 11.4
      vertex 25.111172621157365 -69.68951861390796 11.4
    endloop
  endfacet
  facet normal 0 0 -1
    outer loop
      vertex 23.044999999999998 -68.59 11.4
      vertex 25.332280288621003 -69.64553756432699 11.4
      vertex 25.220646129681448 -69.6620969275363 11.4
    endloop
  endfacet
  facet normal 0 0 -1
    outer loop
      vertex 23.044999999999998 -68.59 11.4
      vertex 25.444999999999997 -69.64 11.4
      vertex 25.332280288621003 -69.64553756432699 11.4
    endloop
  endfacet
  facet normal 0 0 -1
    outer loop
      vertex 23.044999999999998 -68.59 11.4
      vertex 25.55771971137899 -69.64553756432699 11.4
      vertex 25.444999999999997 -69.64 11.4
    endloop
  endfacet
  facet normal 0 0 1
    outer loop
      vertex 28.744999999999997 -77.29 13
      vertex 25.444999999999997 -72.89 13
      vertex 25.23916400530792 -72.87988792601162 13
    endloop
  endfacet
  facet normal 0 0 1
    outer loop
      vertex 28.744999999999997 -77.29 13
      vertex 25.650835994692073 -72.87988792601162 13
      vertex 25.444999999999997 -72.89 13
    endloop
  endfacet
  facet normal 0 0 1
    outer loop
      vertex 28.744999999999997 -77.29 13
      vertex 25.23916400530792 -72.87988792601162 13
      vertex 25.035310323766126 -72.84964908884679 13
    endloop
  endfacet
  facet normal 0 0 1
    outer loop
      vertex 28.744999999999997 -77.29 13
      vertex 25.854689676233868 -72.84964908884679 13
      vertex 25.650835994692073 -72.87988792601162 13
    endloop
  endfacet
  facet normal 0 0 1
    outer loop
      vertex 28.744999999999997 -77.29 13
      vertex 26.054597822234367 -72.79957470503764 13
      vertex 25.854689676233868 -72.84964908884679 13
    endloop
  endfacet
  facet normal 0 0 1
    outer loop
      vertex 28.744999999999997 -77.29 13
      vertex 26.248635207966686 -72.73014701827371 13
      vertex 26.054597822234367 -72.79957470503764 13
    endloop
  endfacet
  facet normal 0 0 1
    outer loop
      vertex 28.744999999999997 -77.29 13
      vertex 26.434933147334593 -72.64203465513155 13
      vertex 26.248635207966686 -72.73014701827371 13
    endloop
  endfacet
  facet normal 0 0 1
    outer loop
      vertex 28.744999999999997 -77.29 13
      vertex 26.61169748934116 -72.53608618583534 13
      vertex 26.434933147334593 -72.64203465513155 13
    endloop
  endfacet
  facet normal 0 0 1
    outer loop
      vertex 28.744999999999997 -77.29 13
      vertex 26.77722589674365 -72.41332195206175 13
      vertex 26.61169748934116 -72.53608618583534 13
    endloop
  endfacet
  facet normal 0 0 1
    outer loop
      vertex 28.744999999999997 -77.29 13
      vertex 26.929924240491747 -72.27492424049176 13
      vertex 26.77722589674365 -72.41332195206175 13
    endloop
  endfacet
  facet normal 0 0 1
    outer loop
      vertex 28.744999999999997 -77.29 13
      vertex 27.068321952061744 -72.12222589674366 13
      vertex 26.929924240491747 -72.27492424049176 13
    endloop
  endfacet
  facet normal 0 0 1
    outer loop
      vertex 28.744999999999997 -77.29 13
      vertex 27.191086185835342 -71.95669748934117 13
      vertex 27.068321952061744 -72.12222589674366 13
    endloop
  endfacet
  facet normal 0 0 1
    outer loop
      vertex 28.744999999999997 -77.29 13
      vertex 27.297034655131544 -71.7799331473346 13
      vertex 27.191086185835342 -71.95669748934117 13
    endloop
  endfacet
  facet normal 0 0 1
    outer loop
      vertex 28.744999999999997 -77.29 13
      vertex 27.3851470182737 -71.5936352079667 13
      vertex 27.297034655131544 -71.7799331473346 13
    endloop
  endfacet
  facet normal 0 0 1
    outer loop
      vertex 28.744999999999997 -77.29 13
      vertex 27.454574705037636 -71.39959782223438 13
      vertex 27.3851470182737 -71.5936352079667 13
    endloop
  endfacet
  facet normal 0 0 1
    outer loop
      vertex 28.744999999999997 -77.29 13
      vertex 27.50464908884678 -71.19968967623387 13
      vertex 27.454574705037636 -71.39959782223438 13
    endloop
  endfacet
  facet normal 0 0 1
    outer loop
      vertex 28.744999999999997 -77.29 13
      vertex 27.53488792601161 -70.99583599469209 13
      vertex 27.50464908884678 -71.19968967623387 13
    endloop
  endfacet
  facet normal 0 0 1
    outer loop
      vertex 28.744999999999997 -77.29 13
      vertex 27.544999999999998 -70.79 13
      vertex 27.53488792601161 -70.99583599469209 13
    endloop
  endfacet
  facet normal 0 0 1
    outer loop
      vertex 21.595 -67.14 13
      vertex 23.504852981726295 -69.98636479203331 13
      vertex 23.59296534486845 -69.80006685266541 13
    endloop
  endfacet
  facet normal 0 0 1
    outer loop
      vertex 21.595 -67.14 13
      vertex 23.59296534486845 -69.80006685266541 13
      vertex 23.69891381416465 -69.62330251065885 13
    endloop
  endfacet
  facet normal 0 0 1
    outer loop
      vertex 21.595 -67.14 13
      vertex 23.69891381416465 -69.62330251065885 13
      vertex 23.82167804793825 -69.45777410325636 13
    endloop
  endfacet
  facet normal 0 0 1
    outer loop
      vertex 21.595 -67.14 13
      vertex 23.82167804793825 -69.45777410325636 13
      vertex 23.960075759508246 -69.30507575950826 13
    endloop
  endfacet
  facet normal 0 0 1
    outer loop
      vertex 21.595 -67.14 13
      vertex 23.960075759508246 -69.30507575950826 13
      vertex 24.112774103256342 -69.16667804793826 13
    endloop
  endfacet
  facet normal 0 0 1
    outer loop
      vertex 21.595 -67.14 13
      vertex 24.112774103256342 -69.16667804793826 13
      vertex 24.278302510658833 -69.04391381416467 13
    endloop
  endfacet
  facet normal 0 0 1
    outer loop
      vertex 21.595 -67.14 13
      vertex 24.278302510658833 -69.04391381416467 13
      vertex 24.4550668526654 -68.93796534486846 13
    endloop
  endfacet
  facet normal 0 0 -1
    outer loop
      vertex 29.244999999999997 -22.75 11.4
      vertex 25.669353870318545 -69.6620969275363 11.4
      vertex 25.55771971137899 -69.64553756432699 11.4
    endloop
  endfacet
  facet normal 0 0 -1
    outer loop
      vertex 29.244999999999997 -22.75 11.4
      vertex 25.778827378842628 -69.68951861390796 11.4
      vertex 25.669353870318545 -69.6620969275363 11.4
    endloop
  endfacet
  facet normal 0 0 -1
    outer loop
      vertex 29.244999999999997 -22.75 11.4
      vertex 26.174552276788187 -69.90103797863286 11.4
      vertex 26.08390576797254 -69.83380994585208 11.4
    endloop
  endfacet
  facet normal 0 0 -1
    outer loop
      vertex 29.244999999999997 -22.75 11.4
      vertex 26.507461462387976 -70.34991405278015 11.4
      vertex 26.459209454000604 -70.24789375265011 11.4
    endloop
  endfacet
  facet normal 0 0 -1
    outer loop
      vertex 29.244999999999997 -22.75 11.4
      vertex 26.459209454000604 -70.24789375265011 11.4
      vertex 26.401190054147925 -70.15109423202746 11.4
    endloop
  endfacet
  facet normal 0 0 -1
    outer loop
      vertex 29.244999999999997 -22.75 11.4
      vertex 26.333962021367146 -70.06044772321181 11.4
      vertex 26.258172798364527 -69.97682720163547 11.4
    endloop
  endfacet
  facet normal 0 0 -1
    outer loop
      vertex 29.244999999999997 -22.75 11.4
      vertex 26.258172798364527 -69.97682720163547 11.4
      vertex 26.174552276788187 -69.90103797863286 11.4
    endloop
  endfacet
  facet normal 0 0 -1
    outer loop
      vertex 29.244999999999997 -22.75 11.4
      vertex 26.401190054147925 -70.15109423202746 11.4
      vertex 26.333962021367146 -70.06044772321181 11.4
    endloop
  endfacet
  facet normal 0 0 -1
    outer loop
      vertex 29.244999999999997 -22.75 11.4
      vertex 25.88508594721985 -69.72753853761202 11.4
      vertex 25.778827378842628 -69.68951861390796 11.4
    endloop
  endfacet
  facet normal 0 0 -1
    outer loop
      vertex 29.244999999999997 -22.75 11.4
      vertex 25.987106247349892 -69.7757905459994 11.4
      vertex 25.88508594721985 -69.72753853761202 11.4
    endloop
  endfacet
  facet normal 0 0 -1
    outer loop
      vertex 29.244999999999997 -22.75 11.4
      vertex 26.08390576797254 -69.83380994585208 11.4
      vertex 25.987106247349892 -69.7757905459994 11.4
    endloop
  endfacet
  facet normal 0 0 -1
    outer loop
      vertex 29.244999999999997 -77.79 11.4
      vertex 26.507461462387976 -70.34991405278015 11.4
      vertex 29.244999999999997 -22.75 11.4
    endloop
  endfacet
  facet normal 0 0 -1
    outer loop
      vertex 29.244999999999997 -22.75 11.4
      vertex 25.55771971137899 -69.64553756432699 11.4
      vertex 23.044999999999998 -68.59 11.4
    endloop
  endfacet
  facet normal 1 0 0
    outer loop
      vertex 29.244999999999997 -77.79 11.4
      vertex 29.244999999999997 -22.75 11.4
      vertex 29.244999999999997 -77.79 12.5
    endloop
  endfacet
  facet normal 0 0 1
    outer loop
      vertex 24.4550668526654 -68.93796534486846 13
      vertex 24.641364792033308 -68.8498529817263 13
      vertex 21.595 -49.14416666666668 13
    endloop
  endfacet
  facet normal 0 0 1
    outer loop
      vertex 21.595 -67.14 13
      vertex 24.4550668526654 -68.93796534486846 13
      vertex 21.595 -49.14416666666668 13
    endloop
  endfacet
  facet normal 0 0 1
    outer loop
      vertex 24.641364792033308 -68.8498529817263 13
      vertex 24.835402177765626 -68.78042529496237 13
      vertex 21.595 -49.14416666666668 13
    endloop
  endfacet
  facet normal 0 0 1
    outer loop
      vertex 26.248635207966686 -68.8498529817263 13
      vertex 26.434933147334593 -68.93796534486846 13
      vertex 21.595 -49.14416666666668 13
    endloop
  endfacet
  facet normal 0 0 1
    outer loop
      vertex 26.434933147334593 -68.93796534486846 13
      vertex 26.61169748934116 -69.04391381416467 13
      vertex 21.595 -49.14416666666668 13
    endloop
  endfacet
  facet normal 0 0 1
    outer loop
      vertex 26.77722589674365 -69.16667804793826 13
      vertex 26.929924240491747 -69.30507575950826 13
      vertex 21.595 -49.14416666666668 13
    endloop
  endfacet
  facet normal 0 0 1
    outer loop
      vertex 26.61169748934116 -69.04391381416467 13
      vertex 26.77722589674365 -69.16667804793826 13
      vertex 21.595 -49.14416666666668 13
    endloop
  endfacet
  facet normal 0 0 1
    outer loop
      vertex 24.835402177765626 -68.78042529496237 13
      vertex 25.035310323766126 -68.73035091115322 13
      vertex 21.595 -49.14416666666668 13
    endloop
  endfacet
  facet normal 0 0 1
    outer loop
      vertex 25.035310323766126 -68.73035091115322 13
      vertex 25.23916400530792 -68.7001120739884 13
      vertex 21.595 -49.14416666666668 13
    endloop
  endfacet
  facet normal 0 0 1
    outer loop
      vertex 25.23916400530792 -68.7001120739884 13
      vertex 25.444999999999997 -68.69000000000001 13
      vertex 21.595 -49.14416666666668 13
    endloop
  endfacet
  facet normal 0 0 1
    outer loop
      vertex 25.444999999999997 -68.69000000000001 13
      vertex 25.650835994692073 -68.7001120739884 13
      vertex 21.595 -49.14416666666668 13
    endloop
  endfacet
  facet normal 0 0 1
    outer loop
      vertex 25.650835994692073 -68.7001120739884 13
      vertex 25.854689676233868 -68.73035091115322 13
      vertex 21.595 -49.14416666666668 13
    endloop
  endfacet
  facet normal 0 0 1
    outer loop
      vertex 25.854689676233868 -68.73035091115322 13
      vertex 26.054597822234367 -68.78042529496237 13
      vertex 21.595 -49.14416666666668 13
    endloop
  endfacet
  facet normal 0 0 1
    outer loop
      vertex 26.054597822234367 -68.78042529496237 13
      vertex 26.248635207966686 -68.8498529817263 13
      vertex 21.595 -49.14416666666668 13
    endloop
  endfacet
  facet normal 0.7071067811865476 0 0.7071067811865476
    outer loop
      vertex 29.244999999999997 -77.79 12.5
      vertex 29.244999999999997 -22.75 12.5
      vertex 28.744999999999997 -77.29 13
    endloop
  endfacet
  facet normal 0 0 1
    outer loop
      vertex 28.744999999999997 -77.29 13
      vertex 27.544999999999998 -26.050000000000004 13
      vertex 27.544999999999998 -70.79 13
    endloop
  endfacet
  facet normal 0 0 1
    outer loop
      vertex 27.068321952061744 -69.45777410325636 13
      vertex 26.929924240491747 -27.534924240491755 13
      vertex 26.929924240491747 -69.30507575950826 13
    endloop
  endfacet
  facet normal 0 0 1
    outer loop
      vertex 27.191086185835342 -69.62330251065885 13
      vertex 27.068321952061744 -27.38222589674366 13
      vertex 27.068321952061744 -69.45777410325636 13
    endloop
  endfacet
  facet normal 0 0 1
    outer loop
      vertex 27.454574705037636 -70.18040217776563 13
      vertex 27.3851470182737 -26.853635207966693 13
      vertex 27.3851470182737 -69.98636479203331 13
    endloop
  endfacet
  facet normal 0 0 1
    outer loop
      vertex 27.297034655131544 -69.80006685266541 13
      vertex 27.191086185835342 -27.21669748934117 13
      vertex 27.191086185835342 -69.62330251065885 13
    endloop
  endfacet
  facet normal 0 0 1
    outer loop
      vertex 27.3851470182737 -69.98636479203331 13
      vertex 27.297034655131544 -27.0399331473346 13
      vertex 27.297034655131544 -69.80006685266541 13
    endloop
  endfacet
  facet normal 0 0 1
    outer loop
      vertex 27.544999999999998 -70.79 13
      vertex 27.53488792601161 -26.25583599469208 13
      vertex 27.53488792601161 -70.58416400530793 13
    endloop
  endfacet
  facet normal 0 0 1
    outer loop
      vertex 27.53488792601161 -70.58416400530793 13
      vertex 27.50464908884678 -26.459689676233875 13
      vertex 27.50464908884678 -70.38031032376614 13
    endloop
  endfacet
  facet normal 0 0 1
    outer loop
      vertex 27.50464908884678 -70.38031032376614 13
      vertex 27.454574705037636 -26.659597822234375 13
      vertex 27.454574705037636 -70.18040217776563 13
    endloop
  endfacet
  facet normal 0 0 1
    outer loop
      vertex -28.744999999999997 -22.75 13
      vertex 21.595 -23.950000000000003 13
      vertex 25.035310323766126 -23.99035091115322 13
    endloop
  endfacet
  facet normal 0 0 1
    outer loop
      vertex -28.744999999999997 -22.75 13
      vertex 25.035310323766126 -23.99035091115322 13
      vertex 25.23916400530792 -23.96011207398839 13
    endloop
  endfacet
  facet normal 0 1 0
    outer loop
      vertex 28.744999999999997 -22.75 13
      vertex 23.044999999999998 -22.75 11.6
      vertex -23.044999999999998 -22.75 11.6
    endloop
  endfacet
  facet normal 0 0 1
    outer loop
      vertex -28.744999999999997 -22.75 13
      vertex 25.23916400530792 -23.96011207398839 13
      vertex 28.744999999999997 -22.75 13
    endloop
  endfacet
  facet normal 0 0 -1
    outer loop
      vertex 23.044999999999998 -68.59 11.4
      vertex 24.715447723211806 -26.938962021367153 11.4
      vertex 24.806094232027455 -27.006190054147932 11.4
    endloop
  endfacet
  facet normal 0 0 -1
    outer loop
      vertex 23.044999999999998 -68.59 11.4
      vertex 24.9028937526501 -27.06420945400061 11.4
      vertex 25.004914052780144 -27.112461462387984 11.4
    endloop
  endfacet
  facet normal 0 0 -1
    outer loop
      vertex 23.044999999999998 -68.59 11.4
      vertex 24.806094232027455 -27.006190054147932 11.4
      vertex 24.9028937526501 -27.06420945400061 11.4
    endloop
  endfacet
  facet normal 0 0 -1
    outer loop
      vertex 23.044999999999998 -68.59 11.4
      vertex 25.004914052780144 -27.112461462387984 11.4
      vertex 25.111172621157365 -27.150481386092043 11.4
    endloop
  endfacet
  facet normal 0 0 -1
    outer loop
      vertex 23.044999999999998 -68.59 11.4
      vertex 25.111172621157365 -27.150481386092043 11.4
      vertex 25.220646129681448 -27.17790307246372 11.4
    endloop
  endfacet
  facet normal 0 0 -1
    outer loop
      vertex 23.044999999999998 -68.59 11.4
      vertex 25.220646129681448 -27.17790307246372 11.4
      vertex 25.332280288621003 -27.19446243567303 11.4
    endloop
  endfacet
  facet normal 0 0 -1
    outer loop
      vertex 23.044999999999998 -68.59 11.4
      vertex 25.332280288621003 -27.19446243567303 11.4
      vertex 25.444999999999997 -27.200000000000003 11.4
    endloop
  endfacet
  facet normal 0 0 -1
    outer loop
      vertex 23.044999999999998 -68.59 11.4
      vertex 24.43079054599939 -26.5921062473499 11.4
      vertex 24.48880994585207 -26.688905767972546 11.4
    endloop
  endfacet
  facet normal 0 0 -1
    outer loop
      vertex 23.044999999999998 -68.59 11.4
      vertex 24.344518613907958 -26.383827378842636 11.4
      vertex 24.382538537612017 -26.490085947219857 11.4
    endloop
  endfacet
  facet normal 0 0 -1
    outer loop
      vertex 23.044999999999998 -68.59 11.4
      vertex 24.382538537612017 -26.490085947219857 11.4
      vertex 24.43079054599939 -26.5921062473499 11.4
    endloop
  endfacet
  facet normal 0 0 -1
    outer loop
      vertex 23.044999999999998 -68.59 11.4
      vertex 24.556037978632848 -26.779552276788195 11.4
      vertex 24.631827201635467 -26.863172798364534 11.4
    endloop
  endfacet
  facet normal 0 0 -1
    outer loop
      vertex 23.044999999999998 -68.59 11.4
      vertex 24.48880994585207 -26.688905767972546 11.4
      vertex 24.556037978632848 -26.779552276788195 11.4
    endloop
  endfacet
  facet normal 0 0 -1
    outer loop
      vertex 23.044999999999998 -68.59 11.4
      vertex 24.631827201635467 -26.863172798364534 11.4
      vertex 24.715447723211806 -26.938962021367153 11.4
    endloop
  endfacet
  facet normal 0 0 -1
    outer loop
      vertex 23.044999999999998 -68.59 11.4
      vertex 25.444999999999997 -27.200000000000003 11.4
      vertex 25.55771971137899 -27.19446243567303 11.4
    endloop
  endfacet
  facet normal 0 0 -1
    outer loop
      vertex 23.044999999999998 -68.59 11.4
      vertex 25.55771971137899 -27.19446243567303 11.4
      vertex 25.669353870318545 -27.17790307246372 11.4
    endloop
  endfacet
  facet normal 0 0 -1
    outer loop
      vertex 23.044999999999998 -68.59 11.4
      vertex 25.669353870318545 -27.17790307246372 11.4
      vertex 25.778827378842628 -27.150481386092043 11.4
    endloop
  endfacet
  facet normal 0 0 -1
    outer loop
      vertex 23.044999999999998 -68.59 11.4
      vertex 25.778827378842628 -27.150481386092043 11.4
      vertex 25.88508594721985 -27.112461462387984 11.4
    endloop
  endfacet
  facet normal 0 0 -1
    outer loop
      vertex 23.044999999999998 -68.59 11.4
      vertex 25.88508594721985 -27.112461462387984 11.4
      vertex 25.987106247349892 -27.06420945400061 11.4
    endloop
  endfacet
  facet normal 0 0 -1
    outer loop
      vertex 23.044999999999998 -68.59 11.4
      vertex 25.987106247349892 -27.06420945400061 11.4
      vertex 26.08390576797254 -27.006190054147932 11.4
    endloop
  endfacet
  facet normal 0 0 -1
    outer loop
      vertex 23.044999999999998 -68.59 11.4
      vertex 26.08390576797254 -27.006190054147932 11.4
      vertex 26.174552276788187 -26.938962021367153 11.4
    endloop
  endfacet
  facet normal 0 0 -1
    outer loop
      vertex 23.044999999999998 -68.59 11.4
      vertex 26.174552276788187 -26.938962021367153 11.4
      vertex 26.258172798364527 -26.863172798364534 11.4
    endloop
  endfacet
  facet normal 0 0 -1
    outer loop
      vertex 23.044999999999998 -68.59 11.4
      vertex 26.258172798364527 -26.863172798364534 11.4
      vertex 26.333962021367146 -26.779552276788195 11.4
    endloop
  endfacet
  facet normal 0 0 -1
    outer loop
      vertex 23.044999999999998 -68.59 11.4
      vertex 26.333962021367146 -26.779552276788195 11.4
      vertex 26.401190054147925 -26.688905767972546 11.4
    endloop
  endfacet
  facet normal 0 0 -1
    outer loop
      vertex 23.044999999999998 -68.59 11.4
      vertex 26.401190054147925 -26.688905767972546 11.4
      vertex 26.459209454000604 -26.5921062473499 11.4
    endloop
  endfacet
  facet normal 0 0 -1
    outer loop
      vertex 23.044999999999998 -68.59 11.4
      vertex 26.459209454000604 -26.5921062473499 11.4
      vertex 26.507461462387976 -26.490085947219857 11.4
    endloop
  endfacet
  facet normal 0 0 -1
    outer loop
      vertex 23.044999999999998 -68.59 11.4
      vertex 26.507461462387976 -26.490085947219857 11.4
      vertex 26.545481386092035 -26.383827378842636 11.4
    endloop
  endfacet
  facet normal 0 0 -1
    outer loop
      vertex 23.044999999999998 -68.59 11.4
      vertex 26.545481386092035 -26.383827378842636 11.4
      vertex 26.57290307246371 -26.274353870318553 11.4
    endloop
  endfacet
  facet normal 0 0 -1
    outer loop
      vertex 23.044999999999998 -68.59 11.4
      vertex 26.57290307246371 -26.274353870318553 11.4
      vertex 26.589462435673024 -26.162719711378998 11.4
    endloop
  endfacet
  facet normal 0 0 -1
    outer loop
      vertex 23.044999999999998 -22.75 11.4
      vertex 24.344518613907958 -26.383827378842636 11.4
      vertex 23.044999999999998 -68.59 11.4
    endloop
  endfacet
  facet normal 0 0 -1
    outer loop
      vertex 29.244999999999997 -22.75 11.4
      vertex 23.044999999999998 -68.59 11.4
      vertex 26.589462435673024 -26.162719711378998 11.4
    endloop
  endfacet
  facet normal 0 0 1
    outer loop
      vertex 26.929924240491747 -69.30507575950826 13
      vertex 26.929924240491747 -27.534924240491755 13
      vertex 21.595 -49.14416666666668 13
    endloop
  endfacet
  facet normal 1 0 0
    outer loop
      vertex 29.244999999999997 -77.79 12.5
      vertex 29.244999999999997 -22.75 11.4
      vertex 29.244999999999997 -22.75 12.5
    endloop
  endfacet
  facet normal 0 0 1
    outer loop
      vertex 27.068321952061744 -69.45777410325636 13
      vertex 27.068321952061744 -27.38222589674366 13
      vertex 26.929924240491747 -27.534924240491755 13
    endloop
  endfacet
  facet normal 0 0 1
    outer loop
      vertex 27.191086185835342 -69.62330251065885 13
      vertex 27.191086185835342 -27.21669748934117 13
      vertex 27.068321952061744 -27.38222589674366 13
    endloop
  endfacet
  facet normal 0 0 1
    outer loop
      vertex 27.297034655131544 -69.80006685266541 13
      vertex 27.297034655131544 -27.0399331473346 13
      vertex 27.191086185835342 -27.21669748934117 13
    endloop
  endfacet
  facet normal 0 0 1
    outer loop
      vertex 27.3851470182737 -69.98636479203331 13
      vertex 27.3851470182737 -26.853635207966693 13
      vertex 27.297034655131544 -27.0399331473346 13
    endloop
  endfacet
  facet normal 0 0 1
    outer loop
      vertex 28.744999999999997 -77.29 13
      vertex 28.744999999999997 -22.75 13
      vertex 27.544999999999998 -26.050000000000004 13
    endloop
  endfacet
  facet normal 0 0 1
    outer loop
      vertex 27.454574705037636 -70.18040217776563 13
      vertex 27.454574705037636 -26.659597822234375 13
      vertex 27.3851470182737 -26.853635207966693 13
    endloop
  endfacet
  facet normal 0 0 1
    outer loop
      vertex 27.50464908884678 -70.38031032376614 13
      vertex 27.50464908884678 -26.459689676233875 13
      vertex 27.454574705037636 -26.659597822234375 13
    endloop
  endfacet
  facet normal 0 0 1
    outer loop
      vertex 27.53488792601161 -70.58416400530793 13
      vertex 27.53488792601161 -26.25583599469208 13
      vertex 27.50464908884678 -26.459689676233875 13
    endloop
  endfacet
  facet normal 0 0 1
    outer loop
      vertex 27.544999999999998 -70.79 13
      vertex 27.544999999999998 -26.050000000000004 13
      vertex 27.53488792601161 -26.25583599469208 13
    endloop
  endfacet
  facet normal 0.7071067811865476 0 0.7071067811865476
    outer loop
      vertex 28.744999999999997 -77.29 13
      vertex 29.244999999999997 -22.75 12.5
      vertex 28.744999999999997 -22.75 13
    endloop
  endfacet
  facet normal 0 0 -1
    outer loop
      vertex 23.044999999999998 -22.75 11.4
      vertex 24.317096927536284 -26.274353870318553 11.4
      vertex 24.344518613907958 -26.383827378842636 11.4
    endloop
  endfacet
  facet normal 0 0 -1
    outer loop
      vertex 23.044999999999998 -22.75 11.4
      vertex 24.30053756432697 -26.162719711378998 11.4
      vertex 24.317096927536284 -26.274353870318553 11.4
    endloop
  endfacet
  facet normal 0 0 -1
    outer loop
      vertex 23.044999999999998 -22.75 11.4
      vertex 24.294999999999998 -26.050000000000004 11.4
      vertex 24.30053756432697 -26.162719711378998 11.4
    endloop
  endfacet
  facet normal 0 0 -1
    outer loop
      vertex 23.044999999999998 -22.75 11.4
      vertex 24.30053756432697 -25.93728028862101 11.4
      vertex 24.294999999999998 -26.050000000000004 11.4
    endloop
  endfacet
  facet normal 0 0 -1
    outer loop
      vertex 23.044999999999998 -22.75 11.4
      vertex 24.317096927536284 -25.825646129681456 11.4
      vertex 24.30053756432697 -25.93728028862101 11.4
    endloop
  endfacet
  facet normal 0 0 -1
    outer loop
      vertex 23.044999999999998 -22.75 11.4
      vertex 24.344518613907958 -25.716172621157373 11.4
      vertex 24.317096927536284 -25.825646129681456 11.4
    endloop
  endfacet
  facet normal 0 0 -1
    outer loop
      vertex 23.044999999999998 -22.75 11.4
      vertex 24.382538537612017 -25.60991405278015 11.4
      vertex 24.344518613907958 -25.716172621157373 11.4
    endloop
  endfacet
  facet normal 0 0 -1
    outer loop
      vertex 23.044999999999998 -22.75 11.4
      vertex 24.43079054599939 -25.50789375265011 11.4
      vertex 24.382538537612017 -25.60991405278015 11.4
    endloop
  endfacet
  facet normal 0 0 -1
    outer loop
      vertex 23.044999999999998 -22.75 11.4
      vertex 24.48880994585207 -25.411094232027462 11.4
      vertex 24.43079054599939 -25.50789375265011 11.4
    endloop
  endfacet
  facet normal 0 0 -1
    outer loop
      vertex 23.044999999999998 -22.75 11.4
      vertex 24.556037978632848 -25.320447723211814 11.4
      vertex 24.48880994585207 -25.411094232027462 11.4
    endloop
  endfacet
  facet normal 0 0 -1
    outer loop
      vertex 23.044999999999998 -22.75 11.4
      vertex 24.631827201635467 -25.236827201635474 11.4
      vertex 24.556037978632848 -25.320447723211814 11.4
    endloop
  endfacet
  facet normal 0 0 -1
    outer loop
      vertex 23.044999999999998 -22.75 11.4
      vertex 24.715447723211806 -25.161037978632855 11.4
      vertex 24.631827201635467 -25.236827201635474 11.4
    endloop
  endfacet
  facet normal 0 0 -1
    outer loop
      vertex 23.044999999999998 -22.75 11.4
      vertex 24.806094232027455 -25.093809945852076 11.4
      vertex 24.715447723211806 -25.161037978632855 11.4
    endloop
  endfacet
  facet normal 0 0 -1
    outer loop
      vertex 23.044999999999998 -22.75 11.4
      vertex 24.9028937526501 -25.035790545999397 11.4
      vertex 24.806094232027455 -25.093809945852076 11.4
    endloop
  endfacet
  facet normal 0 0 -1
    outer loop
      vertex 23.044999999999998 -22.75 11.4
      vertex 25.004914052780144 -24.987538537612025 11.4
      vertex 24.9028937526501 -25.035790545999397 11.4
    endloop
  endfacet
  facet normal 0 0 -1
    outer loop
      vertex 23.044999999999998 -22.75 11.4
      vertex 25.111172621157365 -24.949518613907966 11.4
      vertex 25.004914052780144 -24.987538537612025 11.4
    endloop
  endfacet
  facet normal 0 0 -1
    outer loop
      vertex 23.044999999999998 -22.75 11.4
      vertex 25.220646129681448 -24.922096927536288 11.4
      vertex 25.111172621157365 -24.949518613907966 11.4
    endloop
  endfacet
  facet normal 0 0 -1
    outer loop
      vertex 23.044999999999998 -22.75 11.4
      vertex 25.332280288621003 -24.905537564326977 11.4
      vertex 25.220646129681448 -24.922096927536288 11.4
    endloop
  endfacet
  facet normal 0 0 -1
    outer loop
      vertex 23.044999999999998 -22.75 11.4
      vertex 25.444999999999997 -24.900000000000006 11.4
      vertex 25.332280288621003 -24.905537564326977 11.4
    endloop
  endfacet
  facet normal 0 0 -1
    outer loop
      vertex 23.044999999999998 -22.75 11.4
      vertex 25.55771971137899 -24.905537564326977 11.4
      vertex 25.444999999999997 -24.900000000000006 11.4
    endloop
  endfacet
  facet normal 0 0 -1
    outer loop
      vertex 23.044999999999998 -22.75 11.4
      vertex 25.669353870318545 -24.922096927536288 11.4
      vertex 25.55771971137899 -24.905537564326977 11.4
    endloop
  endfacet
  facet normal 0 0 -1
    outer loop
      vertex 23.044999999999998 -22.75 11.4
      vertex 25.778827378842628 -24.949518613907966 11.4
      vertex 25.669353870318545 -24.922096927536288 11.4
    endloop
  endfacet
  facet normal 0 0 -1
    outer loop
      vertex 23.044999999999998 -22.75 11.4
      vertex 25.88508594721985 -24.987538537612025 11.4
      vertex 25.778827378842628 -24.949518613907966 11.4
    endloop
  endfacet
  facet normal 0 0 -1
    outer loop
      vertex 29.244999999999997 -22.75 11.4
      vertex 26.507461462387976 -25.60991405278015 11.4
      vertex 26.459209454000604 -25.50789375265011 11.4
    endloop
  endfacet
  facet normal 0 0 -1
    outer loop
      vertex 29.244999999999997 -22.75 11.4
      vertex 26.401190054147925 -25.411094232027462 11.4
      vertex 26.333962021367146 -25.320447723211814 11.4
    endloop
  endfacet
  facet normal 0 0 -1
    outer loop
      vertex 29.244999999999997 -22.75 11.4
      vertex 26.459209454000604 -25.50789375265011 11.4
      vertex 26.401190054147925 -25.411094232027462 11.4
    endloop
  endfacet
  facet normal 0 0 -1
    outer loop
      vertex 29.244999999999997 -22.75 11.4
      vertex 25.88508594721985 -24.987538537612025 11.4
      vertex 23.044999999999998 -22.75 11.4
    endloop
  endfacet
  facet normal 0 0 -1
    outer loop
      vertex 29.244999999999997 -22.75 11.4
      vertex 25.987106247349892 -25.035790545999397 11.4
      vertex 25.88508594721985 -24.987538537612025 11.4
    endloop
  endfacet
  facet normal 0 0 -1
    outer loop
      vertex 29.244999999999997 -22.75 11.4
      vertex 26.08390576797254 -25.093809945852076 11.4
      vertex 25.987106247349892 -25.035790545999397 11.4
    endloop
  endfacet
  facet normal 0 0 -1
    outer loop
      vertex 29.244999999999997 -22.75 11.4
      vertex 26.174552276788187 -25.161037978632855 11.4
      vertex 26.08390576797254 -25.093809945852076 11.4
    endloop
  endfacet
  facet normal 0 0 -1
    outer loop
      vertex 29.244999999999997 -22.75 11.4
      vertex 26.258172798364527 -25.236827201635474 11.4
      vertex 26.174552276788187 -25.161037978632855 11.4
    endloop
  endfacet
  facet normal 0 0 -1
    outer loop
      vertex 29.244999999999997 -22.75 11.4
      vertex 26.333962021367146 -25.320447723211814 11.4
      vertex 26.258172798364527 -25.236827201635474 11.4
    endloop
  endfacet
  facet normal 0 0 -1
    outer loop
      vertex 29.244999999999997 -22.75 11.4
      vertex 26.589462435673024 -26.162719711378998 11.4
      vertex 26.594999999999995 -26.050000000000004 11.4
    endloop
  endfacet
  facet normal 0 0 -1
    outer loop
      vertex 29.244999999999997 -22.75 11.4
      vertex 26.594999999999995 -26.050000000000004 11.4
      vertex 26.589462435673024 -25.93728028862101 11.4
    endloop
  endfacet
  facet normal 0 0 -1
    outer loop
      vertex 29.244999999999997 -22.75 11.4
      vertex 26.589462435673024 -25.93728028862101 11.4
      vertex 26.57290307246371 -25.825646129681456 11.4
    endloop
  endfacet
  facet normal 0 0 -1
    outer loop
      vertex 29.244999999999997 -22.75 11.4
      vertex 26.57290307246371 -25.825646129681456 11.4
      vertex 26.545481386092035 -25.716172621157373 11.4
    endloop
  endfacet
  facet normal 0 0 -1
    outer loop
      vertex 29.244999999999997 -22.75 11.4
      vertex 26.545481386092035 -25.716172621157373 11.4
      vertex 26.507461462387976 -25.60991405278015 11.4
    endloop
  endfacet
  facet normal 0 0 1
    outer loop
      vertex 21.595 -49.14416666666668 13
      vertex 24.278302510658833 -27.79608618583535 13
      vertex 24.112774103256342 -27.67332195206175 13
    endloop
  endfacet
  facet normal 0 0 1
    outer loop
      vertex 21.595 -49.14416666666668 13
      vertex 24.4550668526654 -27.90203465513155 13
      vertex 24.278302510658833 -27.79608618583535 13
    endloop
  endfacet
  facet normal 0 0 1
    outer loop
      vertex 21.595 -49.14416666666668 13
      vertex 24.641364792033308 -27.990147018273706 13
      vertex 24.4550668526654 -27.90203465513155 13
    endloop
  endfacet
  facet normal 0 0 1
    outer loop
      vertex 21.595 -49.14416666666668 13
      vertex 24.835402177765626 -28.059574705037644 13
      vertex 24.641364792033308 -27.990147018273706 13
    endloop
  endfacet
  facet normal 0 0 1
    outer loop
      vertex 21.595 -49.14416666666668 13
      vertex 23.504852981726295 -26.853635207966693 13
      vertex 23.435425294962357 -26.659597822234375 13
    endloop
  endfacet
  facet normal 0 0 1
    outer loop
      vertex 21.595 -49.14416666666668 13
      vertex 23.435425294962357 -26.659597822234375 13
      vertex 21.595 -23.950000000000003 13
    endloop
  endfacet
  facet normal 0 0 1
    outer loop
      vertex 21.595 -49.14416666666668 13
      vertex 23.82167804793825 -27.38222589674366 13
      vertex 23.69891381416465 -27.21669748934117 13
    endloop
  endfacet
  facet normal 0 0 1
    outer loop
      vertex 21.595 -49.14416666666668 13
      vertex 23.69891381416465 -27.21669748934117 13
      vertex 23.59296534486845 -27.0399331473346 13
    endloop
  endfacet
  facet normal 0 0 1
    outer loop
      vertex 21.595 -49.14416666666668 13
      vertex 23.960075759508246 -27.534924240491755 13
      vertex 23.82167804793825 -27.38222589674366 13
    endloop
  endfacet
  facet normal 0 0 1
    outer loop
      vertex 21.595 -49.14416666666668 13
      vertex 24.112774103256342 -27.67332195206175 13
      vertex 23.960075759508246 -27.534924240491755 13
    endloop
  endfacet
  facet normal 0 0 1
    outer loop
      vertex 21.595 -49.14416666666668 13
      vertex 23.59296534486845 -27.0399331473346 13
      vertex 23.504852981726295 -26.853635207966693 13
    endloop
  endfacet
  facet normal 0 0 1
    outer loop
      vertex 21.595 -49.14416666666668 13
      vertex 25.035310323766126 -28.109649088846787 13
      vertex 24.835402177765626 -28.059574705037644 13
    endloop
  endfacet
  facet normal 0 0 1
    outer loop
      vertex 21.595 -49.14416666666668 13
      vertex 25.23916400530792 -28.139887926011617 13
      vertex 25.035310323766126 -28.109649088846787 13
    endloop
  endfacet
  facet normal 0 0 1
    outer loop
      vertex 21.595 -49.14416666666668 13
      vertex 25.444999999999997 -28.150000000000006 13
      vertex 25.23916400530792 -28.139887926011617 13
    endloop
  endfacet
  facet normal 0 0 1
    outer loop
      vertex 21.595 -49.14416666666668 13
      vertex 25.650835994692073 -28.139887926011617 13
      vertex 25.444999999999997 -28.150000000000006 13
    endloop
  endfacet
  facet normal 0 0 1
    outer loop
      vertex 21.595 -49.14416666666668 13
      vertex 25.854689676233868 -28.109649088846787 13
      vertex 25.650835994692073 -28.139887926011617 13
    endloop
  endfacet
  facet normal 0 0 1
    outer loop
      vertex 21.595 -49.14416666666668 13
      vertex 26.054597822234367 -28.059574705037644 13
      vertex 25.854689676233868 -28.109649088846787 13
    endloop
  endfacet
  facet normal 0 0 1
    outer loop
      vertex 21.595 -49.14416666666668 13
      vertex 26.248635207966686 -27.990147018273706 13
      vertex 26.054597822234367 -28.059574705037644 13
    endloop
  endfacet
  facet normal 0 0 1
    outer loop
      vertex 21.595 -49.14416666666668 13
      vertex 26.434933147334593 -27.90203465513155 13
      vertex 26.248635207966686 -27.990147018273706 13
    endloop
  endfacet
  facet normal 0 0 1
    outer loop
      vertex 21.595 -49.14416666666668 13
      vertex 26.61169748934116 -27.79608618583535 13
      vertex 26.434933147334593 -27.90203465513155 13
    endloop
  endfacet
  facet normal 0 0 1
    outer loop
      vertex 21.595 -49.14416666666668 13
      vertex 26.77722589674365 -27.67332195206175 13
      vertex 26.61169748934116 -27.79608618583535 13
    endloop
  endfacet
  facet normal 0 0 1
    outer loop
      vertex 21.595 -49.14416666666668 13
      vertex 26.929924240491747 -27.534924240491755 13
      vertex 26.77722589674365 -27.67332195206175 13
    endloop
  endfacet
  facet normal 0 1 0
    outer loop
      vertex 28.744999999999997 -22.75 13
      vertex 23.044999999999998 -22.75 11.4
      vertex 23.044999999999998 -22.75 11.6
    endloop
  endfacet
  facet normal 0 1 0
    outer loop
      vertex 29.244999999999997 -22.75 11.4
      vertex 23.044999999999998 -22.75 11.4
      vertex 28.744999999999997 -22.75 13
    endloop
  endfacet
  facet normal 0 1 0
    outer loop
      vertex 29.244999999999997 -22.75 11.4
      vertex 28.744999999999997 -22.75 13
      vertex 29.244999999999997 -22.75 12.5
    endloop
  endfacet
  facet normal 0 0 1
    outer loop
      vertex 21.595 -23.950000000000003 13
      vertex 23.435425294962357 -26.659597822234375 13
      vertex 23.385350911153214 -26.459689676233875 13
    endloop
  endfacet
  facet normal 0 0 1
    outer loop
      vertex 21.595 -23.950000000000003 13
      vertex 23.385350911153214 -26.459689676233875 13
      vertex 23.355112073988384 -26.25583599469208 13
    endloop
  endfacet
  facet normal 0 0 1
    outer loop
      vertex 21.595 -23.950000000000003 13
      vertex 23.355112073988384 -26.25583599469208 13
      vertex 23.344999999999995 -26.050000000000004 13
    endloop
  endfacet
  facet normal 0 0 1
    outer loop
      vertex 21.595 -23.950000000000003 13
      vertex 23.344999999999995 -26.050000000000004 13
      vertex 23.355112073988384 -25.844164005307928 13
    endloop
  endfacet
  facet normal 0 0 1
    outer loop
      vertex 21.595 -23.950000000000003 13
      vertex 23.355112073988384 -25.844164005307928 13
      vertex 23.385350911153214 -25.640310323766133 13
    endloop
  endfacet
  facet normal 0 0 1
    outer loop
      vertex 21.595 -23.950000000000003 13
      vertex 23.385350911153214 -25.640310323766133 13
      vertex 23.435425294962357 -25.440402177765634 13
    endloop
  endfacet
  facet normal 0 0 1
    outer loop
      vertex 21.595 -23.950000000000003 13
      vertex 23.435425294962357 -25.440402177765634 13
      vertex 23.504852981726295 -25.246364792033315 13
    endloop
  endfacet
  facet normal 0 0 1
    outer loop
      vertex 21.595 -23.950000000000003 13
      vertex 23.504852981726295 -25.246364792033315 13
      vertex 23.59296534486845 -25.060066852665408 13
    endloop
  endfacet
  facet normal 0 0 1
    outer loop
      vertex 21.595 -23.950000000000003 13
      vertex 23.59296534486845 -25.060066852665408 13
      vertex 23.69891381416465 -24.88330251065884 13
    endloop
  endfacet
  facet normal 0 0 1
    outer loop
      vertex 21.595 -23.950000000000003 13
      vertex 23.69891381416465 -24.88330251065884 13
      vertex 23.82167804793825 -24.71777410325635 13
    endloop
  endfacet
  facet normal 0 0 1
    outer loop
      vertex 21.595 -23.950000000000003 13
      vertex 23.82167804793825 -24.71777410325635 13
      vertex 23.960075759508246 -24.565075759508254 13
    endloop
  endfacet
  facet normal 0 0 1
    outer loop
      vertex 21.595 -23.950000000000003 13
      vertex 23.960075759508246 -24.565075759508254 13
      vertex 24.112774103256342 -24.426678047938257 13
    endloop
  endfacet
  facet normal 0 0 1
    outer loop
      vertex 21.595 -23.950000000000003 13
      vertex 24.112774103256342 -24.426678047938257 13
      vertex 24.278302510658833 -24.30391381416466 13
    endloop
  endfacet
  facet normal 0 0 1
    outer loop
      vertex 21.595 -23.950000000000003 13
      vertex 24.278302510658833 -24.30391381416466 13
      vertex 24.4550668526654 -24.197965344868457 13
    endloop
  endfacet
  facet normal 0 0 1
    outer loop
      vertex 21.595 -23.950000000000003 13
      vertex 24.4550668526654 -24.197965344868457 13
      vertex 24.641364792033308 -24.109852981726302 13
    endloop
  endfacet
  facet normal 0 0 1
    outer loop
      vertex 21.595 -23.950000000000003 13
      vertex 24.641364792033308 -24.109852981726302 13
      vertex 24.835402177765626 -24.040425294962365 13
    endloop
  endfacet
  facet normal 0 0 1
    outer loop
      vertex 21.595 -23.950000000000003 13
      vertex 24.835402177765626 -24.040425294962365 13
      vertex 25.035310323766126 -23.99035091115322 13
    endloop
  endfacet
  facet normal 0 0 1
    outer loop
      vertex 28.744999999999997 -22.75 13
      vertex 25.23916400530792 -23.96011207398839 13
      vertex 25.444999999999997 -23.950000000000003 13
    endloop
  endfacet
  facet normal 0 0 1
    outer loop
      vertex 28.744999999999997 -22.75 13
      vertex 26.054597822234367 -24.040425294962365 13
      vertex 26.248635207966686 -24.109852981726302 13
    endloop
  endfacet
  facet normal 0 0 1
    outer loop
      vertex 28.744999999999997 -22.75 13
      vertex 26.248635207966686 -24.109852981726302 13
      vertex 26.434933147334593 -24.197965344868457 13
    endloop
  endfacet
  facet normal 0 0 1
    outer loop
      vertex 28.744999999999997 -22.75 13
      vertex 26.61169748934116 -24.30391381416466 13
      vertex 26.77722589674365 -24.426678047938257 13
    endloop
  endfacet
  facet normal 0 0 1
    outer loop
      vertex 28.744999999999997 -22.75 13
      vertex 26.434933147334593 -24.197965344868457 13
      vertex 26.61169748934116 -24.30391381416466 13
    endloop
  endfacet
  facet normal 0 0 1
    outer loop
      vertex 28.744999999999997 -22.75 13
      vertex 25.444999999999997 -23.950000000000003 13
      vertex 25.650835994692073 -23.96011207398839 13
    endloop
  endfacet
  facet normal 0 0 1
    outer loop
      vertex 28.744999999999997 -22.75 13
      vertex 25.650835994692073 -23.96011207398839 13
      vertex 25.854689676233868 -23.99035091115322 13
    endloop
  endfacet
  facet normal 0 0 1
    outer loop
      vertex 28.744999999999997 -22.75 13
      vertex 25.854689676233868 -23.99035091115322 13
      vertex 26.054597822234367 -24.040425294962365 13
    endloop
  endfacet
  facet normal 0 0 1
    outer loop
      vertex 28.744999999999997 -22.75 13
      vertex 27.3851470182737 -25.246364792033315 13
      vertex 27.454574705037636 -25.440402177765634 13
    endloop
  endfacet
  facet normal 0 0 1
    outer loop
      vertex 28.744999999999997 -22.75 13
      vertex 27.53488792601161 -25.844164005307928 13
      vertex 27.544999999999998 -26.050000000000004 13
    endloop
  endfacet
  facet normal 0 0 1
    outer loop
      vertex 28.744999999999997 -22.75 13
      vertex 27.50464908884678 -25.640310323766133 13
      vertex 27.53488792601161 -25.844164005307928 13
    endloop
  endfacet
  facet normal 0 0 1
    outer loop
      vertex 28.744999999999997 -22.75 13
      vertex 27.454574705037636 -25.440402177765634 13
      vertex 27.50464908884678 -25.640310323766133 13
    endloop
  endfacet
  facet normal 0 0 1
    outer loop
      vertex 28.744999999999997 -22.75 13
      vertex 27.297034655131544 -25.060066852665408 13
      vertex 27.3851470182737 -25.246364792033315 13
    endloop
  endfacet
  facet normal 0 0 1
    outer loop
      vertex 28.744999999999997 -22.75 13
      vertex 27.191086185835342 -24.88330251065884 13
      vertex 27.297034655131544 -25.060066852665408 13
    endloop
  endfacet
  facet normal 0 0 1
    outer loop
      vertex 28.744999999999997 -22.75 13
      vertex 27.068321952061744 -24.71777410325635 13
      vertex 27.191086185835342 -24.88330251065884 13
    endloop
  endfacet
  facet normal 0 0 1
    outer loop
      vertex 28.744999999999997 -22.75 13
      vertex 26.77722589674365 -24.426678047938257 13
      vertex 26.929924240491747 -24.565075759508254 13
    endloop
  endfacet
  facet normal 0 0 1
    outer loop
      vertex 28.744999999999997 -22.75 13
      vertex 26.929924240491747 -24.565075759508254 13
      vertex 27.068321952061744 -24.71777410325635 13
    endloop
  endfacet
  facet normal -1 0 0
    outer loop
      vertex -22.444999999999997 -70.44 7.4
      vertex -22.444999999999997 -70.44 11.4
      vertex -22.444999999999997 -68.94 7.4
    endloop
  endfacet
  facet normal -1 0 0
    outer loop
      vertex -22.444999999999997 -68.94 7.4
      vertex -22.444999999999997 -70.44 11.4
      vertex -22.444999999999997 -68.94 11.4
    endloop
  endfacet
  facet normal 0 0 -1
    outer loop
      vertex -22.444999999999997 -70.44 7.4
      vertex -22.444999999999997 -68.94 7.4
      vertex 22.444999999999997 -68.94 7.4
    endloop
  endfacet
  facet normal 0 1 0
    outer loop
      vertex -22.444999999999997 -68.94 7.4
      vertex -22.444999999999997 -68.94 11.4
      vertex 22.444999999999997 -68.94 7.4
    endloop
  endfacet
  facet normal 0 -1 0
    outer loop
      vertex -22.444999999999997 -70.44 7.4
      vertex 22.444999999999997 -70.44 11.4
      vertex -22.444999999999997 -70.44 11.4
    endloop
  endfacet
  facet normal 0 0 -1
    outer loop
      vertex -22.444999999999997 -70.44 7.4
      vertex 22.444999999999997 -68.94 7.4
      vertex 22.444999999999997 -70.44 7.4
    endloop
  endfacet
  facet normal 0 -1 0
    outer loop
      vertex -22.444999999999997 -70.44 7.4
      vertex 22.444999999999997 -70.44 7.4
      vertex 22.444999999999997 -70.44 11.4
    endloop
  endfacet
  facet normal 0 1 0
    outer loop
      vertex -22.444999999999997 -68.94 11.4
      vertex 22.444999999999997 -68.94 11.4
      vertex 22.444999999999997 -68.94 7.4
    endloop
  endfacet
  facet normal 1 0 0
    outer loop
      vertex 22.444999999999997 -70.44 7.4
      vertex 22.444999999999997 -68.94 7.4
      vertex 22.444999999999997 -68.94 11.4
    endloop
  endfacet
  facet normal 1 0 0
    outer loop
      vertex 22.444999999999997 -70.44 7.4
      vertex 22.444999999999997 -68.94 11.4
      vertex 22.444999999999997 -70.44 11.4
    endloop
  endfacet
  facet normal 0.9415440651830238 0.3368898533922117 0
    outer loop
      vertex -26.545481386092035 -26.383827378842636 12.6
      vertex -26.507461462387976 -26.490085947219857 11.4
      vertex -26.545481386092035 -26.383827378842636 11.4
    endloop
  endfacet
  facet normal 0.9700312531945439 0.24298017990326443 0
    outer loop
      vertex -26.57290307246371 -26.274353870318553 12.6
      vertex -26.545481386092035 -26.383827378842636 11.4
      vertex -26.57290307246371 -26.274353870318553 11.4
    endloop
  endfacet
  facet normal 0.9891765099647778 0.14673047445538254 0
    outer loop
      vertex -26.589462435673024 -26.162719711378998 12.6
      vertex -26.57290307246371 -26.274353870318553 11.4
      vertex -26.589462435673024 -26.162719711378998 11.4
    endloop
  endfacet
  facet normal 0.4275550934302916 0.9039892931234388 0
    outer loop
      vertex -25.987106247349892 -27.06420945400061 12.6
      vertex -25.88508594721985 -27.112461462387984 11.4
      vertex -25.987106247349892 -27.06420945400061 11.4
    endloop
  endfacet
  facet normal 0.3368898533922117 0.9415440651830238 0
    outer loop
      vertex -25.88508594721985 -27.112461462387984 12.6
      vertex -25.778827378842628 -27.150481386092043 11.4
      vertex -25.88508594721985 -27.112461462387984 11.4
    endloop
  endfacet
  facet normal 0.24298017990329404 0.9700312531945364 0
    outer loop
      vertex -25.778827378842628 -27.150481386092043 12.6
      vertex -25.669353870318545 -27.17790307246372 11.4
      vertex -25.778827378842628 -27.150481386092043 11.4
    endloop
  endfacet
  facet normal 0.14673047445535176 0.9891765099647825 0
    outer loop
      vertex -25.669353870318545 -27.17790307246372 12.6
      vertex -25.55771971137899 -27.19446243567303 11.4
      vertex -25.669353870318545 -27.17790307246372 11.4
    endloop
  endfacet
  facet normal 0.8577286100002838 0.514102744193202 0
    outer loop
      vertex -26.459209454000604 -26.5921062473499 12.6
      vertex -26.401190054147925 -26.688905767972546 11.4
      vertex -26.459209454000604 -26.5921062473499 11.4
    endloop
  endfacet
  facet normal 0.7409511253549601 0.6715589548470172 0
    outer loop
      vertex -26.333962021367146 -26.779552276788195 12.6
      vertex -26.258172798364527 -26.863172798364534 11.4
      vertex -26.333962021367146 -26.779552276788195 11.4
    endloop
  endfacet
  facet normal 0.8032075314806437 0.595699304492435 0
    outer loop
      vertex -26.401190054147925 -26.688905767972546 12.6
      vertex -26.333962021367146 -26.779552276788195 11.4
      vertex -26.401190054147925 -26.688905767972546 11.4
    endloop
  endfacet
  facet normal 0.6715589548470172 0.7409511253549601 0
    outer loop
      vertex -26.258172798364527 -26.863172798364534 12.6
      vertex -26.174552276788187 -26.938962021367153 11.4
      vertex -26.258172798364527 -26.863172798364534 11.4
    endloop
  endfacet
  facet normal 0.595699304492435 0.8032075314806437 0
    outer loop
      vertex -26.174552276788187 -26.938962021367153 12.6
      vertex -26.08390576797254 -27.006190054147932 11.4
      vertex -26.174552276788187 -26.938962021367153 11.4
    endloop
  endfacet
  facet normal 0.514102744193202 0.8577286100002838 0
    outer loop
      vertex -26.08390576797254 -27.006190054147932 12.6
      vertex -25.987106247349892 -27.06420945400061 11.4
      vertex -26.08390576797254 -27.006190054147932 11.4
    endloop
  endfacet
  facet normal 0.9039892931234388 0.4275550934302916 0
    outer loop
      vertex -26.507461462387976 -26.490085947219857 12.6
      vertex -26.459209454000604 -26.5921062473499 11.4
      vertex -26.507461462387976 -26.490085947219857 11.4
    endloop
  endfacet
  facet normal 0.9415440651830238 0.3368898533922117 0
    outer loop
      vertex -26.507461462387976 -26.490085947219857 12.6
      vertex -26.507461462387976 -26.490085947219857 11.4
      vertex -26.545481386092035 -26.383827378842636 12.6
    endloop
  endfacet
  facet normal 0.9700312531945439 0.24298017990326443 0
    outer loop
      vertex -26.545481386092035 -26.383827378842636 12.6
      vertex -26.545481386092035 -26.383827378842636 11.4
      vertex -26.57290307246371 -26.274353870318553 12.6
    endloop
  endfacet
  facet normal 0.9891765099647778 0.14673047445538254 0
    outer loop
      vertex -26.57290307246371 -26.274353870318553 12.6
      vertex -26.57290307246371 -26.274353870318553 11.4
      vertex -26.589462435673024 -26.162719711378998 12.6
    endloop
  endfacet
  facet normal 0.4275550934302916 0.9039892931234388 1.3082830184480955e-18
    outer loop
      vertex -25.987106247349892 -27.06420945400061 12.6
      vertex -25.88508594721985 -27.112461462387984 12.6
      vertex -25.88508594721985 -27.112461462387984 11.4
    endloop
  endfacet
  facet normal 0.24298017990329404 0.9700312531945364 7.845193250832345e-19
    outer loop
      vertex -25.778827378842628 -27.150481386092043 12.6
      vertex -25.669353870318545 -27.17790307246372 12.6
      vertex -25.669353870318545 -27.17790307246372 11.4
    endloop
  endfacet
  facet normal 0.3368898533922117 0.9415440651830238 7.767483204568895e-19
    outer loop
      vertex -25.88508594721985 -27.112461462387984 12.6
      vertex -25.778827378842628 -27.150481386092043 12.6
      vertex -25.778827378842628 -27.150481386092043 11.4
    endloop
  endfacet
  facet normal 0.14673047445535176 0.9891765099647825 -2.592792987872455e-19
    outer loop
      vertex -25.669353870318545 -27.17790307246372 12.6
      vertex -25.55771971137899 -27.19446243567303 12.6
      vertex -25.55771971137899 -27.19446243567303 11.4
    endloop
  endfacet
  facet normal 0.7409511253549601 0.6715589548470172 0
    outer loop
      vertex -26.258172798364527 -26.863172798364534 12.6
      vertex -26.258172798364527 -26.863172798364534 11.4
      vertex -26.333962021367146 -26.779552276788195 12.6
    endloop
  endfacet
  facet normal 0.8577286100002838 0.514102744193202 0
    outer loop
      vertex -26.401190054147925 -26.688905767972546 12.6
      vertex -26.401190054147925 -26.688905767972546 11.4
      vertex -26.459209454000604 -26.5921062473499 12.6
    endloop
  endfacet
  facet normal 0.8032075314806437 0.595699304492435 -2.479429543411636e-18
    outer loop
      vertex -26.401190054147925 -26.688905767972546 12.6
      vertex -26.333962021367146 -26.779552276788195 12.6
      vertex -26.333962021367146 -26.779552276788195 11.4
    endloop
  endfacet
  facet normal 0.6715589548470172 0.7409511253549601 -1.7557859543602345e-18
    outer loop
      vertex -26.258172798364527 -26.863172798364534 12.6
      vertex -26.174552276788187 -26.938962021367153 12.6
      vertex -26.174552276788187 -26.938962021367153 11.4
    endloop
  endfacet
  facet normal 0.595699304492435 0.8032075314806437 -2.479429543411636e-18
    outer loop
      vertex -26.174552276788187 -26.938962021367153 12.6
      vertex -26.08390576797254 -27.006190054147932 12.6
      vertex -26.08390576797254 -27.006190054147932 11.4
    endloop
  endfacet
  facet normal 0.9039892931234388 0.4275550934302916 1.3082830184480955e-18
    outer loop
      vertex -26.507461462387976 -26.490085947219857 12.6
      vertex -26.459209454000604 -26.5921062473499 12.6
      vertex -26.459209454000604 -26.5921062473499 11.4
    endloop
  endfacet
  facet normal 0.514102744193202 0.8577286100002838 1.289860548906073e-18
    outer loop
      vertex -26.08390576797254 -27.006190054147932 12.6
      vertex -25.987106247349892 -27.06420945400061 12.6
      vertex -25.987106247349892 -27.06420945400061 11.4
    endloop
  endfacet
  facet normal 0.9987954562051734 0.04906767432739827 0
    outer loop
      vertex -26.594999999999995 -26.050000000000004 12.6
      vertex -26.589462435673024 -26.162719711378998 11.4
      vertex -26.594999999999995 -26.050000000000004 11.4
    endloop
  endfacet
  facet normal 0.9987954562051734 -0.04906767432739827 0
    outer loop
      vertex -26.589462435673024 -25.93728028862101 12.6
      vertex -26.594999999999995 -26.050000000000004 11.4
      vertex -26.589462435673024 -25.93728028862101 11.4
    endloop
  endfacet
  facet normal 0.9891765099647778 -0.14673047445538254 0
    outer loop
      vertex -26.57290307246371 -25.825646129681456 12.6
      vertex -26.589462435673024 -25.93728028862101 11.4
      vertex -26.57290307246371 -25.825646129681456 11.4
    endloop
  endfacet
  facet normal 0.9700312531945439 -0.24298017990326443 0
    outer loop
      vertex -26.545481386092035 -25.716172621157373 12.6
      vertex -26.57290307246371 -25.825646129681456 11.4
      vertex -26.545481386092035 -25.716172621157373 11.4
    endloop
  endfacet
  facet normal 0.9415440651830238 -0.3368898533922117 0
    outer loop
      vertex -26.507461462387976 -25.60991405278015 12.6
      vertex -26.545481386092035 -25.716172621157373 11.4
      vertex -26.507461462387976 -25.60991405278015 11.4
    endloop
  endfacet
  facet normal 0.9039892931234388 -0.4275550934302916 0
    outer loop
      vertex -26.459209454000604 -25.50789375265011 12.6
      vertex -26.507461462387976 -25.60991405278015 11.4
      vertex -26.459209454000604 -25.50789375265011 11.4
    endloop
  endfacet
  facet normal 0.8577286100002838 -0.514102744193202 0
    outer loop
      vertex -26.401190054147925 -25.411094232027462 12.6
      vertex -26.459209454000604 -25.50789375265011 11.4
      vertex -26.401190054147925 -25.411094232027462 11.4
    endloop
  endfacet
  facet normal 0.8032075314806437 -0.595699304492435 0
    outer loop
      vertex -26.333962021367146 -25.320447723211814 12.6
      vertex -26.401190054147925 -25.411094232027462 11.4
      vertex -26.333962021367146 -25.320447723211814 11.4
    endloop
  endfacet
  facet normal 0.7409511253549601 -0.6715589548470172 0
    outer loop
      vertex -26.258172798364527 -25.236827201635474 12.6
      vertex -26.333962021367146 -25.320447723211814 11.4
      vertex -26.258172798364527 -25.236827201635474 11.4
    endloop
  endfacet
  facet normal 0.6715589548470172 -0.7409511253549601 0
    outer loop
      vertex -26.174552276788187 -25.161037978632855 12.6
      vertex -26.258172798364527 -25.236827201635474 11.4
      vertex -26.174552276788187 -25.161037978632855 11.4
    endloop
  endfacet
  facet normal 0.595699304492435 -0.8032075314806437 0
    outer loop
      vertex -26.08390576797254 -25.093809945852076 12.6
      vertex -26.174552276788187 -25.161037978632855 11.4
      vertex -26.08390576797254 -25.093809945852076 11.4
    endloop
  endfacet
  facet normal 0.514102744193202 -0.8577286100002838 0
    outer loop
      vertex -25.987106247349892 -25.035790545999397 12.6
      vertex -26.08390576797254 -25.093809945852076 11.4
      vertex -25.987106247349892 -25.035790545999397 11.4
    endloop
  endfacet
  facet normal 0.4275550934302916 -0.9039892931234388 0
    outer loop
      vertex -25.88508594721985 -24.987538537612025 12.6
      vertex -25.987106247349892 -25.035790545999397 11.4
      vertex -25.88508594721985 -24.987538537612025 11.4
    endloop
  endfacet
  facet normal 0.3368898533922117 -0.9415440651830238 0
    outer loop
      vertex -25.778827378842628 -24.949518613907966 12.6
      vertex -25.88508594721985 -24.987538537612025 11.4
      vertex -25.778827378842628 -24.949518613907966 11.4
    endloop
  endfacet
  facet normal 0.24298017990329404 -0.9700312531945364 0
    outer loop
      vertex -25.669353870318545 -24.922096927536288 12.6
      vertex -25.778827378842628 -24.949518613907966 11.4
      vertex -25.669353870318545 -24.922096927536288 11.4
    endloop
  endfacet
  facet normal 0.14673047445535176 -0.9891765099647825 0
    outer loop
      vertex -25.55771971137899 -24.905537564326977 12.6
      vertex -25.669353870318545 -24.922096927536288 11.4
      vertex -25.55771971137899 -24.905537564326977 11.4
    endloop
  endfacet
  facet normal 0.9987954562051734 0.04906767432739827 0
    outer loop
      vertex -26.589462435673024 -26.162719711378998 12.6
      vertex -26.589462435673024 -26.162719711378998 11.4
      vertex -26.594999999999995 -26.050000000000004 12.6
    endloop
  endfacet
  facet normal 0.9987954562051734 -0.04906767432739827 0
    outer loop
      vertex -26.594999999999995 -26.050000000000004 12.6
      vertex -26.594999999999995 -26.050000000000004 11.4
      vertex -26.589462435673024 -25.93728028862101 12.6
    endloop
  endfacet
  facet normal 0.9891765099647778 -0.14673047445538254 0
    outer loop
      vertex -26.589462435673024 -25.93728028862101 12.6
      vertex -26.589462435673024 -25.93728028862101 11.4
      vertex -26.57290307246371 -25.825646129681456 12.6
    endloop
  endfacet
  facet normal 0.9700312531945439 -0.24298017990326443 0
    outer loop
      vertex -26.57290307246371 -25.825646129681456 12.6
      vertex -26.57290307246371 -25.825646129681456 11.4
      vertex -26.545481386092035 -25.716172621157373 12.6
    endloop
  endfacet
  facet normal 0.9415440651830238 -0.3368898533922117 0
    outer loop
      vertex -26.545481386092035 -25.716172621157373 12.6
      vertex -26.545481386092035 -25.716172621157373 11.4
      vertex -26.507461462387976 -25.60991405278015 12.6
    endloop
  endfacet
  facet normal 0.9039892931234388 -0.4275550934302916 0
    outer loop
      vertex -26.507461462387976 -25.60991405278015 12.6
      vertex -26.507461462387976 -25.60991405278015 11.4
      vertex -26.459209454000604 -25.50789375265011 12.6
    endloop
  endfacet
  facet normal 0.8577286100002838 -0.514102744193202 0
    outer loop
      vertex -26.459209454000604 -25.50789375265011 12.6
      vertex -26.459209454000604 -25.50789375265011 11.4
      vertex -26.401190054147925 -25.411094232027462 12.6
    endloop
  endfacet
  facet normal 0.8032075314806437 -0.595699304492435 0
    outer loop
      vertex -26.401190054147925 -25.411094232027462 12.6
      vertex -26.401190054147925 -25.411094232027462 11.4
      vertex -26.333962021367146 -25.320447723211814 12.6
    endloop
  endfacet
  facet normal 0.7409511253549601 -0.6715589548470172 0
    outer loop
      vertex -26.333962021367146 -25.320447723211814 12.6
      vertex -26.333962021367146 -25.320447723211814 11.4
      vertex -26.258172798364527 -25.236827201635474 12.6
    endloop
  endfacet
  facet normal 0.6715589548470172 -0.7409511253549601 0
    outer loop
      vertex -26.258172798364527 -25.236827201635474 12.6
      vertex -26.258172798364527 -25.236827201635474 11.4
      vertex -26.174552276788187 -25.161037978632855 12.6
    endloop
  endfacet
  facet normal 0.595699304492435 -0.8032075314806437 0
    outer loop
      vertex -26.174552276788187 -25.161037978632855 12.6
      vertex -26.174552276788187 -25.161037978632855 11.4
      vertex -26.08390576797254 -25.093809945852076 12.6
    endloop
  endfacet
  facet normal 0.514102744193202 -0.8577286100002838 0
    outer loop
      vertex -26.08390576797254 -25.093809945852076 12.6
      vertex -26.08390576797254 -25.093809945852076 11.4
      vertex -25.987106247349892 -25.035790545999397 12.6
    endloop
  endfacet
  facet normal 0.4275550934302916 -0.9039892931234388 0
    outer loop
      vertex -25.987106247349892 -25.035790545999397 12.6
      vertex -25.987106247349892 -25.035790545999397 11.4
      vertex -25.88508594721985 -24.987538537612025 12.6
    endloop
  endfacet
  facet normal 0.3368898533922117 -0.9415440651830238 0
    outer loop
      vertex -25.88508594721985 -24.987538537612025 12.6
      vertex -25.88508594721985 -24.987538537612025 11.4
      vertex -25.778827378842628 -24.949518613907966 12.6
    endloop
  endfacet
  facet normal 0.24298017990329404 -0.9700312531945364 0
    outer loop
      vertex -25.778827378842628 -24.949518613907966 12.6
      vertex -25.778827378842628 -24.949518613907966 11.4
      vertex -25.669353870318545 -24.922096927536288 12.6
    endloop
  endfacet
  facet normal 0.14673047445535176 -0.9891765099647825 0
    outer loop
      vertex -25.669353870318545 -24.922096927536288 12.6
      vertex -25.669353870318545 -24.922096927536288 11.4
      vertex -25.55771971137899 -24.905537564326977 12.6
    endloop
  endfacet
  facet normal 0.04906767432739827 0.9987954562051734 0
    outer loop
      vertex -25.55771971137899 -27.19446243567303 12.6
      vertex -25.444999999999997 -27.200000000000003 11.4
      vertex -25.55771971137899 -27.19446243567303 11.4
    endloop
  endfacet
  facet normal -0.04906767432739827 0.9987954562051734 0
    outer loop
      vertex -25.444999999999997 -27.200000000000003 12.6
      vertex -25.332280288621003 -27.19446243567303 11.4
      vertex -25.444999999999997 -27.200000000000003 11.4
    endloop
  endfacet
  facet normal -0.14673047445535176 0.9891765099647825 0
    outer loop
      vertex -25.332280288621003 -27.19446243567303 12.6
      vertex -25.220646129681448 -27.17790307246372 11.4
      vertex -25.332280288621003 -27.19446243567303 11.4
    endloop
  endfacet
  facet normal -0.24298017990329404 0.9700312531945364 0
    outer loop
      vertex -25.220646129681448 -27.17790307246372 12.6
      vertex -25.111172621157365 -27.150481386092043 11.4
      vertex -25.220646129681448 -27.17790307246372 11.4
    endloop
  endfacet
  facet normal -0.3368898533922117 0.9415440651830238 0
    outer loop
      vertex -25.111172621157365 -27.150481386092043 12.6
      vertex -25.004914052780144 -27.112461462387984 11.4
      vertex -25.111172621157365 -27.150481386092043 11.4
    endloop
  endfacet
  facet normal -0.4275550934302916 0.9039892931234388 0
    outer loop
      vertex -25.004914052780144 -27.112461462387984 12.6
      vertex -24.9028937526501 -27.06420945400061 11.4
      vertex -25.004914052780144 -27.112461462387984 11.4
    endloop
  endfacet
  facet normal -0.514102744193202 0.8577286100002838 0
    outer loop
      vertex -24.9028937526501 -27.06420945400061 12.6
      vertex -24.806094232027455 -27.006190054147932 11.4
      vertex -24.9028937526501 -27.06420945400061 11.4
    endloop
  endfacet
  facet normal -0.595699304492435 0.8032075314806437 0
    outer loop
      vertex -24.806094232027455 -27.006190054147932 12.6
      vertex -24.715447723211806 -26.938962021367153 11.4
      vertex -24.806094232027455 -27.006190054147932 11.4
    endloop
  endfacet
  facet normal -0.6715589548470172 0.7409511253549601 0
    outer loop
      vertex -24.715447723211806 -26.938962021367153 12.6
      vertex -24.631827201635467 -26.863172798364534 11.4
      vertex -24.715447723211806 -26.938962021367153 11.4
    endloop
  endfacet
  facet normal -0.7409511253549601 0.6715589548470172 0
    outer loop
      vertex -24.631827201635467 -26.863172798364534 12.6
      vertex -24.556037978632848 -26.779552276788195 11.4
      vertex -24.631827201635467 -26.863172798364534 11.4
    endloop
  endfacet
  facet normal -0.8032075314806437 0.595699304492435 0
    outer loop
      vertex -24.556037978632848 -26.779552276788195 12.6
      vertex -24.48880994585207 -26.688905767972546 11.4
      vertex -24.556037978632848 -26.779552276788195 11.4
    endloop
  endfacet
  facet normal -0.8577286100002838 0.514102744193202 0
    outer loop
      vertex -24.48880994585207 -26.688905767972546 12.6
      vertex -24.43079054599939 -26.5921062473499 11.4
      vertex -24.48880994585207 -26.688905767972546 11.4
    endloop
  endfacet
  facet normal -0.9039892931234388 0.4275550934302916 0
    outer loop
      vertex -24.43079054599939 -26.5921062473499 12.6
      vertex -24.382538537612017 -26.490085947219857 11.4
      vertex -24.43079054599939 -26.5921062473499 11.4
    endloop
  endfacet
  facet normal -0.9415440651830238 0.3368898533922117 0
    outer loop
      vertex -24.382538537612017 -26.490085947219857 12.6
      vertex -24.344518613907958 -26.383827378842636 11.4
      vertex -24.382538537612017 -26.490085947219857 11.4
    endloop
  endfacet
  facet normal -0.9700312531945439 0.24298017990326443 0
    outer loop
      vertex -24.344518613907958 -26.383827378842636 12.6
      vertex -24.317096927536284 -26.274353870318553 11.4
      vertex -24.344518613907958 -26.383827378842636 11.4
    endloop
  endfacet
  facet normal -0.9891765099647778 0.14673047445538254 0
    outer loop
      vertex -24.317096927536284 -26.274353870318553 12.6
      vertex -24.30053756432697 -26.162719711378998 11.4
      vertex -24.317096927536284 -26.274353870318553 11.4
    endloop
  endfacet
  facet normal 0.04906767432739827 0.9987954562051734 2.1347047649083127e-19
    outer loop
      vertex -25.55771971137899 -27.19446243567303 12.6
      vertex -25.444999999999997 -27.200000000000003 12.6
      vertex -25.444999999999997 -27.200000000000003 11.4
    endloop
  endfacet
  facet normal -0.04906767432739827 0.9987954562051734 -2.1347047649083127e-19
    outer loop
      vertex -25.444999999999997 -27.200000000000003 12.6
      vertex -25.332280288621003 -27.19446243567303 12.6
      vertex -25.332280288621003 -27.19446243567303 11.4
    endloop
  endfacet
  facet normal -0.14673047445535176 0.9891765099647825 2.592792987872455e-19
    outer loop
      vertex -25.332280288621003 -27.19446243567303 12.6
      vertex -25.220646129681448 -27.17790307246372 12.6
      vertex -25.220646129681448 -27.17790307246372 11.4
    endloop
  endfacet
  facet normal -0.24298017990329404 0.9700312531945364 -7.845193250832345e-19
    outer loop
      vertex -25.220646129681448 -27.17790307246372 12.6
      vertex -25.111172621157365 -27.150481386092043 12.6
      vertex -25.111172621157365 -27.150481386092043 11.4
    endloop
  endfacet
  facet normal -0.3368898533922117 0.9415440651830238 -7.767483204568895e-19
    outer loop
      vertex -25.111172621157365 -27.150481386092043 12.6
      vertex -25.004914052780144 -27.112461462387984 12.6
      vertex -25.004914052780144 -27.112461462387984 11.4
    endloop
  endfacet
  facet normal -0.4275550934302916 0.9039892931234388 -1.3082830184480955e-18
    outer loop
      vertex -25.004914052780144 -27.112461462387984 12.6
      vertex -24.9028937526501 -27.06420945400061 12.6
      vertex -24.9028937526501 -27.06420945400061 11.4
    endloop
  endfacet
  facet normal -0.514102744193202 0.8577286100002838 -1.289860548906073e-18
    outer loop
      vertex -24.9028937526501 -27.06420945400061 12.6
      vertex -24.806094232027455 -27.006190054147932 12.6
      vertex -24.806094232027455 -27.006190054147932 11.4
    endloop
  endfacet
  facet normal -0.595699304492435 0.8032075314806437 2.479429543411636e-18
    outer loop
      vertex -24.806094232027455 -27.006190054147932 12.6
      vertex -24.715447723211806 -26.938962021367153 12.6
      vertex -24.715447723211806 -26.938962021367153 11.4
    endloop
  endfacet
  facet normal -0.6715589548470172 0.7409511253549601 1.7557859543602345e-18
    outer loop
      vertex -24.715447723211806 -26.938962021367153 12.6
      vertex -24.631827201635467 -26.863172798364534 12.6
      vertex -24.631827201635467 -26.863172798364534 11.4
    endloop
  endfacet
  facet normal -0.7409511253549601 0.6715589548470172 1.7557859543602345e-18
    outer loop
      vertex -24.631827201635467 -26.863172798364534 12.6
      vertex -24.556037978632848 -26.779552276788195 12.6
      vertex -24.556037978632848 -26.779552276788195 11.4
    endloop
  endfacet
  facet normal -0.8032075314806437 0.595699304492435 2.479429543411636e-18
    outer loop
      vertex -24.556037978632848 -26.779552276788195 12.6
      vertex -24.48880994585207 -26.688905767972546 12.6
      vertex -24.48880994585207 -26.688905767972546 11.4
    endloop
  endfacet
  facet normal -0.8577286100002838 0.514102744193202 -1.289860548906073e-18
    outer loop
      vertex -24.48880994585207 -26.688905767972546 12.6
      vertex -24.43079054599939 -26.5921062473499 12.6
      vertex -24.43079054599939 -26.5921062473499 11.4
    endloop
  endfacet
  facet normal -0.9039892931234388 0.4275550934302916 -1.3082830184480955e-18
    outer loop
      vertex -24.43079054599939 -26.5921062473499 12.6
      vertex -24.382538537612017 -26.490085947219857 12.6
      vertex -24.382538537612017 -26.490085947219857 11.4
    endloop
  endfacet
  facet normal -0.9415440651830238 0.3368898533922117 -7.767483204568895e-19
    outer loop
      vertex -24.382538537612017 -26.490085947219857 12.6
      vertex -24.344518613907958 -26.383827378842636 12.6
      vertex -24.344518613907958 -26.383827378842636 11.4
    endloop
  endfacet
  facet normal -0.9700312531945439 0.24298017990326443 -1.6641198102640863e-19
    outer loop
      vertex -24.344518613907958 -26.383827378842636 12.6
      vertex -24.317096927536284 -26.274353870318553 12.6
      vertex -24.317096927536284 -26.274353870318553 11.4
    endloop
  endfacet
  facet normal -0.9891765099647778 0.14673047445538254 2.8179176437262627e-19
    outer loop
      vertex -24.317096927536284 -26.274353870318553 12.6
      vertex -24.30053756432697 -26.162719711378998 12.6
      vertex -24.30053756432697 -26.162719711378998 11.4
    endloop
  endfacet
  facet normal 0.04906767432739827 -0.9987954562051734 0
    outer loop
      vertex -25.444999999999997 -24.900000000000006 12.6
      vertex -25.55771971137899 -24.905537564326977 11.4
      vertex -25.444999999999997 -24.900000000000006 11.4
    endloop
  endfacet
  facet normal -0.04906767432739827 -0.9987954562051734 0
    outer loop
      vertex -25.332280288621003 -24.905537564326977 12.6
      vertex -25.444999999999997 -24.900000000000006 11.4
      vertex -25.332280288621003 -24.905537564326977 11.4
    endloop
  endfacet
  facet normal -0.14673047445535176 -0.9891765099647825 0
    outer loop
      vertex -25.220646129681448 -24.922096927536288 12.6
      vertex -25.332280288621003 -24.905537564326977 11.4
      vertex -25.220646129681448 -24.922096927536288 11.4
    endloop
  endfacet
  facet normal -0.24298017990329404 -0.9700312531945364 0
    outer loop
      vertex -25.111172621157365 -24.949518613907966 12.6
      vertex -25.220646129681448 -24.922096927536288 11.4
      vertex -25.111172621157365 -24.949518613907966 11.4
    endloop
  endfacet
  facet normal -0.3368898533922117 -0.9415440651830238 0
    outer loop
      vertex -25.004914052780144 -24.987538537612025 12.6
      vertex -25.111172621157365 -24.949518613907966 11.4
      vertex -25.004914052780144 -24.987538537612025 11.4
    endloop
  endfacet
  facet normal -0.4275550934302916 -0.9039892931234388 0
    outer loop
      vertex -24.9028937526501 -25.035790545999397 12.6
      vertex -25.004914052780144 -24.987538537612025 11.4
      vertex -24.9028937526501 -25.035790545999397 11.4
    endloop
  endfacet
  facet normal -0.595699304492435 -0.8032075314806437 0
    outer loop
      vertex -24.715447723211806 -25.161037978632855 12.6
      vertex -24.806094232027455 -25.093809945852076 11.4
      vertex -24.715447723211806 -25.161037978632855 11.4
    endloop
  endfacet
  facet normal -0.514102744193202 -0.8577286100002838 0
    outer loop
      vertex -24.806094232027455 -25.093809945852076 12.6
      vertex -24.9028937526501 -25.035790545999397 11.4
      vertex -24.806094232027455 -25.093809945852076 11.4
    endloop
  endfacet
  facet normal -0.9987954562051734 0.04906767432739827 0
    outer loop
      vertex -24.30053756432697 -26.162719711378998 12.6
      vertex -24.294999999999998 -26.050000000000004 11.4
      vertex -24.30053756432697 -26.162719711378998 11.4
    endloop
  endfacet
  facet normal -0.9987954562051734 -0.04906767432739827 0
    outer loop
      vertex -24.294999999999998 -26.050000000000004 12.6
      vertex -24.30053756432697 -25.93728028862101 11.4
      vertex -24.294999999999998 -26.050000000000004 11.4
    endloop
  endfacet
  facet normal -0.9891765099647778 -0.14673047445538254 0
    outer loop
      vertex -24.30053756432697 -25.93728028862101 12.6
      vertex -24.317096927536284 -25.825646129681456 11.4
      vertex -24.30053756432697 -25.93728028862101 11.4
    endloop
  endfacet
  facet normal -0.9700312531945439 -0.24298017990326443 0
    outer loop
      vertex -24.317096927536284 -25.825646129681456 12.6
      vertex -24.344518613907958 -25.716172621157373 11.4
      vertex -24.317096927536284 -25.825646129681456 11.4
    endloop
  endfacet
  facet normal -0.8577286100002838 -0.514102744193202 0
    outer loop
      vertex -24.43079054599939 -25.50789375265011 12.6
      vertex -24.48880994585207 -25.411094232027462 11.4
      vertex -24.43079054599939 -25.50789375265011 11.4
    endloop
  endfacet
  facet normal -0.8032075314806437 -0.595699304492435 0
    outer loop
      vertex -24.48880994585207 -25.411094232027462 12.6
      vertex -24.556037978632848 -25.320447723211814 11.4
      vertex -24.48880994585207 -25.411094232027462 11.4
    endloop
  endfacet
  facet normal -0.9415440651830238 -0.3368898533922117 0
    outer loop
      vertex -24.344518613907958 -25.716172621157373 12.6
      vertex -24.382538537612017 -25.60991405278015 11.4
      vertex -24.344518613907958 -25.716172621157373 11.4
    endloop
  endfacet
  facet normal -0.9039892931234388 -0.4275550934302916 0
    outer loop
      vertex -24.382538537612017 -25.60991405278015 12.6
      vertex -24.43079054599939 -25.50789375265011 11.4
      vertex -24.382538537612017 -25.60991405278015 11.4
    endloop
  endfacet
  facet normal -0.7409511253549601 -0.6715589548470172 0
    outer loop
      vertex -24.556037978632848 -25.320447723211814 12.6
      vertex -24.631827201635467 -25.236827201635474 11.4
      vertex -24.556037978632848 -25.320447723211814 11.4
    endloop
  endfacet
  facet normal -0.6715589548470172 -0.7409511253549601 0
    outer loop
      vertex -24.631827201635467 -25.236827201635474 12.6
      vertex -24.715447723211806 -25.161037978632855 11.4
      vertex -24.631827201635467 -25.236827201635474 11.4
    endloop
  endfacet
  facet normal 0.04906767432739827 -0.9987954562051734 0
    outer loop
      vertex -25.55771971137899 -24.905537564326977 12.6
      vertex -25.55771971137899 -24.905537564326977 11.4
      vertex -25.444999999999997 -24.900000000000006 12.6
    endloop
  endfacet
  facet normal -0.04906767432739827 -0.9987954562051734 0
    outer loop
      vertex -25.444999999999997 -24.900000000000006 12.6
      vertex -25.444999999999997 -24.900000000000006 11.4
      vertex -25.332280288621003 -24.905537564326977 12.6
    endloop
  endfacet
  facet normal -0.14673047445535176 -0.9891765099647825 0
    outer loop
      vertex -25.332280288621003 -24.905537564326977 12.6
      vertex -25.332280288621003 -24.905537564326977 11.4
      vertex -25.220646129681448 -24.922096927536288 12.6
    endloop
  endfacet
  facet normal -0.24298017990329404 -0.9700312531945364 0
    outer loop
      vertex -25.220646129681448 -24.922096927536288 12.6
      vertex -25.220646129681448 -24.922096927536288 11.4
      vertex -25.111172621157365 -24.949518613907966 12.6
    endloop
  endfacet
  facet normal -0.3368898533922117 -0.9415440651830238 0
    outer loop
      vertex -25.111172621157365 -24.949518613907966 12.6
      vertex -25.111172621157365 -24.949518613907966 11.4
      vertex -25.004914052780144 -24.987538537612025 12.6
    endloop
  endfacet
  facet normal -0.4275550934302916 -0.9039892931234388 0
    outer loop
      vertex -25.004914052780144 -24.987538537612025 12.6
      vertex -25.004914052780144 -24.987538537612025 11.4
      vertex -24.9028937526501 -25.035790545999397 12.6
    endloop
  endfacet
  facet normal -0.595699304492435 -0.8032075314806437 0
    outer loop
      vertex -24.806094232027455 -25.093809945852076 12.6
      vertex -24.806094232027455 -25.093809945852076 11.4
      vertex -24.715447723211806 -25.161037978632855 12.6
    endloop
  endfacet
  facet normal -0.6715589548470172 -0.7409511253549601 0
    outer loop
      vertex -24.715447723211806 -25.161037978632855 12.6
      vertex -24.715447723211806 -25.161037978632855 11.4
      vertex -24.631827201635467 -25.236827201635474 12.6
    endloop
  endfacet
  facet normal -0.514102744193202 -0.8577286100002838 1.289860548906073e-18
    outer loop
      vertex -24.806094232027455 -25.093809945852076 12.6
      vertex -24.9028937526501 -25.035790545999397 12.6
      vertex -24.9028937526501 -25.035790545999397 11.4
    endloop
  endfacet
  facet normal -0.9987954562051734 0.04906767432739827 -2.1347047649083127e-19
    outer loop
      vertex -24.30053756432697 -26.162719711378998 12.6
      vertex -24.294999999999998 -26.050000000000004 12.6
      vertex -24.294999999999998 -26.050000000000004 11.4
    endloop
  endfacet
  facet normal -0.9987954562051734 -0.04906767432739827 2.1347047649083127e-19
    outer loop
      vertex -24.294999999999998 -26.050000000000004 12.6
      vertex -24.30053756432697 -25.93728028862101 12.6
      vertex -24.30053756432697 -25.93728028862101 11.4
    endloop
  endfacet
  facet normal -0.9891765099647778 -0.14673047445538254 0
    outer loop
      vertex -24.317096927536284 -25.825646129681456 12.6
      vertex -24.317096927536284 -25.825646129681456 11.4
      vertex -24.30053756432697 -25.93728028862101 12.6
    endloop
  endfacet
  facet normal -0.8577286100002838 -0.514102744193202 1.289860548906073e-18
    outer loop
      vertex -24.43079054599939 -25.50789375265011 12.6
      vertex -24.48880994585207 -25.411094232027462 12.6
      vertex -24.48880994585207 -25.411094232027462 11.4
    endloop
  endfacet
  facet normal -0.8032075314806437 -0.595699304492435 0
    outer loop
      vertex -24.556037978632848 -25.320447723211814 12.6
      vertex -24.556037978632848 -25.320447723211814 11.4
      vertex -24.48880994585207 -25.411094232027462 12.6
    endloop
  endfacet
  facet normal -0.9700312531945439 -0.24298017990326443 1.6641198102640863e-19
    outer loop
      vertex -24.317096927536284 -25.825646129681456 12.6
      vertex -24.344518613907958 -25.716172621157373 12.6
      vertex -24.344518613907958 -25.716172621157373 11.4
    endloop
  endfacet
  facet normal -0.9415440651830238 -0.3368898533922117 7.767483204568895e-19
    outer loop
      vertex -24.344518613907958 -25.716172621157373 12.6
      vertex -24.382538537612017 -25.60991405278015 12.6
      vertex -24.382538537612017 -25.60991405278015 11.4
    endloop
  endfacet
  facet normal -0.9039892931234388 -0.4275550934302916 0
    outer loop
      vertex -24.43079054599939 -25.50789375265011 12.6
      vertex -24.43079054599939 -25.50789375265011 11.4
      vertex -24.382538537612017 -25.60991405278015 12.6
    endloop
  endfacet
  facet normal -0.7409511253549601 -0.6715589548470172 -1.7557859543602345e-18
    outer loop
      vertex -24.556037978632848 -25.320447723211814 12.6
      vertex -24.631827201635467 -25.236827201635474 12.6
      vertex -24.631827201635467 -25.236827201635474 11.4
    endloop
  endfacet
  facet normal 0 0 1
    outer loop
      vertex -27.3851470182737 -26.853635207966693 12.6
      vertex -27.297034655131544 -27.0399331473346 12.6
      vertex -27.297034655131544 -25.060066852665408 12.6
    endloop
  endfacet
  facet normal 0 0 1
    outer loop
      vertex -27.3851470182737 -26.853635207966693 12.6
      vertex -27.3851470182737 -25.246364792033315 12.6
      vertex -27.454574705037636 -26.659597822234375 12.6
    endloop
  endfacet
  facet normal 0 0 1
    outer loop
      vertex -27.297034655131544 -27.0399331473346 12.6
      vertex -27.191086185835342 -27.21669748934117 12.6
      vertex -27.191086185835342 -24.88330251065884 12.6
    endloop
  endfacet
  facet normal 0 0 1
    outer loop
      vertex -27.068321952061744 -27.38222589674366 12.6
      vertex -27.068321952061744 -24.71777410325635 12.6
      vertex -27.191086185835342 -27.21669748934117 12.6
    endloop
  endfacet
  facet normal 0 0 1
    outer loop
      vertex -26.929924240491747 -27.534924240491755 12.6
      vertex -26.929924240491747 -24.565075759508254 12.6
      vertex -27.068321952061744 -27.38222589674366 12.6
    endloop
  endfacet
  facet normal 0 0 1
    outer loop
      vertex -26.61169748934116 -27.79608618583535 12.6
      vertex -26.459209454000604 -26.5921062473499 12.6
      vertex -26.507461462387976 -26.490085947219857 12.6
    endloop
  endfacet
  facet normal 0 0 1
    outer loop
      vertex -26.61169748934116 -27.79608618583535 12.6
      vertex -26.507461462387976 -26.490085947219857 12.6
      vertex -26.545481386092035 -26.383827378842636 12.6
    endloop
  endfacet
  facet normal 0 0 1
    outer loop
      vertex -26.61169748934116 -27.79608618583535 12.6
      vertex -26.545481386092035 -26.383827378842636 12.6
      vertex -26.57290307246371 -26.274353870318553 12.6
    endloop
  endfacet
  facet normal 0 0 1
    outer loop
      vertex -26.61169748934116 -27.79608618583535 12.6
      vertex -26.57290307246371 -26.274353870318553 12.6
      vertex -26.589462435673024 -26.162719711378998 12.6
    endloop
  endfacet
  facet normal 0 0 1
    outer loop
      vertex -26.61169748934116 -27.79608618583535 12.6
      vertex -26.589462435673024 -26.162719711378998 12.6
      vertex -26.594999999999995 -26.050000000000004 12.6
    endloop
  endfacet
  facet normal 0 0 1
    outer loop
      vertex -26.77722589674365 -27.67332195206175 12.6
      vertex -26.77722589674365 -24.426678047938257 12.6
      vertex -26.929924240491747 -27.534924240491755 12.6
    endloop
  endfacet
  facet normal 0 0 1
    outer loop
      vertex -26.77722589674365 -27.67332195206175 12.6
      vertex -26.61169748934116 -27.79608618583535 12.6
      vertex -26.61169748934116 -24.30391381416466 12.6
    endloop
  endfacet
  facet normal 0 0 1
    outer loop
      vertex -26.434933147334593 -27.90203465513155 12.6
      vertex -26.248635207966686 -27.990147018273706 12.6
      vertex -26.258172798364527 -26.863172798364534 12.6
    endloop
  endfacet
  facet normal 0 0 1
    outer loop
      vertex -26.054597822234367 -28.059574705037644 12.6
      vertex -26.08390576797254 -27.006190054147932 12.6
      vertex -26.248635207966686 -27.990147018273706 12.6
    endloop
  endfacet
  facet normal 0 0 1
    outer loop
      vertex -26.61169748934116 -27.79608618583535 12.6
      vertex -26.434933147334593 -27.90203465513155 12.6
      vertex -26.459209454000604 -26.5921062473499 12.6
    endloop
  endfacet
  facet normal 0 0 1
    outer loop
      vertex -26.434933147334593 -27.90203465513155 12.6
      vertex -26.333962021367146 -26.779552276788195 12.6
      vertex -26.401190054147925 -26.688905767972546 12.6
    endloop
  endfacet
  facet normal 0 0 1
    outer loop
      vertex -26.434933147334593 -27.90203465513155 12.6
      vertex -26.401190054147925 -26.688905767972546 12.6
      vertex -26.459209454000604 -26.5921062473499 12.6
    endloop
  endfacet
  facet normal 0 0 1
    outer loop
      vertex -26.434933147334593 -27.90203465513155 12.6
      vertex -26.258172798364527 -26.863172798364534 12.6
      vertex -26.333962021367146 -26.779552276788195 12.6
    endloop
  endfacet
  facet normal 0 0 1
    outer loop
      vertex -26.248635207966686 -27.990147018273706 12.6
      vertex -26.08390576797254 -27.006190054147932 12.6
      vertex -26.174552276788187 -26.938962021367153 12.6
    endloop
  endfacet
  facet normal 0 0 1
    outer loop
      vertex -26.248635207966686 -27.990147018273706 12.6
      vertex -26.174552276788187 -26.938962021367153 12.6
      vertex -26.258172798364527 -26.863172798364534 12.6
    endloop
  endfacet
  facet normal 0 0 1
    outer loop
      vertex -26.054597822234367 -28.059574705037644 12.6
      vertex -25.854689676233868 -28.109649088846787 12.6
      vertex -25.88508594721985 -27.112461462387984 12.6
    endloop
  endfacet
  facet normal 0 0 1
    outer loop
      vertex -25.854689676233868 -28.109649088846787 12.6
      vertex -25.650835994692073 -28.139887926011617 12.6
      vertex -25.669353870318545 -27.17790307246372 12.6
    endloop
  endfacet
  facet normal 0 0 1
    outer loop
      vertex -25.650835994692073 -28.139887926011617 12.6
      vertex -25.55771971137899 -27.19446243567303 12.6
      vertex -25.669353870318545 -27.17790307246372 12.6
    endloop
  endfacet
  facet normal 0 0 1
    outer loop
      vertex -26.054597822234367 -28.059574705037644 12.6
      vertex -25.987106247349892 -27.06420945400061 12.6
      vertex -26.08390576797254 -27.006190054147932 12.6
    endloop
  endfacet
  facet normal 0 0 1
    outer loop
      vertex -26.054597822234367 -28.059574705037644 12.6
      vertex -25.88508594721985 -27.112461462387984 12.6
      vertex -25.987106247349892 -27.06420945400061 12.6
    endloop
  endfacet
  facet normal 0 0 1
    outer loop
      vertex -25.854689676233868 -28.109649088846787 12.6
      vertex -25.778827378842628 -27.150481386092043 12.6
      vertex -25.88508594721985 -27.112461462387984 12.6
    endloop
  endfacet
  facet normal 0 0 1
    outer loop
      vertex -25.854689676233868 -28.109649088846787 12.6
      vertex -25.669353870318545 -27.17790307246372 12.6
      vertex -25.778827378842628 -27.150481386092043 12.6
    endloop
  endfacet
  facet normal 0.94154406518302 0.33688985339222244 2.1755200278948723e-18
    outer loop
      vertex -27.3851470182737 -26.853635207966693 12.6
      vertex -27.454574705037636 -26.659597822234375 12.6
      vertex -27.454574705037636 -26.659597822234375 13
    endloop
  endfacet
  facet normal 0.9700312531945459 0.24298017990325613 4.694574365439437e-18
    outer loop
      vertex -27.454574705037636 -26.659597822234375 12.6
      vertex -27.50464908884678 -26.459689676233875 12.6
      vertex -27.50464908884678 -26.459689676233875 13
    endloop
  endfacet
  facet normal 0.9891765099647803 0.14673047445536522 3.3827700802532452e-18
    outer loop
      vertex -27.50464908884678 -26.459689676233875 12.6
      vertex -27.53488792601161 -26.25583599469208 12.6
      vertex -27.53488792601161 -26.25583599469208 13
    endloop
  endfacet
  facet normal 0.9700312531945459 0.24298017990325613 0
    outer loop
      vertex -27.454574705037636 -26.659597822234375 12.6
      vertex -27.50464908884678 -26.459689676233875 13
      vertex -27.454574705037636 -26.659597822234375 13
    endloop
  endfacet
  facet normal 0.9891765099647803 0.14673047445536522 0
    outer loop
      vertex -27.50464908884678 -26.459689676233875 12.6
      vertex -27.53488792601161 -26.25583599469208 13
      vertex -27.50464908884678 -26.459689676233875 13
    endloop
  endfacet
  facet normal 0.4275550934302745 0.903989293123447 0
    outer loop
      vertex -26.434933147334593 -27.90203465513155 12.6
      vertex -26.434933147334593 -27.90203465513155 13
      vertex -26.248635207966686 -27.990147018273706 12.6
    endloop
  endfacet
  facet normal 0.33688985339222244 0.94154406518302 2.1755200278948723e-18
    outer loop
      vertex -26.054597822234367 -28.059574705037644 12.6
      vertex -26.248635207966686 -27.990147018273706 12.6
      vertex -26.248635207966686 -27.990147018273706 13
    endloop
  endfacet
  facet normal 0.24298017990325613 0.9700312531945459 0
    outer loop
      vertex -26.054597822234367 -28.059574705037644 12.6
      vertex -26.054597822234367 -28.059574705037644 13
      vertex -25.854689676233868 -28.109649088846787 12.6
    endloop
  endfacet
  facet normal 0.14673047445536522 0.9891765099647803 0
    outer loop
      vertex -25.854689676233868 -28.109649088846787 12.6
      vertex -25.854689676233868 -28.109649088846787 13
      vertex -25.650835994692073 -28.139887926011617 12.6
    endloop
  endfacet
  facet normal 0.4275550934302745 0.903989293123447 0
    outer loop
      vertex -26.248635207966686 -27.990147018273706 12.6
      vertex -26.434933147334593 -27.90203465513155 13
      vertex -26.248635207966686 -27.990147018273706 13
    endloop
  endfacet
  facet normal 0.33688985339222244 0.94154406518302 0
    outer loop
      vertex -26.054597822234367 -28.059574705037644 12.6
      vertex -26.248635207966686 -27.990147018273706 13
      vertex -26.054597822234367 -28.059574705037644 13
    endloop
  endfacet
  facet normal 0.24298017990325613 0.9700312531945459 0
    outer loop
      vertex -25.854689676233868 -28.109649088846787 12.6
      vertex -26.054597822234367 -28.059574705037644 13
      vertex -25.854689676233868 -28.109649088846787 13
    endloop
  endfacet
  facet normal 0.14673047445536522 0.9891765099647803 0
    outer loop
      vertex -25.650835994692073 -28.139887926011617 12.6
      vertex -25.854689676233868 -28.109649088846787 13
      vertex -25.650835994692073 -28.139887926011617 13
    endloop
  endfacet
  facet normal 0.8577286100002671 0.5141027441932301 0
    outer loop
      vertex -27.297034655131544 -27.0399331473346 12.6
      vertex -27.297034655131544 -27.0399331473346 13
      vertex -27.191086185835342 -27.21669748934117 12.6
    endloop
  endfacet
  facet normal 0.803207531480643 0.5956993044924358 -1.1049566853559349e-17
    outer loop
      vertex -27.068321952061744 -27.38222589674366 12.6
      vertex -27.191086185835342 -27.21669748934117 12.6
      vertex -27.191086185835342 -27.21669748934117 13
    endloop
  endfacet
  facet normal 0.7409511253549644 0.6715589548470127 -6.9024631916326576e-18
    outer loop
      vertex -26.929924240491747 -27.534924240491755 12.6
      vertex -27.068321952061744 -27.38222589674366 12.6
      vertex -27.068321952061744 -27.38222589674366 13
    endloop
  endfacet
  facet normal 0.6715589548470127 0.7409511253549644 -6.9024631916326576e-18
    outer loop
      vertex -26.77722589674365 -27.67332195206175 12.6
      vertex -26.929924240491747 -27.534924240491755 12.6
      vertex -26.929924240491747 -27.534924240491755 13
    endloop
  endfacet
  facet normal 0.5956993044924358 0.803207531480643 0
    outer loop
      vertex -26.77722589674365 -27.67332195206175 12.6
      vertex -26.77722589674365 -27.67332195206175 13
      vertex -26.61169748934116 -27.79608618583535 12.6
    endloop
  endfacet
  facet normal 0.5141027441932301 0.8577286100002671 0
    outer loop
      vertex -26.61169748934116 -27.79608618583535 12.6
      vertex -26.61169748934116 -27.79608618583535 13
      vertex -26.434933147334593 -27.90203465513155 12.6
    endloop
  endfacet
  facet normal 0.903989293123447 0.4275550934302745 0
    outer loop
      vertex -27.3851470182737 -26.853635207966693 12.6
      vertex -27.3851470182737 -26.853635207966693 13
      vertex -27.297034655131544 -27.0399331473346 12.6
    endloop
  endfacet
  facet normal 0.7409511253549644 0.6715589548470127 0
    outer loop
      vertex -26.929924240491747 -27.534924240491755 12.6
      vertex -27.068321952061744 -27.38222589674366 13
      vertex -26.929924240491747 -27.534924240491755 13
    endloop
  endfacet
  facet normal 0.8577286100002671 0.5141027441932301 0
    outer loop
      vertex -27.191086185835342 -27.21669748934117 12.6
      vertex -27.297034655131544 -27.0399331473346 13
      vertex -27.191086185835342 -27.21669748934117 13
    endloop
  endfacet
  facet normal 0.803207531480643 0.5956993044924358 0
    outer loop
      vertex -27.068321952061744 -27.38222589674366 12.6
      vertex -27.191086185835342 -27.21669748934117 13
      vertex -27.068321952061744 -27.38222589674366 13
    endloop
  endfacet
  facet normal 0.6715589548470127 0.7409511253549644 0
    outer loop
      vertex -26.77722589674365 -27.67332195206175 12.6
      vertex -26.929924240491747 -27.534924240491755 13
      vertex -26.77722589674365 -27.67332195206175 13
    endloop
  endfacet
  facet normal 0.5956993044924358 0.803207531480643 0
    outer loop
      vertex -26.61169748934116 -27.79608618583535 12.6
      vertex -26.77722589674365 -27.67332195206175 13
      vertex -26.61169748934116 -27.79608618583535 13
    endloop
  endfacet
  facet normal 0.903989293123447 0.4275550934302745 0
    outer loop
      vertex -27.297034655131544 -27.0399331473346 12.6
      vertex -27.3851470182737 -26.853635207966693 13
      vertex -27.297034655131544 -27.0399331473346 13
    endloop
  endfacet
  facet normal 0.94154406518302 0.33688985339222244 0
    outer loop
      vertex -27.3851470182737 -26.853635207966693 12.6
      vertex -27.454574705037636 -26.659597822234375 13
      vertex -27.3851470182737 -26.853635207966693 13
    endloop
  endfacet
  facet normal 0.5141027441932301 0.8577286100002671 0
    outer loop
      vertex -26.434933147334593 -27.90203465513155 12.6
      vertex -26.61169748934116 -27.79608618583535 13
      vertex -26.434933147334593 -27.90203465513155 13
    endloop
  endfacet
  facet normal 0 0 1
    outer loop
      vertex -27.53488792601161 -26.25583599469208 12.6
      vertex -27.53488792601161 -25.844164005307928 12.6
      vertex -27.544999999999998 -26.050000000000004 12.6
    endloop
  endfacet
  facet normal 0 0 1
    outer loop
      vertex -27.50464908884678 -26.459689676233875 12.6
      vertex -27.50464908884678 -25.640310323766133 12.6
      vertex -27.53488792601161 -26.25583599469208 12.6
    endloop
  endfacet
  facet normal 0 0 1
    outer loop
      vertex -27.454574705037636 -26.659597822234375 12.6
      vertex -27.454574705037636 -25.440402177765634 12.6
      vertex -27.50464908884678 -26.459689676233875 12.6
    endloop
  endfacet
  facet normal 0 0 1
    outer loop
      vertex -27.53488792601161 -26.25583599469208 12.6
      vertex -27.50464908884678 -25.640310323766133 12.6
      vertex -27.53488792601161 -25.844164005307928 12.6
    endloop
  endfacet
  facet normal 0 0 1
    outer loop
      vertex -27.50464908884678 -26.459689676233875 12.6
      vertex -27.454574705037636 -25.440402177765634 12.6
      vertex -27.50464908884678 -25.640310323766133 12.6
    endloop
  endfacet
  facet normal 0 0 1
    outer loop
      vertex -27.454574705037636 -26.659597822234375 12.6
      vertex -27.3851470182737 -25.246364792033315 12.6
      vertex -27.454574705037636 -25.440402177765634 12.6
    endloop
  endfacet
  facet normal 0 0 1
    outer loop
      vertex -27.3851470182737 -26.853635207966693 12.6
      vertex -27.297034655131544 -25.060066852665408 12.6
      vertex -27.3851470182737 -25.246364792033315 12.6
    endloop
  endfacet
  facet normal 0 0 1
    outer loop
      vertex -27.297034655131544 -27.0399331473346 12.6
      vertex -27.191086185835342 -24.88330251065884 12.6
      vertex -27.297034655131544 -25.060066852665408 12.6
    endloop
  endfacet
  facet normal 0 0 1
    outer loop
      vertex -27.191086185835342 -27.21669748934117 12.6
      vertex -27.068321952061744 -24.71777410325635 12.6
      vertex -27.191086185835342 -24.88330251065884 12.6
    endloop
  endfacet
  facet normal 0 0 1
    outer loop
      vertex -27.068321952061744 -27.38222589674366 12.6
      vertex -26.929924240491747 -24.565075759508254 12.6
      vertex -27.068321952061744 -24.71777410325635 12.6
    endloop
  endfacet
  facet normal 0 0 1
    outer loop
      vertex -26.61169748934116 -27.79608618583535 12.6
      vertex -26.594999999999995 -26.050000000000004 12.6
      vertex -26.61169748934116 -24.30391381416466 12.6
    endloop
  endfacet
  facet normal 0 0 1
    outer loop
      vertex -26.929924240491747 -27.534924240491755 12.6
      vertex -26.77722589674365 -24.426678047938257 12.6
      vertex -26.929924240491747 -24.565075759508254 12.6
    endloop
  endfacet
  facet normal 0 0 1
    outer loop
      vertex -26.77722589674365 -27.67332195206175 12.6
      vertex -26.61169748934116 -24.30391381416466 12.6
      vertex -26.77722589674365 -24.426678047938257 12.6
    endloop
  endfacet
  facet normal 0 0 1
    outer loop
      vertex -26.594999999999995 -26.050000000000004 12.6
      vertex -26.589462435673024 -25.93728028862101 12.6
      vertex -26.61169748934116 -24.30391381416466 12.6
    endloop
  endfacet
  facet normal 0 0 1
    outer loop
      vertex -26.589462435673024 -25.93728028862101 12.6
      vertex -26.57290307246371 -25.825646129681456 12.6
      vertex -26.61169748934116 -24.30391381416466 12.6
    endloop
  endfacet
  facet normal 0 0 1
    outer loop
      vertex -26.57290307246371 -25.825646129681456 12.6
      vertex -26.545481386092035 -25.716172621157373 12.6
      vertex -26.61169748934116 -24.30391381416466 12.6
    endloop
  endfacet
  facet normal 0 0 1
    outer loop
      vertex -26.545481386092035 -25.716172621157373 12.6
      vertex -26.507461462387976 -25.60991405278015 12.6
      vertex -26.61169748934116 -24.30391381416466 12.6
    endloop
  endfacet
  facet normal 0 0 1
    outer loop
      vertex -26.507461462387976 -25.60991405278015 12.6
      vertex -26.459209454000604 -25.50789375265011 12.6
      vertex -26.61169748934116 -24.30391381416466 12.6
    endloop
  endfacet
  facet normal 0 0 1
    outer loop
      vertex -26.459209454000604 -25.50789375265011 12.6
      vertex -26.401190054147925 -25.411094232027462 12.6
      vertex -26.434933147334593 -24.197965344868457 12.6
    endloop
  endfacet
  facet normal 0 0 1
    outer loop
      vertex -26.401190054147925 -25.411094232027462 12.6
      vertex -26.333962021367146 -25.320447723211814 12.6
      vertex -26.434933147334593 -24.197965344868457 12.6
    endloop
  endfacet
  facet normal 0 0 1
    outer loop
      vertex -26.333962021367146 -25.320447723211814 12.6
      vertex -26.258172798364527 -25.236827201635474 12.6
      vertex -26.434933147334593 -24.197965344868457 12.6
    endloop
  endfacet
  facet normal 0 0 1
    outer loop
      vertex -26.459209454000604 -25.50789375265011 12.6
      vertex -26.434933147334593 -24.197965344868457 12.6
      vertex -26.61169748934116 -24.30391381416466 12.6
    endloop
  endfacet
  facet normal 0 0 1
    outer loop
      vertex -26.258172798364527 -25.236827201635474 12.6
      vertex -26.248635207966686 -24.109852981726302 12.6
      vertex -26.434933147334593 -24.197965344868457 12.6
    endloop
  endfacet
  facet normal 0 0 1
    outer loop
      vertex -26.258172798364527 -25.236827201635474 12.6
      vertex -26.174552276788187 -25.161037978632855 12.6
      vertex -26.248635207966686 -24.109852981726302 12.6
    endloop
  endfacet
  facet normal 0 0 1
    outer loop
      vertex -26.174552276788187 -25.161037978632855 12.6
      vertex -26.08390576797254 -25.093809945852076 12.6
      vertex -26.248635207966686 -24.109852981726302 12.6
    endloop
  endfacet
  facet normal 0 0 1
    outer loop
      vertex -26.08390576797254 -25.093809945852076 12.6
      vertex -25.987106247349892 -25.035790545999397 12.6
      vertex -26.054597822234367 -24.040425294962365 12.6
    endloop
  endfacet
  facet normal 0 0 1
    outer loop
      vertex -25.987106247349892 -25.035790545999397 12.6
      vertex -25.88508594721985 -24.987538537612025 12.6
      vertex -26.054597822234367 -24.040425294962365 12.6
    endloop
  endfacet
  facet normal 0 0 1
    outer loop
      vertex -25.88508594721985 -24.987538537612025 12.6
      vertex -25.778827378842628 -24.949518613907966 12.6
      vertex -25.854689676233868 -23.99035091115322 12.6
    endloop
  endfacet
  facet normal 0 0 1
    outer loop
      vertex -25.854689676233868 -23.99035091115322 12.6
      vertex -25.778827378842628 -24.949518613907966 12.6
      vertex -25.669353870318545 -24.922096927536288 12.6
    endloop
  endfacet
  facet normal 0 0 1
    outer loop
      vertex -25.669353870318545 -24.922096927536288 12.6
      vertex -25.55771971137899 -24.905537564326977 12.6
      vertex -25.650835994692073 -23.96011207398839 12.6
    endloop
  endfacet
  facet normal 0 0 1
    outer loop
      vertex -26.08390576797254 -25.093809945852076 12.6
      vertex -26.054597822234367 -24.040425294962365 12.6
      vertex -26.248635207966686 -24.109852981726302 12.6
    endloop
  endfacet
  facet normal 0 0 1
    outer loop
      vertex -25.88508594721985 -24.987538537612025 12.6
      vertex -25.854689676233868 -23.99035091115322 12.6
      vertex -26.054597822234367 -24.040425294962365 12.6
    endloop
  endfacet
  facet normal 0 0 1
    outer loop
      vertex -25.854689676233868 -23.99035091115322 12.6
      vertex -25.669353870318545 -24.922096927536288 12.6
      vertex -25.650835994692073 -23.96011207398839 12.6
    endloop
  endfacet
  facet normal 0.9987954562051721 0.04906767432742621 1.817904219381596e-18
    outer loop
      vertex -27.53488792601161 -26.25583599469208 12.6
      vertex -27.544999999999998 -26.050000000000004 12.6
      vertex -27.544999999999998 -26.050000000000004 13
    endloop
  endfacet
  facet normal 0.9987954562051721 -0.04906767432742621 -1.817904219381596e-18
    outer loop
      vertex -27.544999999999998 -26.050000000000004 12.6
      vertex -27.53488792601161 -25.844164005307928 12.6
      vertex -27.53488792601161 -25.844164005307928 13
    endloop
  endfacet
  facet normal 0.9891765099647803 -0.14673047445536522 -3.3827700802532452e-18
    outer loop
      vertex -27.53488792601161 -25.844164005307928 12.6
      vertex -27.50464908884678 -25.640310323766133 12.6
      vertex -27.50464908884678 -25.640310323766133 13
    endloop
  endfacet
  facet normal 0.9700312531945459 -0.24298017990325613 -4.694574365439437e-18
    outer loop
      vertex -27.50464908884678 -25.640310323766133 12.6
      vertex -27.454574705037636 -25.440402177765634 12.6
      vertex -27.454574705037636 -25.440402177765634 13
    endloop
  endfacet
  facet normal 0.9987954562051721 0.04906767432742621 0
    outer loop
      vertex -27.53488792601161 -26.25583599469208 12.6
      vertex -27.544999999999998 -26.050000000000004 13
      vertex -27.53488792601161 -26.25583599469208 13
    endloop
  endfacet
  facet normal 0.9987954562051721 -0.04906767432742621 0
    outer loop
      vertex -27.544999999999998 -26.050000000000004 12.6
      vertex -27.53488792601161 -25.844164005307928 13
      vertex -27.544999999999998 -26.050000000000004 13
    endloop
  endfacet
  facet normal 0.9891765099647803 -0.14673047445536522 0
    outer loop
      vertex -27.53488792601161 -25.844164005307928 12.6
      vertex -27.50464908884678 -25.640310323766133 13
      vertex -27.53488792601161 -25.844164005307928 13
    endloop
  endfacet
  facet normal 0.9700312531945459 -0.24298017990325613 0
    outer loop
      vertex -27.50464908884678 -25.640310323766133 12.6
      vertex -27.454574705037636 -25.440402177765634 13
      vertex -27.50464908884678 -25.640310323766133 13
    endloop
  endfacet
  facet normal 0.94154406518302 -0.33688985339222244 0
    outer loop
      vertex -27.454574705037636 -25.440402177765634 12.6
      vertex -27.3851470182737 -25.246364792033315 13
      vertex -27.454574705037636 -25.440402177765634 13
    endloop
  endfacet
  facet normal 0.94154406518302 -0.33688985339222244 -2.1755200278948723e-18
    outer loop
      vertex -27.454574705037636 -25.440402177765634 12.6
      vertex -27.3851470182737 -25.246364792033315 12.6
      vertex -27.3851470182737 -25.246364792033315 13
    endloop
  endfacet
  facet normal 0.903989293123447 -0.4275550934302745 -4.133229583745467e-18
    outer loop
      vertex -27.3851470182737 -25.246364792033315 12.6
      vertex -27.297034655131544 -25.060066852665408 12.6
      vertex -27.297034655131544 -25.060066852665408 13
    endloop
  endfacet
  facet normal 0.8577286100002671 -0.5141027441932301 7.579180747041786e-18
    outer loop
      vertex -27.297034655131544 -25.060066852665408 12.6
      vertex -27.191086185835342 -24.88330251065884 12.6
      vertex -27.191086185835342 -24.88330251065884 13
    endloop
  endfacet
  facet normal 0.803207531480643 -0.5956993044924358 1.1049566853559349e-17
    outer loop
      vertex -27.191086185835342 -24.88330251065884 12.6
      vertex -27.068321952061744 -24.71777410325635 12.6
      vertex -27.068321952061744 -24.71777410325635 13
    endloop
  endfacet
  facet normal 0.7409511253549644 -0.6715589548470127 6.9024631916326576e-18
    outer loop
      vertex -27.068321952061744 -24.71777410325635 12.6
      vertex -26.929924240491747 -24.565075759508254 12.6
      vertex -26.929924240491747 -24.565075759508254 13
    endloop
  endfacet
  facet normal 0.6715589548470127 -0.7409511253549644 6.9024631916326576e-18
    outer loop
      vertex -26.929924240491747 -24.565075759508254 12.6
      vertex -26.77722589674365 -24.426678047938257 12.6
      vertex -26.77722589674365 -24.426678047938257 13
    endloop
  endfacet
  facet normal 0.903989293123447 -0.4275550934302745 0
    outer loop
      vertex -27.3851470182737 -25.246364792033315 12.6
      vertex -27.297034655131544 -25.060066852665408 13
      vertex -27.3851470182737 -25.246364792033315 13
    endloop
  endfacet
  facet normal 0.8577286100002671 -0.5141027441932301 0
    outer loop
      vertex -27.297034655131544 -25.060066852665408 12.6
      vertex -27.191086185835342 -24.88330251065884 13
      vertex -27.297034655131544 -25.060066852665408 13
    endloop
  endfacet
  facet normal 0.803207531480643 -0.5956993044924358 0
    outer loop
      vertex -27.191086185835342 -24.88330251065884 12.6
      vertex -27.068321952061744 -24.71777410325635 13
      vertex -27.191086185835342 -24.88330251065884 13
    endloop
  endfacet
  facet normal 0.7409511253549644 -0.6715589548470127 0
    outer loop
      vertex -27.068321952061744 -24.71777410325635 12.6
      vertex -26.929924240491747 -24.565075759508254 13
      vertex -27.068321952061744 -24.71777410325635 13
    endloop
  endfacet
  facet normal 0.6715589548470127 -0.7409511253549644 0
    outer loop
      vertex -26.929924240491747 -24.565075759508254 12.6
      vertex -26.77722589674365 -24.426678047938257 13
      vertex -26.929924240491747 -24.565075759508254 13
    endloop
  endfacet
  facet normal 0.5956993044924358 -0.803207531480643 1.1049566853559349e-17
    outer loop
      vertex -26.77722589674365 -24.426678047938257 12.6
      vertex -26.61169748934116 -24.30391381416466 12.6
      vertex -26.61169748934116 -24.30391381416466 13
    endloop
  endfacet
  facet normal 0.5141027441932301 -0.8577286100002671 7.579180747041786e-18
    outer loop
      vertex -26.61169748934116 -24.30391381416466 12.6
      vertex -26.434933147334593 -24.197965344868457 12.6
      vertex -26.434933147334593 -24.197965344868457 13
    endloop
  endfacet
  facet normal 0.4275550934302745 -0.903989293123447 -4.133229583745467e-18
    outer loop
      vertex -26.434933147334593 -24.197965344868457 12.6
      vertex -26.248635207966686 -24.109852981726302 12.6
      vertex -26.248635207966686 -24.109852981726302 13
    endloop
  endfacet
  facet normal 0.33688985339222244 -0.94154406518302 -2.1755200278948723e-18
    outer loop
      vertex -26.248635207966686 -24.109852981726302 12.6
      vertex -26.054597822234367 -24.040425294962365 12.6
      vertex -26.054597822234367 -24.040425294962365 13
    endloop
  endfacet
  facet normal 0.24298017990325613 -0.9700312531945459 -4.694574365439437e-18
    outer loop
      vertex -26.054597822234367 -24.040425294962365 12.6
      vertex -25.854689676233868 -23.99035091115322 12.6
      vertex -25.854689676233868 -23.99035091115322 13
    endloop
  endfacet
  facet normal 0.14673047445536522 -0.9891765099647803 -3.3827700802532452e-18
    outer loop
      vertex -25.854689676233868 -23.99035091115322 12.6
      vertex -25.650835994692073 -23.96011207398839 12.6
      vertex -25.650835994692073 -23.96011207398839 13
    endloop
  endfacet
  facet normal 0.5956993044924358 -0.803207531480643 0
    outer loop
      vertex -26.77722589674365 -24.426678047938257 12.6
      vertex -26.61169748934116 -24.30391381416466 13
      vertex -26.77722589674365 -24.426678047938257 13
    endloop
  endfacet
  facet normal 0.5141027441932301 -0.8577286100002671 0
    outer loop
      vertex -26.61169748934116 -24.30391381416466 12.6
      vertex -26.434933147334593 -24.197965344868457 13
      vertex -26.61169748934116 -24.30391381416466 13
    endloop
  endfacet
  facet normal 0.4275550934302745 -0.903989293123447 0
    outer loop
      vertex -26.434933147334593 -24.197965344868457 12.6
      vertex -26.248635207966686 -24.109852981726302 13
      vertex -26.434933147334593 -24.197965344868457 13
    endloop
  endfacet
  facet normal 0.33688985339222244 -0.94154406518302 0
    outer loop
      vertex -26.248635207966686 -24.109852981726302 12.6
      vertex -26.054597822234367 -24.040425294962365 13
      vertex -26.248635207966686 -24.109852981726302 13
    endloop
  endfacet
  facet normal 0.24298017990325613 -0.9700312531945459 0
    outer loop
      vertex -26.054597822234367 -24.040425294962365 12.6
      vertex -25.854689676233868 -23.99035091115322 13
      vertex -26.054597822234367 -24.040425294962365 13
    endloop
  endfacet
  facet normal 0.14673047445536522 -0.9891765099647803 0
    outer loop
      vertex -25.854689676233868 -23.99035091115322 12.6
      vertex -25.650835994692073 -23.96011207398839 13
      vertex -25.854689676233868 -23.99035091115322 13
    endloop
  endfacet
  facet normal 0 0 1
    outer loop
      vertex -25.650835994692073 -28.139887926011617 12.6
      vertex -25.444999999999997 -28.150000000000006 12.6
      vertex -25.444999999999997 -27.200000000000003 12.6
    endloop
  endfacet
  facet normal 0 0 1
    outer loop
      vertex -25.444999999999997 -28.150000000000006 12.6
      vertex -25.23916400530792 -28.139887926011617 12.6
      vertex -25.444999999999997 -27.200000000000003 12.6
    endloop
  endfacet
  facet normal 0 0 1
    outer loop
      vertex -25.650835994692073 -28.139887926011617 12.6
      vertex -25.444999999999997 -27.200000000000003 12.6
      vertex -25.55771971137899 -27.19446243567303 12.6
    endloop
  endfacet
  facet normal 0 0 1
    outer loop
      vertex -25.23916400530792 -28.139887926011617 12.6
      vertex -25.035310323766126 -28.109649088846787 12.6
      vertex -25.220646129681448 -27.17790307246372 12.6
    endloop
  endfacet
  facet normal 0 0 1
    outer loop
      vertex -25.23916400530792 -28.139887926011617 12.6
      vertex -25.332280288621003 -27.19446243567303 12.6
      vertex -25.444999999999997 -27.200000000000003 12.6
    endloop
  endfacet
  facet normal 0 0 1
    outer loop
      vertex -25.23916400530792 -28.139887926011617 12.6
      vertex -25.220646129681448 -27.17790307246372 12.6
      vertex -25.332280288621003 -27.19446243567303 12.6
    endloop
  endfacet
  facet normal 0 0 1
    outer loop
      vertex -25.035310323766126 -28.109649088846787 12.6
      vertex -24.835402177765626 -28.059574705037644 12.6
      vertex -25.004914052780144 -27.112461462387984 12.6
    endloop
  endfacet
  facet normal 0 0 1
    outer loop
      vertex -24.835402177765626 -28.059574705037644 12.6
      vertex -24.641364792033308 -27.990147018273706 12.6
      vertex -24.806094232027455 -27.006190054147932 12.6
    endloop
  endfacet
  facet normal 0 0 1
    outer loop
      vertex -25.035310323766126 -28.109649088846787 12.6
      vertex -25.111172621157365 -27.150481386092043 12.6
      vertex -25.220646129681448 -27.17790307246372 12.6
    endloop
  endfacet
  facet normal 0 0 1
    outer loop
      vertex -25.035310323766126 -28.109649088846787 12.6
      vertex -25.004914052780144 -27.112461462387984 12.6
      vertex -25.111172621157365 -27.150481386092043 12.6
    endloop
  endfacet
  facet normal 0 0 1
    outer loop
      vertex -24.835402177765626 -28.059574705037644 12.6
      vertex -24.9028937526501 -27.06420945400061 12.6
      vertex -25.004914052780144 -27.112461462387984 12.6
    endloop
  endfacet
  facet normal 0 0 1
    outer loop
      vertex -24.835402177765626 -28.059574705037644 12.6
      vertex -24.806094232027455 -27.006190054147932 12.6
      vertex -24.9028937526501 -27.06420945400061 12.6
    endloop
  endfacet
  facet normal 0 0 1
    outer loop
      vertex -24.641364792033308 -27.990147018273706 12.6
      vertex -24.715447723211806 -26.938962021367153 12.6
      vertex -24.806094232027455 -27.006190054147932 12.6
    endloop
  endfacet
  facet normal 0 0 1
    outer loop
      vertex -24.641364792033308 -27.990147018273706 12.6
      vertex -24.4550668526654 -27.90203465513155 12.6
      vertex -24.631827201635467 -26.863172798364534 12.6
    endloop
  endfacet
  facet normal 0 0 1
    outer loop
      vertex -24.641364792033308 -27.990147018273706 12.6
      vertex -24.631827201635467 -26.863172798364534 12.6
      vertex -24.715447723211806 -26.938962021367153 12.6
    endloop
  endfacet
  facet normal 0 0 1
    outer loop
      vertex -24.4550668526654 -27.90203465513155 12.6
      vertex -24.556037978632848 -26.779552276788195 12.6
      vertex -24.631827201635467 -26.863172798364534 12.6
    endloop
  endfacet
  facet normal 0 0 1
    outer loop
      vertex -24.4550668526654 -27.90203465513155 12.6
      vertex -24.48880994585207 -26.688905767972546 12.6
      vertex -24.556037978632848 -26.779552276788195 12.6
    endloop
  endfacet
  facet normal 0 0 1
    outer loop
      vertex -24.4550668526654 -27.90203465513155 12.6
      vertex -24.43079054599939 -26.5921062473499 12.6
      vertex -24.48880994585207 -26.688905767972546 12.6
    endloop
  endfacet
  facet normal 0 0 1
    outer loop
      vertex -24.4550668526654 -27.90203465513155 12.6
      vertex -24.278302510658833 -27.79608618583535 12.6
      vertex -24.43079054599939 -26.5921062473499 12.6
    endloop
  endfacet
  facet normal 0 0 1
    outer loop
      vertex -24.278302510658833 -27.79608618583535 12.6
      vertex -24.382538537612017 -26.490085947219857 12.6
      vertex -24.43079054599939 -26.5921062473499 12.6
    endloop
  endfacet
  facet normal 0 0 1
    outer loop
      vertex -24.278302510658833 -27.79608618583535 12.6
      vertex -24.344518613907958 -26.383827378842636 12.6
      vertex -24.382538537612017 -26.490085947219857 12.6
    endloop
  endfacet
  facet normal 0 0 1
    outer loop
      vertex -24.278302510658833 -27.79608618583535 12.6
      vertex -24.317096927536284 -26.274353870318553 12.6
      vertex -24.344518613907958 -26.383827378842636 12.6
    endloop
  endfacet
  facet normal 0 0 1
    outer loop
      vertex -24.278302510658833 -27.79608618583535 12.6
      vertex -24.30053756432697 -26.162719711378998 12.6
      vertex -24.317096927536284 -26.274353870318553 12.6
    endloop
  endfacet
  facet normal 0 0 1
    outer loop
      vertex -24.278302510658833 -27.79608618583535 12.6
      vertex -24.294999999999998 -26.050000000000004 12.6
      vertex -24.30053756432697 -26.162719711378998 12.6
    endloop
  endfacet
  facet normal 0 0 1
    outer loop
      vertex -24.278302510658833 -27.79608618583535 12.6
      vertex -24.112774103256342 -27.67332195206175 12.6
      vertex -24.112774103256342 -24.426678047938257 12.6
    endloop
  endfacet
  facet normal 0 0 1
    outer loop
      vertex -24.112774103256342 -27.67332195206175 12.6
      vertex -23.960075759508246 -27.534924240491755 12.6
      vertex -23.960075759508246 -24.565075759508254 12.6
    endloop
  endfacet
  facet normal 0 0 1
    outer loop
      vertex -23.960075759508246 -27.534924240491755 12.6
      vertex -23.82167804793825 -27.38222589674366 12.6
      vertex -23.82167804793825 -24.71777410325635 12.6
    endloop
  endfacet
  facet normal 0 0 1
    outer loop
      vertex -23.82167804793825 -27.38222589674366 12.6
      vertex -23.69891381416465 -27.21669748934117 12.6
      vertex -23.69891381416465 -24.88330251065884 12.6
    endloop
  endfacet
  facet normal 0 0 1
    outer loop
      vertex -23.69891381416465 -27.21669748934117 12.6
      vertex -23.59296534486845 -27.0399331473346 12.6
      vertex -23.59296534486845 -25.060066852665408 12.6
    endloop
  endfacet
  facet normal 0 0 1
    outer loop
      vertex -23.59296534486845 -27.0399331473346 12.6
      vertex -23.504852981726295 -26.853635207966693 12.6
      vertex -23.504852981726295 -25.246364792033315 12.6
    endloop
  endfacet
  facet normal 0 0 1
    outer loop
      vertex -23.504852981726295 -26.853635207966693 12.6
      vertex -23.435425294962357 -26.659597822234375 12.6
      vertex -23.435425294962357 -25.440402177765634 12.6
    endloop
  endfacet
  facet normal 0 0 1
    outer loop
      vertex -23.435425294962357 -26.659597822234375 12.6
      vertex -23.385350911153214 -26.459689676233875 12.6
      vertex -23.385350911153214 -25.640310323766133 12.6
    endloop
  endfacet
  facet normal 0.04906767432742621 0.9987954562051721 0
    outer loop
      vertex -25.650835994692073 -28.139887926011617 12.6
      vertex -25.650835994692073 -28.139887926011617 13
      vertex -25.444999999999997 -28.150000000000006 12.6
    endloop
  endfacet
  facet normal -0.04906767432742621 0.9987954562051721 0
    outer loop
      vertex -25.444999999999997 -28.150000000000006 12.6
      vertex -25.444999999999997 -28.150000000000006 13
      vertex -25.23916400530792 -28.139887926011617 12.6
    endloop
  endfacet
  facet normal -0.14673047445536522 0.9891765099647803 0
    outer loop
      vertex -25.23916400530792 -28.139887926011617 12.6
      vertex -25.23916400530792 -28.139887926011617 13
      vertex -25.035310323766126 -28.109649088846787 12.6
    endloop
  endfacet
  facet normal -0.24298017990325613 0.9700312531945459 0
    outer loop
      vertex -25.035310323766126 -28.109649088846787 12.6
      vertex -25.035310323766126 -28.109649088846787 13
      vertex -24.835402177765626 -28.059574705037644 12.6
    endloop
  endfacet
  facet normal -0.33688985339222244 0.94154406518302 0
    outer loop
      vertex -24.835402177765626 -28.059574705037644 12.6
      vertex -24.835402177765626 -28.059574705037644 13
      vertex -24.641364792033308 -27.990147018273706 12.6
    endloop
  endfacet
  facet normal -0.4275550934302745 0.903989293123447 0
    outer loop
      vertex -24.641364792033308 -27.990147018273706 12.6
      vertex -24.641364792033308 -27.990147018273706 13
      vertex -24.4550668526654 -27.90203465513155 12.6
    endloop
  endfacet
  facet normal 0.04906767432742621 0.9987954562051721 0
    outer loop
      vertex -25.444999999999997 -28.150000000000006 12.6
      vertex -25.650835994692073 -28.139887926011617 13
      vertex -25.444999999999997 -28.150000000000006 13
    endloop
  endfacet
  facet normal -0.04906767432742621 0.9987954562051721 0
    outer loop
      vertex -25.23916400530792 -28.139887926011617 12.6
      vertex -25.444999999999997 -28.150000000000006 13
      vertex -25.23916400530792 -28.139887926011617 13
    endloop
  endfacet
  facet normal -0.14673047445536522 0.9891765099647803 0
    outer loop
      vertex -25.035310323766126 -28.109649088846787 12.6
      vertex -25.23916400530792 -28.139887926011617 13
      vertex -25.035310323766126 -28.109649088846787 13
    endloop
  endfacet
  facet normal -0.24298017990325613 0.9700312531945459 0
    outer loop
      vertex -24.835402177765626 -28.059574705037644 12.6
      vertex -25.035310323766126 -28.109649088846787 13
      vertex -24.835402177765626 -28.059574705037644 13
    endloop
  endfacet
  facet normal -0.33688985339222244 0.94154406518302 0
    outer loop
      vertex -24.641364792033308 -27.990147018273706 12.6
      vertex -24.835402177765626 -28.059574705037644 13
      vertex -24.641364792033308 -27.990147018273706 13
    endloop
  endfacet
  facet normal -0.4275550934302745 0.903989293123447 0
    outer loop
      vertex -24.4550668526654 -27.90203465513155 12.6
      vertex -24.641364792033308 -27.990147018273706 13
      vertex -24.4550668526654 -27.90203465513155 13
    endloop
  endfacet
  facet normal -0.5141027441932301 0.8577286100002671 0
    outer loop
      vertex -24.4550668526654 -27.90203465513155 12.6
      vertex -24.4550668526654 -27.90203465513155 13
      vertex -24.278302510658833 -27.79608618583535 12.6
    endloop
  endfacet
  facet normal -0.5956993044924358 0.803207531480643 0
    outer loop
      vertex -24.278302510658833 -27.79608618583535 12.6
      vertex -24.278302510658833 -27.79608618583535 13
      vertex -24.112774103256342 -27.67332195206175 12.6
    endloop
  endfacet
  facet normal -0.6715589548470127 0.7409511253549644 0
    outer loop
      vertex -24.112774103256342 -27.67332195206175 12.6
      vertex -24.112774103256342 -27.67332195206175 13
      vertex -23.960075759508246 -27.534924240491755 12.6
    endloop
  endfacet
  facet normal -0.7409511253549644 0.6715589548470127 0
    outer loop
      vertex -23.960075759508246 -27.534924240491755 12.6
      vertex -23.960075759508246 -27.534924240491755 13
      vertex -23.82167804793825 -27.38222589674366 12.6
    endloop
  endfacet
  facet normal -0.803207531480643 0.5956993044924358 0
    outer loop
      vertex -23.82167804793825 -27.38222589674366 12.6
      vertex -23.82167804793825 -27.38222589674366 13
      vertex -23.69891381416465 -27.21669748934117 12.6
    endloop
  endfacet
  facet normal -0.5141027441932301 0.8577286100002671 0
    outer loop
      vertex -24.278302510658833 -27.79608618583535 12.6
      vertex -24.4550668526654 -27.90203465513155 13
      vertex -24.278302510658833 -27.79608618583535 13
    endloop
  endfacet
  facet normal -0.5956993044924358 0.803207531480643 0
    outer loop
      vertex -24.112774103256342 -27.67332195206175 12.6
      vertex -24.278302510658833 -27.79608618583535 13
      vertex -24.112774103256342 -27.67332195206175 13
    endloop
  endfacet
  facet normal -0.6715589548470127 0.7409511253549644 0
    outer loop
      vertex -23.960075759508246 -27.534924240491755 12.6
      vertex -24.112774103256342 -27.67332195206175 13
      vertex -23.960075759508246 -27.534924240491755 13
    endloop
  endfacet
  facet normal -0.7409511253549644 0.6715589548470127 0
    outer loop
      vertex -23.82167804793825 -27.38222589674366 12.6
      vertex -23.960075759508246 -27.534924240491755 13
      vertex -23.82167804793825 -27.38222589674366 13
    endloop
  endfacet
  facet normal -0.8577286100002671 0.5141027441932301 0
    outer loop
      vertex -23.69891381416465 -27.21669748934117 12.6
      vertex -23.69891381416465 -27.21669748934117 13
      vertex -23.59296534486845 -27.0399331473346 12.6
    endloop
  endfacet
  facet normal -0.903989293123447 0.4275550934302745 0
    outer loop
      vertex -23.59296534486845 -27.0399331473346 12.6
      vertex -23.59296534486845 -27.0399331473346 13
      vertex -23.504852981726295 -26.853635207966693 12.6
    endloop
  endfacet
  facet normal -0.94154406518302 0.33688985339222244 0
    outer loop
      vertex -23.504852981726295 -26.853635207966693 12.6
      vertex -23.504852981726295 -26.853635207966693 13
      vertex -23.435425294962357 -26.659597822234375 12.6
    endloop
  endfacet
  facet normal -0.9700312531945459 0.24298017990325613 0
    outer loop
      vertex -23.435425294962357 -26.659597822234375 12.6
      vertex -23.435425294962357 -26.659597822234375 13
      vertex -23.385350911153214 -26.459689676233875 12.6
    endloop
  endfacet
  facet normal -0.9891765099647803 0.14673047445536522 0
    outer loop
      vertex -23.385350911153214 -26.459689676233875 12.6
      vertex -23.385350911153214 -26.459689676233875 13
      vertex -23.355112073988384 -26.25583599469208 12.6
    endloop
  endfacet
  facet normal -0.803207531480643 0.5956993044924358 0
    outer loop
      vertex -23.69891381416465 -27.21669748934117 12.6
      vertex -23.82167804793825 -27.38222589674366 13
      vertex -23.69891381416465 -27.21669748934117 13
    endloop
  endfacet
  facet normal -0.8577286100002671 0.5141027441932301 0
    outer loop
      vertex -23.59296534486845 -27.0399331473346 12.6
      vertex -23.69891381416465 -27.21669748934117 13
      vertex -23.59296534486845 -27.0399331473346 13
    endloop
  endfacet
  facet normal -0.903989293123447 0.4275550934302745 0
    outer loop
      vertex -23.504852981726295 -26.853635207966693 12.6
      vertex -23.59296534486845 -27.0399331473346 13
      vertex -23.504852981726295 -26.853635207966693 13
    endloop
  endfacet
  facet normal -0.94154406518302 0.33688985339222244 0
    outer loop
      vertex -23.435425294962357 -26.659597822234375 12.6
      vertex -23.504852981726295 -26.853635207966693 13
      vertex -23.435425294962357 -26.659597822234375 13
    endloop
  endfacet
  facet normal -0.9700312531945459 0.24298017990325613 0
    outer loop
      vertex -23.385350911153214 -26.459689676233875 12.6
      vertex -23.435425294962357 -26.659597822234375 13
      vertex -23.385350911153214 -26.459689676233875 13
    endloop
  endfacet
  facet normal -0.9891765099647803 0.14673047445536522 0
    outer loop
      vertex -23.355112073988384 -26.25583599469208 12.6
      vertex -23.385350911153214 -26.459689676233875 13
      vertex -23.355112073988384 -26.25583599469208 13
    endloop
  endfacet
  facet normal 0 0 1
    outer loop
      vertex -25.55771971137899 -24.905537564326977 12.6
      vertex -25.444999999999997 -24.900000000000006 12.6
      vertex -25.650835994692073 -23.96011207398839 12.6
    endloop
  endfacet
  facet normal 0 0 1
    outer loop
      vertex -25.444999999999997 -24.900000000000006 12.6
      vertex -25.332280288621003 -24.905537564326977 12.6
      vertex -25.23916400530792 -23.96011207398839 12.6
    endloop
  endfacet
  facet normal 0 0 1
    outer loop
      vertex -25.332280288621003 -24.905537564326977 12.6
      vertex -25.220646129681448 -24.922096927536288 12.6
      vertex -25.23916400530792 -23.96011207398839 12.6
    endloop
  endfacet
  facet normal 0 0 1
    outer loop
      vertex -25.004914052780144 -24.987538537612025 12.6
      vertex -24.9028937526501 -25.035790545999397 12.6
      vertex -24.835402177765626 -24.040425294962365 12.6
    endloop
  endfacet
  facet normal 0 0 1
    outer loop
      vertex -25.220646129681448 -24.922096927536288 12.6
      vertex -25.111172621157365 -24.949518613907966 12.6
      vertex -25.035310323766126 -23.99035091115322 12.6
    endloop
  endfacet
  facet normal 0 0 1
    outer loop
      vertex -25.111172621157365 -24.949518613907966 12.6
      vertex -25.004914052780144 -24.987538537612025 12.6
      vertex -25.035310323766126 -23.99035091115322 12.6
    endloop
  endfacet
  facet normal 0 0 1
    outer loop
      vertex -24.806094232027455 -25.093809945852076 12.6
      vertex -24.835402177765626 -24.040425294962365 12.6
      vertex -24.9028937526501 -25.035790545999397 12.6
    endloop
  endfacet
  facet normal 0 0 1
    outer loop
      vertex -24.806094232027455 -25.093809945852076 12.6
      vertex -24.715447723211806 -25.161037978632855 12.6
      vertex -24.641364792033308 -24.109852981726302 12.6
    endloop
  endfacet
  facet normal 0 0 1
    outer loop
      vertex -24.278302510658833 -27.79608618583535 12.6
      vertex -24.278302510658833 -24.30391381416466 12.6
      vertex -24.294999999999998 -26.050000000000004 12.6
    endloop
  endfacet
  facet normal 0 0 1
    outer loop
      vertex -24.278302510658833 -27.79608618583535 12.6
      vertex -24.112774103256342 -24.426678047938257 12.6
      vertex -24.278302510658833 -24.30391381416466 12.6
    endloop
  endfacet
  facet normal 0 0 1
    outer loop
      vertex -24.294999999999998 -26.050000000000004 12.6
      vertex -24.278302510658833 -24.30391381416466 12.6
      vertex -24.30053756432697 -25.93728028862101 12.6
    endloop
  endfacet
  facet normal 0 0 1
    outer loop
      vertex -24.317096927536284 -25.825646129681456 12.6
      vertex -24.30053756432697 -25.93728028862101 12.6
      vertex -24.278302510658833 -24.30391381416466 12.6
    endloop
  endfacet
  facet normal 0 0 1
    outer loop
      vertex -24.112774103256342 -27.67332195206175 12.6
      vertex -23.960075759508246 -24.565075759508254 12.6
      vertex -24.112774103256342 -24.426678047938257 12.6
    endloop
  endfacet
  facet normal 0 0 1
    outer loop
      vertex -23.960075759508246 -27.534924240491755 12.6
      vertex -23.82167804793825 -24.71777410325635 12.6
      vertex -23.960075759508246 -24.565075759508254 12.6
    endloop
  endfacet
  facet normal 0 0 1
    outer loop
      vertex -23.82167804793825 -27.38222589674366 12.6
      vertex -23.69891381416465 -24.88330251065884 12.6
      vertex -23.82167804793825 -24.71777410325635 12.6
    endloop
  endfacet
  facet normal 0 0 1
    outer loop
      vertex -24.43079054599939 -25.50789375265011 12.6
      vertex -24.4550668526654 -24.197965344868457 12.6
      vertex -24.48880994585207 -25.411094232027462 12.6
    endloop
  endfacet
  facet normal 0 0 1
    outer loop
      vertex -24.556037978632848 -25.320447723211814 12.6
      vertex -24.4550668526654 -24.197965344868457 12.6
      vertex -24.631827201635467 -25.236827201635474 12.6
    endloop
  endfacet
  facet normal 0 0 1
    outer loop
      vertex -24.556037978632848 -25.320447723211814 12.6
      vertex -24.48880994585207 -25.411094232027462 12.6
      vertex -24.4550668526654 -24.197965344868457 12.6
    endloop
  endfacet
  facet normal 0 0 1
    outer loop
      vertex -24.344518613907958 -25.716172621157373 12.6
      vertex -24.278302510658833 -24.30391381416466 12.6
      vertex -24.382538537612017 -25.60991405278015 12.6
    endloop
  endfacet
  facet normal 0 0 1
    outer loop
      vertex -24.43079054599939 -25.50789375265011 12.6
      vertex -24.382538537612017 -25.60991405278015 12.6
      vertex -24.278302510658833 -24.30391381416466 12.6
    endloop
  endfacet
  facet normal 0 0 1
    outer loop
      vertex -24.317096927536284 -25.825646129681456 12.6
      vertex -24.278302510658833 -24.30391381416466 12.6
      vertex -24.344518613907958 -25.716172621157373 12.6
    endloop
  endfacet
  facet normal 0 0 1
    outer loop
      vertex -24.715447723211806 -25.161037978632855 12.6
      vertex -24.631827201635467 -25.236827201635474 12.6
      vertex -24.641364792033308 -24.109852981726302 12.6
    endloop
  endfacet
  facet normal 0 0 1
    outer loop
      vertex -24.631827201635467 -25.236827201635474 12.6
      vertex -24.4550668526654 -24.197965344868457 12.6
      vertex -24.641364792033308 -24.109852981726302 12.6
    endloop
  endfacet
  facet normal 0 0 1
    outer loop
      vertex -24.43079054599939 -25.50789375265011 12.6
      vertex -24.278302510658833 -24.30391381416466 12.6
      vertex -24.4550668526654 -24.197965344868457 12.6
    endloop
  endfacet
  facet normal 0 0 1
    outer loop
      vertex -25.444999999999997 -24.900000000000006 12.6
      vertex -25.444999999999997 -23.950000000000003 12.6
      vertex -25.650835994692073 -23.96011207398839 12.6
    endloop
  endfacet
  facet normal 0 0 1
    outer loop
      vertex -25.444999999999997 -24.900000000000006 12.6
      vertex -25.23916400530792 -23.96011207398839 12.6
      vertex -25.444999999999997 -23.950000000000003 12.6
    endloop
  endfacet
  facet normal 0 0 1
    outer loop
      vertex -25.220646129681448 -24.922096927536288 12.6
      vertex -25.035310323766126 -23.99035091115322 12.6
      vertex -25.23916400530792 -23.96011207398839 12.6
    endloop
  endfacet
  facet normal 0 0 1
    outer loop
      vertex -25.004914052780144 -24.987538537612025 12.6
      vertex -24.835402177765626 -24.040425294962365 12.6
      vertex -25.035310323766126 -23.99035091115322 12.6
    endloop
  endfacet
  facet normal 0 0 1
    outer loop
      vertex -24.806094232027455 -25.093809945852076 12.6
      vertex -24.641364792033308 -24.109852981726302 12.6
      vertex -24.835402177765626 -24.040425294962365 12.6
    endloop
  endfacet
  facet normal 0 0 1
    outer loop
      vertex -23.59296534486845 -27.0399331473346 12.6
      vertex -23.504852981726295 -25.246364792033315 12.6
      vertex -23.59296534486845 -25.060066852665408 12.6
    endloop
  endfacet
  facet normal 0 0 1
    outer loop
      vertex -23.385350911153214 -26.459689676233875 12.6
      vertex -23.355112073988384 -26.25583599469208 12.6
      vertex -23.355112073988384 -25.844164005307928 12.6
    endloop
  endfacet
  facet normal 0 0 1
    outer loop
      vertex -23.385350911153214 -26.459689676233875 12.6
      vertex -23.355112073988384 -25.844164005307928 12.6
      vertex -23.385350911153214 -25.640310323766133 12.6
    endloop
  endfacet
  facet normal 0 0 1
    outer loop
      vertex -23.355112073988384 -26.25583599469208 12.6
      vertex -23.344999999999995 -26.050000000000004 12.6
      vertex -23.355112073988384 -25.844164005307928 12.6
    endloop
  endfacet
  facet normal 0 0 1
    outer loop
      vertex -23.504852981726295 -26.853635207966693 12.6
      vertex -23.435425294962357 -25.440402177765634 12.6
      vertex -23.504852981726295 -25.246364792033315 12.6
    endloop
  endfacet
  facet normal 0 0 1
    outer loop
      vertex -23.435425294962357 -26.659597822234375 12.6
      vertex -23.385350911153214 -25.640310323766133 12.6
      vertex -23.435425294962357 -25.440402177765634 12.6
    endloop
  endfacet
  facet normal 0 0 1
    outer loop
      vertex -23.69891381416465 -27.21669748934117 12.6
      vertex -23.59296534486845 -25.060066852665408 12.6
      vertex -23.69891381416465 -24.88330251065884 12.6
    endloop
  endfacet
  facet normal -0.6715589548470127 -0.7409511253549644 -6.9024631916326576e-18
    outer loop
      vertex -24.112774103256342 -24.426678047938257 12.6
      vertex -23.960075759508246 -24.565075759508254 12.6
      vertex -23.960075759508246 -24.565075759508254 13
    endloop
  endfacet
  facet normal -0.7409511253549644 -0.6715589548470127 -6.9024631916326576e-18
    outer loop
      vertex -23.960075759508246 -24.565075759508254 12.6
      vertex -23.82167804793825 -24.71777410325635 12.6
      vertex -23.82167804793825 -24.71777410325635 13
    endloop
  endfacet
  facet normal -0.6715589548470127 -0.7409511253549644 0
    outer loop
      vertex -24.112774103256342 -24.426678047938257 12.6
      vertex -23.960075759508246 -24.565075759508254 13
      vertex -24.112774103256342 -24.426678047938257 13
    endloop
  endfacet
  facet normal -0.803207531480643 -0.5956993044924358 0
    outer loop
      vertex -23.82167804793825 -24.71777410325635 12.6
      vertex -23.69891381416465 -24.88330251065884 13
      vertex -23.82167804793825 -24.71777410325635 13
    endloop
  endfacet
  facet normal -0.7409511253549644 -0.6715589548470127 0
    outer loop
      vertex -23.960075759508246 -24.565075759508254 12.6
      vertex -23.82167804793825 -24.71777410325635 13
      vertex -23.960075759508246 -24.565075759508254 13
    endloop
  endfacet
  facet normal 0.04906767432742621 -0.9987954562051721 -1.817904219381596e-18
    outer loop
      vertex -25.650835994692073 -23.96011207398839 12.6
      vertex -25.444999999999997 -23.950000000000003 12.6
      vertex -25.444999999999997 -23.950000000000003 13
    endloop
  endfacet
  facet normal -0.04906767432742621 -0.9987954562051721 1.817904219381596e-18
    outer loop
      vertex -25.444999999999997 -23.950000000000003 12.6
      vertex -25.23916400530792 -23.96011207398839 12.6
      vertex -25.23916400530792 -23.96011207398839 13
    endloop
  endfacet
  facet normal -0.33688985339222244 -0.94154406518302 0
    outer loop
      vertex -24.641364792033308 -24.109852981726302 12.6
      vertex -24.641364792033308 -24.109852981726302 13
      vertex -24.835402177765626 -24.040425294962365 12.6
    endloop
  endfacet
  facet normal -0.14673047445536522 -0.9891765099647803 3.3827700802532452e-18
    outer loop
      vertex -25.23916400530792 -23.96011207398839 12.6
      vertex -25.035310323766126 -23.99035091115322 12.6
      vertex -25.035310323766126 -23.99035091115322 13
    endloop
  endfacet
  facet normal -0.24298017990325613 -0.9700312531945459 4.694574365439437e-18
    outer loop
      vertex -25.035310323766126 -23.99035091115322 12.6
      vertex -24.835402177765626 -24.040425294962365 12.6
      vertex -24.835402177765626 -24.040425294962365 13
    endloop
  endfacet
  facet normal -0.4275550934302745 -0.903989293123447 4.133229583745467e-18
    outer loop
      vertex -24.641364792033308 -24.109852981726302 12.6
      vertex -24.4550668526654 -24.197965344868457 12.6
      vertex -24.4550668526654 -24.197965344868457 13
    endloop
  endfacet
  facet normal -0.5141027441932301 -0.8577286100002671 -7.579180747041786e-18
    outer loop
      vertex -24.4550668526654 -24.197965344868457 12.6
      vertex -24.278302510658833 -24.30391381416466 12.6
      vertex -24.278302510658833 -24.30391381416466 13
    endloop
  endfacet
  facet normal -0.5956993044924358 -0.803207531480643 -1.1049566853559349e-17
    outer loop
      vertex -24.278302510658833 -24.30391381416466 12.6
      vertex -24.112774103256342 -24.426678047938257 12.6
      vertex -24.112774103256342 -24.426678047938257 13
    endloop
  endfacet
  facet normal 0.04906767432742621 -0.9987954562051721 0
    outer loop
      vertex -25.650835994692073 -23.96011207398839 12.6
      vertex -25.444999999999997 -23.950000000000003 13
      vertex -25.650835994692073 -23.96011207398839 13
    endloop
  endfacet
  facet normal -0.04906767432742621 -0.9987954562051721 0
    outer loop
      vertex -25.444999999999997 -23.950000000000003 12.6
      vertex -25.23916400530792 -23.96011207398839 13
      vertex -25.444999999999997 -23.950000000000003 13
    endloop
  endfacet
  facet normal -0.14673047445536522 -0.9891765099647803 0
    outer loop
      vertex -25.23916400530792 -23.96011207398839 12.6
      vertex -25.035310323766126 -23.99035091115322 13
      vertex -25.23916400530792 -23.96011207398839 13
    endloop
  endfacet
  facet normal -0.33688985339222244 -0.94154406518302 0
    outer loop
      vertex -24.835402177765626 -24.040425294962365 12.6
      vertex -24.641364792033308 -24.109852981726302 13
      vertex -24.835402177765626 -24.040425294962365 13
    endloop
  endfacet
  facet normal -0.24298017990325613 -0.9700312531945459 0
    outer loop
      vertex -25.035310323766126 -23.99035091115322 12.6
      vertex -24.835402177765626 -24.040425294962365 13
      vertex -25.035310323766126 -23.99035091115322 13
    endloop
  endfacet
  facet normal -0.4275550934302745 -0.903989293123447 0
    outer loop
      vertex -24.641364792033308 -24.109852981726302 12.6
      vertex -24.4550668526654 -24.197965344868457 13
      vertex -24.641364792033308 -24.109852981726302 13
    endloop
  endfacet
  facet normal -0.5956993044924358 -0.803207531480643 0
    outer loop
      vertex -24.278302510658833 -24.30391381416466 12.6
      vertex -24.112774103256342 -24.426678047938257 13
      vertex -24.278302510658833 -24.30391381416466 13
    endloop
  endfacet
  facet normal -0.5141027441932301 -0.8577286100002671 0
    outer loop
      vertex -24.4550668526654 -24.197965344868457 12.6
      vertex -24.278302510658833 -24.30391381416466 13
      vertex -24.4550668526654 -24.197965344868457 13
    endloop
  endfacet
  facet normal -0.9987954562051721 0.04906767432742621 0
    outer loop
      vertex -23.355112073988384 -26.25583599469208 12.6
      vertex -23.355112073988384 -26.25583599469208 13
      vertex -23.344999999999995 -26.050000000000004 12.6
    endloop
  endfacet
  facet normal -0.9987954562051721 -0.04906767432742621 0
    outer loop
      vertex -23.344999999999995 -26.050000000000004 12.6
      vertex -23.344999999999995 -26.050000000000004 13
      vertex -23.355112073988384 -25.844164005307928 12.6
    endloop
  endfacet
  facet normal -0.9891765099647803 -0.14673047445536522 0
    outer loop
      vertex -23.355112073988384 -25.844164005307928 12.6
      vertex -23.355112073988384 -25.844164005307928 13
      vertex -23.385350911153214 -25.640310323766133 12.6
    endloop
  endfacet
  facet normal -0.9700312531945459 -0.24298017990325613 0
    outer loop
      vertex -23.385350911153214 -25.640310323766133 12.6
      vertex -23.385350911153214 -25.640310323766133 13
      vertex -23.435425294962357 -25.440402177765634 12.6
    endloop
  endfacet
  facet normal -0.94154406518302 -0.33688985339222244 0
    outer loop
      vertex -23.435425294962357 -25.440402177765634 12.6
      vertex -23.435425294962357 -25.440402177765634 13
      vertex -23.504852981726295 -25.246364792033315 12.6
    endloop
  endfacet
  facet normal -0.903989293123447 -0.4275550934302745 4.133229583745467e-18
    outer loop
      vertex -23.59296534486845 -25.060066852665408 12.6
      vertex -23.504852981726295 -25.246364792033315 12.6
      vertex -23.504852981726295 -25.246364792033315 13
    endloop
  endfacet
  facet normal -0.8577286100002671 -0.5141027441932301 -7.579180747041786e-18
    outer loop
      vertex -23.69891381416465 -24.88330251065884 12.6
      vertex -23.59296534486845 -25.060066852665408 12.6
      vertex -23.59296534486845 -25.060066852665408 13
    endloop
  endfacet
  facet normal -0.803207531480643 -0.5956993044924358 0
    outer loop
      vertex -23.69891381416465 -24.88330251065884 12.6
      vertex -23.69891381416465 -24.88330251065884 13
      vertex -23.82167804793825 -24.71777410325635 12.6
    endloop
  endfacet
  facet normal -0.9987954562051721 0.04906767432742621 0
    outer loop
      vertex -23.344999999999995 -26.050000000000004 12.6
      vertex -23.355112073988384 -26.25583599469208 13
      vertex -23.344999999999995 -26.050000000000004 13
    endloop
  endfacet
  facet normal -0.9987954562051721 -0.04906767432742621 0
    outer loop
      vertex -23.355112073988384 -25.844164005307928 12.6
      vertex -23.344999999999995 -26.050000000000004 13
      vertex -23.355112073988384 -25.844164005307928 13
    endloop
  endfacet
  facet normal -0.9891765099647803 -0.14673047445536522 0
    outer loop
      vertex -23.385350911153214 -25.640310323766133 12.6
      vertex -23.355112073988384 -25.844164005307928 13
      vertex -23.385350911153214 -25.640310323766133 13
    endloop
  endfacet
  facet normal -0.9700312531945459 -0.24298017990325613 0
    outer loop
      vertex -23.435425294962357 -25.440402177765634 12.6
      vertex -23.385350911153214 -25.640310323766133 13
      vertex -23.435425294962357 -25.440402177765634 13
    endloop
  endfacet
  facet normal -0.903989293123447 -0.4275550934302745 0
    outer loop
      vertex -23.59296534486845 -25.060066852665408 12.6
      vertex -23.504852981726295 -25.246364792033315 13
      vertex -23.59296534486845 -25.060066852665408 13
    endloop
  endfacet
  facet normal -0.8577286100002671 -0.5141027441932301 0
    outer loop
      vertex -23.69891381416465 -24.88330251065884 12.6
      vertex -23.59296534486845 -25.060066852665408 13
      vertex -23.69891381416465 -24.88330251065884 13
    endloop
  endfacet
  facet normal -0.94154406518302 -0.33688985339222244 0
    outer loop
      vertex -23.504852981726295 -25.246364792033315 12.6
      vertex -23.435425294962357 -25.440402177765634 13
      vertex -23.504852981726295 -25.246364792033315 13
    endloop
  endfacet
  facet normal 0.9415440651830308 0.3368898533921917 0
    outer loop
      vertex -26.545481386092035 -71.12382737884263 12.6
      vertex -26.507461462387976 -71.23008594721986 11.4
      vertex -26.545481386092035 -71.12382737884263 11.4
    endloop
  endfacet
  facet normal 0.9700312531945401 0.24298017990327928 0
    outer loop
      vertex -26.57290307246371 -71.01435387031856 12.6
      vertex -26.545481386092035 -71.12382737884263 11.4
      vertex -26.57290307246371 -71.01435387031856 11.4
    endloop
  endfacet
  facet normal 0.9891765099647772 0.14673047445538712 0
    outer loop
      vertex -26.589462435673024 -70.902719711379 12.6
      vertex -26.57290307246371 -71.01435387031856 11.4
      vertex -26.589462435673024 -70.902719711379 11.4
    endloop
  endfacet
  facet normal 0.42755509343034304 0.9039892931234146 0
    outer loop
      vertex -25.987106247349892 -71.80420945400061 12.6
      vertex -25.88508594721985 -71.85246146238799 11.4
      vertex -25.987106247349892 -71.80420945400061 11.4
    endloop
  endfacet
  facet normal 0.3368898533921838 0.9415440651830338 0
    outer loop
      vertex -25.88508594721985 -71.85246146238799 12.6
      vertex -25.778827378842628 -71.89048138609205 11.4
      vertex -25.88508594721985 -71.85246146238799 11.4
    endloop
  endfacet
  facet normal 0.2429801799032052 0.9700312531945587 0
    outer loop
      vertex -25.778827378842628 -71.89048138609205 12.6
      vertex -25.669353870318545 -71.91790307246372 11.4
      vertex -25.778827378842628 -71.89048138609205 11.4
    endloop
  endfacet
  facet normal 0.14673047445535176 0.9891765099647825 0
    outer loop
      vertex -25.669353870318545 -71.91790307246372 12.6
      vertex -25.55771971137899 -71.93446243567303 11.4
      vertex -25.669353870318545 -71.91790307246372 11.4
    endloop
  endfacet
  facet normal 0.8577286100003005 0.5141027441931743 0
    outer loop
      vertex -26.459209454000604 -71.3321062473499 12.6
      vertex -26.401190054147925 -71.42890576797255 11.4
      vertex -26.459209454000604 -71.3321062473499 11.4
    endloop
  endfacet
  facet normal 0.8032075314806548 0.5956993044924199 0
    outer loop
      vertex -26.401190054147925 -71.42890576797255 12.6
      vertex -26.333962021367146 -71.5195522767882 11.4
      vertex -26.401190054147925 -71.42890576797255 11.4
    endloop
  endfacet
  facet normal 0.740951125354946 0.671558954847033 0
    outer loop
      vertex -26.333962021367146 -71.5195522767882 12.6
      vertex -26.258172798364527 -71.60317279836454 11.4
      vertex -26.333962021367146 -71.5195522767882 11.4
    endloop
  endfacet
  facet normal 0.671558954847 0.7409511253549758 0
    outer loop
      vertex -26.258172798364527 -71.60317279836454 12.6
      vertex -26.174552276788187 -71.67896202136716 11.4
      vertex -26.258172798364527 -71.60317279836454 11.4
    endloop
  endfacet
  facet normal 0.5956993044924147 0.8032075314806587 0
    outer loop
      vertex -26.174552276788187 -71.67896202136716 12.6
      vertex -26.08390576797254 -71.74619005414793 11.4
      vertex -26.174552276788187 -71.67896202136716 11.4
    endloop
  endfacet
  facet normal 0.5141027441932251 0.8577286100002699 0
    outer loop
      vertex -26.08390576797254 -71.74619005414793 12.6
      vertex -25.987106247349892 -71.80420945400061 11.4
      vertex -26.08390576797254 -71.74619005414793 11.4
    endloop
  endfacet
  facet normal 0.9039892931234274 0.42755509343031595 0
    outer loop
      vertex -26.507461462387976 -71.23008594721986 12.6
      vertex -26.459209454000604 -71.3321062473499 11.4
      vertex -26.507461462387976 -71.23008594721986 11.4
    endloop
  endfacet
  facet normal 0.9415440651830308 0.3368898533921917 0
    outer loop
      vertex -26.507461462387976 -71.23008594721986 12.6
      vertex -26.507461462387976 -71.23008594721986 11.4
      vertex -26.545481386092035 -71.12382737884263 12.6
    endloop
  endfacet
  facet normal 0.9700312531945401 0.24298017990327928 0
    outer loop
      vertex -26.545481386092035 -71.12382737884263 12.6
      vertex -26.545481386092035 -71.12382737884263 11.4
      vertex -26.57290307246371 -71.01435387031856 12.6
    endloop
  endfacet
  facet normal 0.9891765099647772 0.14673047445538712 0
    outer loop
      vertex -26.57290307246371 -71.01435387031856 12.6
      vertex -26.57290307246371 -71.01435387031856 11.4
      vertex -26.589462435673024 -70.902719711379 12.6
    endloop
  endfacet
  facet normal 0.5141027441932251 0.8577286100002699 -1.8537774405903913e-18
    outer loop
      vertex -26.08390576797254 -71.74619005414793 12.6
      vertex -25.987106247349892 -71.80420945400061 12.6
      vertex -25.987106247349892 -71.80420945400061 11.4
    endloop
  endfacet
  facet normal 0.42755509343034304 0.9039892931234146 2.907533785567201e-18
    outer loop
      vertex -25.987106247349892 -71.80420945400061 12.6
      vertex -25.88508594721985 -71.85246146238799 12.6
      vertex -25.88508594721985 -71.85246146238799 11.4
    endloop
  endfacet
  facet normal 0.3368898533921838 0.9415440651830338 2.282457433785211e-18
    outer loop
      vertex -25.88508594721985 -71.85246146238799 12.6
      vertex -25.778827378842628 -71.89048138609205 12.6
      vertex -25.778827378842628 -71.89048138609205 11.4
    endloop
  endfacet
  facet normal 0.2429801799032052 0.9700312531945587 0
    outer loop
      vertex -25.669353870318545 -71.91790307246372 12.6
      vertex -25.669353870318545 -71.91790307246372 11.4
      vertex -25.778827378842628 -71.89048138609205 12.6
    endloop
  endfacet
  facet normal 0.14673047445535176 0.9891765099647825 -2.592792987872455e-19
    outer loop
      vertex -25.669353870318545 -71.91790307246372 12.6
      vertex -25.55771971137899 -71.93446243567303 12.6
      vertex -25.55771971137899 -71.93446243567303 11.4
    endloop
  endfacet
  facet normal 0.740951125354946 0.671558954847033 1.0152353125793308e-18
    outer loop
      vertex -26.333962021367146 -71.5195522767882 12.6
      vertex -26.258172798364527 -71.60317279836454 12.6
      vertex -26.258172798364527 -71.60317279836454 11.4
    endloop
  endfacet
  facet normal 0.8577286100003005 0.5141027441931743 0
    outer loop
      vertex -26.401190054147925 -71.42890576797255 12.6
      vertex -26.401190054147925 -71.42890576797255 11.4
      vertex -26.459209454000604 -71.3321062473499 12.6
    endloop
  endfacet
  facet normal 0.8032075314806548 0.5956993044924199 0
    outer loop
      vertex -26.333962021367146 -71.5195522767882 12.6
      vertex -26.333962021367146 -71.5195522767882 11.4
      vertex -26.401190054147925 -71.42890576797255 12.6
    endloop
  endfacet
  facet normal 0.671558954847 0.7409511253549758 1.5083870321475953e-18
    outer loop
      vertex -26.258172798364527 -71.60317279836454 12.6
      vertex -26.174552276788187 -71.67896202136716 12.6
      vertex -26.174552276788187 -71.67896202136716 11.4
    endloop
  endfacet
  facet normal 0.5956993044924147 0.8032075314806587 0
    outer loop
      vertex -26.08390576797254 -71.74619005414793 12.6
      vertex -26.08390576797254 -71.74619005414793 11.4
      vertex -26.174552276788187 -71.67896202136716 12.6
    endloop
  endfacet
  facet normal 0.9039892931234274 0.42755509343031595 0
    outer loop
      vertex -26.459209454000604 -71.3321062473499 12.6
      vertex -26.459209454000604 -71.3321062473499 11.4
      vertex -26.507461462387976 -71.23008594721986 12.6
    endloop
  endfacet
  facet normal 0.04906767432752389 0.9987954562051673 0
    outer loop
      vertex -25.55771971137899 -71.93446243567303 12.6
      vertex -25.444999999999997 -71.94000000000001 11.4
      vertex -25.55771971137899 -71.93446243567303 11.4
    endloop
  endfacet
  facet normal -0.04906767432752389 0.9987954562051673 0
    outer loop
      vertex -25.444999999999997 -71.94000000000001 12.6
      vertex -25.332280288621003 -71.93446243567303 11.4
      vertex -25.444999999999997 -71.94000000000001 11.4
    endloop
  endfacet
  facet normal -0.14673047445535176 0.9891765099647825 0
    outer loop
      vertex -25.332280288621003 -71.93446243567303 12.6
      vertex -25.220646129681448 -71.91790307246372 11.4
      vertex -25.332280288621003 -71.93446243567303 11.4
    endloop
  endfacet
  facet normal -0.2429801799032052 0.9700312531945587 0
    outer loop
      vertex -25.220646129681448 -71.91790307246372 12.6
      vertex -25.111172621157365 -71.89048138609205 11.4
      vertex -25.220646129681448 -71.91790307246372 11.4
    endloop
  endfacet
  facet normal -0.3368898533921838 0.9415440651830338 0
    outer loop
      vertex -25.111172621157365 -71.89048138609205 12.6
      vertex -25.004914052780144 -71.85246146238799 11.4
      vertex -25.111172621157365 -71.89048138609205 11.4
    endloop
  endfacet
  facet normal -0.42755509343034304 0.9039892931234146 0
    outer loop
      vertex -25.004914052780144 -71.85246146238799 12.6
      vertex -24.9028937526501 -71.80420945400061 11.4
      vertex -25.004914052780144 -71.85246146238799 11.4
    endloop
  endfacet
  facet normal -0.5141027441932251 0.8577286100002699 0
    outer loop
      vertex -24.9028937526501 -71.80420945400061 12.6
      vertex -24.806094232027455 -71.74619005414793 11.4
      vertex -24.9028937526501 -71.80420945400061 11.4
    endloop
  endfacet
  facet normal -0.5956993044924147 0.8032075314806587 0
    outer loop
      vertex -24.806094232027455 -71.74619005414793 12.6
      vertex -24.715447723211806 -71.67896202136716 11.4
      vertex -24.806094232027455 -71.74619005414793 11.4
    endloop
  endfacet
  facet normal -0.671558954847 0.7409511253549758 0
    outer loop
      vertex -24.715447723211806 -71.67896202136716 12.6
      vertex -24.631827201635467 -71.60317279836454 11.4
      vertex -24.715447723211806 -71.67896202136716 11.4
    endloop
  endfacet
  facet normal -0.740951125354946 0.671558954847033 0
    outer loop
      vertex -24.631827201635467 -71.60317279836454 12.6
      vertex -24.556037978632848 -71.5195522767882 11.4
      vertex -24.631827201635467 -71.60317279836454 11.4
    endloop
  endfacet
  facet normal -0.8032075314806548 0.5956993044924199 0
    outer loop
      vertex -24.556037978632848 -71.5195522767882 12.6
      vertex -24.48880994585207 -71.42890576797255 11.4
      vertex -24.556037978632848 -71.5195522767882 11.4
    endloop
  endfacet
  facet normal -0.8577286100003005 0.5141027441931743 0
    outer loop
      vertex -24.48880994585207 -71.42890576797255 12.6
      vertex -24.43079054599939 -71.3321062473499 11.4
      vertex -24.48880994585207 -71.42890576797255 11.4
    endloop
  endfacet
  facet normal -0.9039892931234274 0.42755509343031595 0
    outer loop
      vertex -24.43079054599939 -71.3321062473499 12.6
      vertex -24.382538537612017 -71.23008594721986 11.4
      vertex -24.43079054599939 -71.3321062473499 11.4
    endloop
  endfacet
  facet normal -0.9415440651830308 0.3368898533921917 0
    outer loop
      vertex -24.382538537612017 -71.23008594721986 12.6
      vertex -24.344518613907958 -71.12382737884263 11.4
      vertex -24.382538537612017 -71.23008594721986 11.4
    endloop
  endfacet
  facet normal -0.9700312531945401 0.24298017990327928 0
    outer loop
      vertex -24.344518613907958 -71.12382737884263 12.6
      vertex -24.317096927536284 -71.01435387031856 11.4
      vertex -24.344518613907958 -71.12382737884263 11.4
    endloop
  endfacet
  facet normal -0.9891765099647772 0.14673047445538712 0
    outer loop
      vertex -24.317096927536284 -71.01435387031856 12.6
      vertex -24.30053756432697 -70.902719711379 11.4
      vertex -24.317096927536284 -71.01435387031856 11.4
    endloop
  endfacet
  facet normal 0.04906767432752389 0.9987954562051673 -1.0516898260991677e-19
    outer loop
      vertex -25.55771971137899 -71.93446243567303 12.6
      vertex -25.444999999999997 -71.94000000000001 12.6
      vertex -25.444999999999997 -71.94000000000001 11.4
    endloop
  endfacet
  facet normal -0.04906767432752389 0.9987954562051673 1.0516898260991677e-19
    outer loop
      vertex -25.444999999999997 -71.94000000000001 12.6
      vertex -25.332280288621003 -71.93446243567303 12.6
      vertex -25.332280288621003 -71.93446243567303 11.4
    endloop
  endfacet
  facet normal -0.14673047445535176 0.9891765099647825 2.592792987872455e-19
    outer loop
      vertex -25.332280288621003 -71.93446243567303 12.6
      vertex -25.220646129681448 -71.91790307246372 12.6
      vertex -25.220646129681448 -71.91790307246372 11.4
    endloop
  endfacet
  facet normal -0.2429801799032052 0.9700312531945587 1.0698027070872713e-18
    outer loop
      vertex -25.220646129681448 -71.91790307246372 12.6
      vertex -25.111172621157365 -71.89048138609205 12.6
      vertex -25.111172621157365 -71.89048138609205 11.4
    endloop
  endfacet
  facet normal -0.3368898533921838 0.9415440651830338 -2.282457433785211e-18
    outer loop
      vertex -25.111172621157365 -71.89048138609205 12.6
      vertex -25.004914052780144 -71.85246146238799 12.6
      vertex -25.004914052780144 -71.85246146238799 11.4
    endloop
  endfacet
  facet normal -0.42755509343034304 0.9039892931234146 -2.907533785567201e-18
    outer loop
      vertex -25.004914052780144 -71.85246146238799 12.6
      vertex -24.9028937526501 -71.80420945400061 12.6
      vertex -24.9028937526501 -71.80420945400061 11.4
    endloop
  endfacet
  facet normal -0.5141027441932251 0.8577286100002699 1.8537774405903913e-18
    outer loop
      vertex -24.9028937526501 -71.80420945400061 12.6
      vertex -24.806094232027455 -71.74619005414793 12.6
      vertex -24.806094232027455 -71.74619005414793 11.4
    endloop
  endfacet
  facet normal -0.5956993044924147 0.8032075314806587 6.342478957534962e-19
    outer loop
      vertex -24.806094232027455 -71.74619005414793 12.6
      vertex -24.715447723211806 -71.67896202136716 12.6
      vertex -24.715447723211806 -71.67896202136716 11.4
    endloop
  endfacet
  facet normal -0.671558954847 0.7409511253549758 -1.5083870321475953e-18
    outer loop
      vertex -24.715447723211806 -71.67896202136716 12.6
      vertex -24.631827201635467 -71.60317279836454 12.6
      vertex -24.631827201635467 -71.60317279836454 11.4
    endloop
  endfacet
  facet normal -0.740951125354946 0.671558954847033 -1.0152353125793308e-18
    outer loop
      vertex -24.631827201635467 -71.60317279836454 12.6
      vertex -24.556037978632848 -71.5195522767882 12.6
      vertex -24.556037978632848 -71.5195522767882 11.4
    endloop
  endfacet
  facet normal -0.8032075314806548 0.5956993044924199 -1.5809787527422221e-18
    outer loop
      vertex -24.556037978632848 -71.5195522767882 12.6
      vertex -24.48880994585207 -71.42890576797255 12.6
      vertex -24.48880994585207 -71.42890576797255 11.4
    endloop
  endfacet
  facet normal -0.8577286100003005 0.5141027441931743 5.990231575768115e-19
    outer loop
      vertex -24.48880994585207 -71.42890576797255 12.6
      vertex -24.43079054599939 -71.3321062473499 12.6
      vertex -24.43079054599939 -71.3321062473499 11.4
    endloop
  endfacet
  facet normal -0.9039892931234274 0.42755509343031595 -3.1044857145071233e-18
    outer loop
      vertex -24.43079054599939 -71.3321062473499 12.6
      vertex -24.382538537612017 -71.23008594721986 12.6
      vertex -24.382538537612017 -71.23008594721986 11.4
    endloop
  endfacet
  facet normal -0.9415440651830308 0.3368898533921917 2.164364973149706e-18
    outer loop
      vertex -24.382538537612017 -71.23008594721986 12.6
      vertex -24.344518613907958 -71.12382737884263 12.6
      vertex -24.344518613907958 -71.12382737884263 11.4
    endloop
  endfacet
  facet normal -0.9700312531945401 0.24298017990327928 -1.0531668565390747e-18
    outer loop
      vertex -24.344518613907958 -71.12382737884263 12.6
      vertex -24.317096927536284 -71.01435387031856 12.6
      vertex -24.317096927536284 -71.01435387031856 11.4
    endloop
  endfacet
  facet normal -0.9891765099647772 0.14673047445538712 -2.1233824947509526e-19
    outer loop
      vertex -24.317096927536284 -71.01435387031856 12.6
      vertex -24.30053756432697 -70.902719711379 12.6
      vertex -24.30053756432697 -70.902719711379 11.4
    endloop
  endfacet
  facet normal 0.9987954562051735 0.04906767432739518 0
    outer loop
      vertex -26.594999999999995 -70.79 12.6
      vertex -26.589462435673024 -70.902719711379 11.4
      vertex -26.594999999999995 -70.79 11.4
    endloop
  endfacet
  facet normal 0.9987954562051735 -0.04906767432739518 0
    outer loop
      vertex -26.589462435673024 -70.677280288621 12.6
      vertex -26.594999999999995 -70.79 11.4
      vertex -26.589462435673024 -70.677280288621 11.4
    endloop
  endfacet
  facet normal 0.9891765099647772 -0.14673047445538712 0
    outer loop
      vertex -26.57290307246371 -70.56564612968145 12.6
      vertex -26.589462435673024 -70.677280288621 11.4
      vertex -26.57290307246371 -70.56564612968145 11.4
    endloop
  endfacet
  facet normal 0.9700312531945401 -0.24298017990327928 0
    outer loop
      vertex -26.545481386092035 -70.45617262115738 12.6
      vertex -26.57290307246371 -70.56564612968145 11.4
      vertex -26.545481386092035 -70.45617262115738 11.4
    endloop
  endfacet
  facet normal 0.9415440651830308 -0.3368898533921917 0
    outer loop
      vertex -26.507461462387976 -70.34991405278015 12.6
      vertex -26.545481386092035 -70.45617262115738 11.4
      vertex -26.507461462387976 -70.34991405278015 11.4
    endloop
  endfacet
  facet normal 0.9039892931234274 -0.42755509343031595 0
    outer loop
      vertex -26.459209454000604 -70.24789375265011 12.6
      vertex -26.507461462387976 -70.34991405278015 11.4
      vertex -26.459209454000604 -70.24789375265011 11.4
    endloop
  endfacet
  facet normal 0.8577286100003005 -0.5141027441931743 0
    outer loop
      vertex -26.401190054147925 -70.15109423202746 12.6
      vertex -26.459209454000604 -70.24789375265011 11.4
      vertex -26.401190054147925 -70.15109423202746 11.4
    endloop
  endfacet
  facet normal 0.8032075314806548 -0.5956993044924199 0
    outer loop
      vertex -26.333962021367146 -70.06044772321181 12.6
      vertex -26.401190054147925 -70.15109423202746 11.4
      vertex -26.333962021367146 -70.06044772321181 11.4
    endloop
  endfacet
  facet normal 0.740951125354946 -0.671558954847033 0
    outer loop
      vertex -26.258172798364527 -69.97682720163547 12.6
      vertex -26.333962021367146 -70.06044772321181 11.4
      vertex -26.258172798364527 -69.97682720163547 11.4
    endloop
  endfacet
  facet normal 0.671558954847 -0.7409511253549758 0
    outer loop
      vertex -26.174552276788187 -69.90103797863286 12.6
      vertex -26.258172798364527 -69.97682720163547 11.4
      vertex -26.174552276788187 -69.90103797863286 11.4
    endloop
  endfacet
  facet normal 0.5956993044924147 -0.8032075314806587 0
    outer loop
      vertex -26.08390576797254 -69.83380994585208 12.6
      vertex -26.174552276788187 -69.90103797863286 11.4
      vertex -26.08390576797254 -69.83380994585208 11.4
    endloop
  endfacet
  facet normal 0.5141027441932251 -0.8577286100002699 0
    outer loop
      vertex -25.987106247349892 -69.7757905459994 12.6
      vertex -26.08390576797254 -69.83380994585208 11.4
      vertex -25.987106247349892 -69.7757905459994 11.4
    endloop
  endfacet
  facet normal 0.42755509343034304 -0.9039892931234146 0
    outer loop
      vertex -25.88508594721985 -69.72753853761202 12.6
      vertex -25.987106247349892 -69.7757905459994 11.4
      vertex -25.88508594721985 -69.72753853761202 11.4
    endloop
  endfacet
  facet normal 0.3368898533921838 -0.9415440651830338 0
    outer loop
      vertex -25.778827378842628 -69.68951861390796 12.6
      vertex -25.88508594721985 -69.72753853761202 11.4
      vertex -25.778827378842628 -69.68951861390796 11.4
    endloop
  endfacet
  facet normal 0.2429801799032052 -0.9700312531945587 0
    outer loop
      vertex -25.669353870318545 -69.6620969275363 12.6
      vertex -25.778827378842628 -69.68951861390796 11.4
      vertex -25.669353870318545 -69.6620969275363 11.4
    endloop
  endfacet
  facet normal 0.14673047445535176 -0.9891765099647825 0
    outer loop
      vertex -25.55771971137899 -69.64553756432699 12.6
      vertex -25.669353870318545 -69.6620969275363 11.4
      vertex -25.55771971137899 -69.64553756432699 11.4
    endloop
  endfacet
  facet normal 0.9987954562051735 0.04906767432739518 0
    outer loop
      vertex -26.589462435673024 -70.902719711379 12.6
      vertex -26.589462435673024 -70.902719711379 11.4
      vertex -26.594999999999995 -70.79 12.6
    endloop
  endfacet
  facet normal 0.9987954562051735 -0.04906767432739518 0
    outer loop
      vertex -26.594999999999995 -70.79 12.6
      vertex -26.594999999999995 -70.79 11.4
      vertex -26.589462435673024 -70.677280288621 12.6
    endloop
  endfacet
  facet normal 0.9891765099647772 -0.14673047445538712 0
    outer loop
      vertex -26.589462435673024 -70.677280288621 12.6
      vertex -26.589462435673024 -70.677280288621 11.4
      vertex -26.57290307246371 -70.56564612968145 12.6
    endloop
  endfacet
  facet normal 0.9700312531945401 -0.24298017990327928 0
    outer loop
      vertex -26.57290307246371 -70.56564612968145 12.6
      vertex -26.57290307246371 -70.56564612968145 11.4
      vertex -26.545481386092035 -70.45617262115738 12.6
    endloop
  endfacet
  facet normal 0.9415440651830308 -0.3368898533921917 0
    outer loop
      vertex -26.545481386092035 -70.45617262115738 12.6
      vertex -26.545481386092035 -70.45617262115738 11.4
      vertex -26.507461462387976 -70.34991405278015 12.6
    endloop
  endfacet
  facet normal 0.9039892931234274 -0.42755509343031595 0
    outer loop
      vertex -26.507461462387976 -70.34991405278015 12.6
      vertex -26.507461462387976 -70.34991405278015 11.4
      vertex -26.459209454000604 -70.24789375265011 12.6
    endloop
  endfacet
  facet normal 0.8577286100003005 -0.5141027441931743 0
    outer loop
      vertex -26.459209454000604 -70.24789375265011 12.6
      vertex -26.459209454000604 -70.24789375265011 11.4
      vertex -26.401190054147925 -70.15109423202746 12.6
    endloop
  endfacet
  facet normal 0.8032075314806548 -0.5956993044924199 0
    outer loop
      vertex -26.401190054147925 -70.15109423202746 12.6
      vertex -26.401190054147925 -70.15109423202746 11.4
      vertex -26.333962021367146 -70.06044772321181 12.6
    endloop
  endfacet
  facet normal 0.740951125354946 -0.671558954847033 0
    outer loop
      vertex -26.333962021367146 -70.06044772321181 12.6
      vertex -26.333962021367146 -70.06044772321181 11.4
      vertex -26.258172798364527 -69.97682720163547 12.6
    endloop
  endfacet
  facet normal 0.671558954847 -0.7409511253549758 0
    outer loop
      vertex -26.258172798364527 -69.97682720163547 12.6
      vertex -26.258172798364527 -69.97682720163547 11.4
      vertex -26.174552276788187 -69.90103797863286 12.6
    endloop
  endfacet
  facet normal 0.5956993044924147 -0.8032075314806587 0
    outer loop
      vertex -26.174552276788187 -69.90103797863286 12.6
      vertex -26.174552276788187 -69.90103797863286 11.4
      vertex -26.08390576797254 -69.83380994585208 12.6
    endloop
  endfacet
  facet normal 0.5141027441932251 -0.8577286100002699 0
    outer loop
      vertex -26.08390576797254 -69.83380994585208 12.6
      vertex -26.08390576797254 -69.83380994585208 11.4
      vertex -25.987106247349892 -69.7757905459994 12.6
    endloop
  endfacet
  facet normal 0.42755509343034304 -0.9039892931234146 0
    outer loop
      vertex -25.987106247349892 -69.7757905459994 12.6
      vertex -25.987106247349892 -69.7757905459994 11.4
      vertex -25.88508594721985 -69.72753853761202 12.6
    endloop
  endfacet
  facet normal 0.3368898533921838 -0.9415440651830338 0
    outer loop
      vertex -25.88508594721985 -69.72753853761202 12.6
      vertex -25.88508594721985 -69.72753853761202 11.4
      vertex -25.778827378842628 -69.68951861390796 12.6
    endloop
  endfacet
  facet normal 0.2429801799032052 -0.9700312531945587 0
    outer loop
      vertex -25.778827378842628 -69.68951861390796 12.6
      vertex -25.778827378842628 -69.68951861390796 11.4
      vertex -25.669353870318545 -69.6620969275363 12.6
    endloop
  endfacet
  facet normal 0.14673047445535176 -0.9891765099647825 0
    outer loop
      vertex -25.669353870318545 -69.6620969275363 12.6
      vertex -25.669353870318545 -69.6620969275363 11.4
      vertex -25.55771971137899 -69.64553756432699 12.6
    endloop
  endfacet
  facet normal 0.04906767432752389 -0.9987954562051673 0
    outer loop
      vertex -25.444999999999997 -69.64 12.6
      vertex -25.55771971137899 -69.64553756432699 11.4
      vertex -25.444999999999997 -69.64 11.4
    endloop
  endfacet
  facet normal -0.04906767432752389 -0.9987954562051673 0
    outer loop
      vertex -25.332280288621003 -69.64553756432699 12.6
      vertex -25.444999999999997 -69.64 11.4
      vertex -25.332280288621003 -69.64553756432699 11.4
    endloop
  endfacet
  facet normal -0.14673047445535176 -0.9891765099647825 0
    outer loop
      vertex -25.220646129681448 -69.6620969275363 12.6
      vertex -25.332280288621003 -69.64553756432699 11.4
      vertex -25.220646129681448 -69.6620969275363 11.4
    endloop
  endfacet
  facet normal -0.2429801799032052 -0.9700312531945587 0
    outer loop
      vertex -25.111172621157365 -69.68951861390796 12.6
      vertex -25.220646129681448 -69.6620969275363 11.4
      vertex -25.111172621157365 -69.68951861390796 11.4
    endloop
  endfacet
  facet normal -0.3368898533921838 -0.9415440651830338 0
    outer loop
      vertex -25.004914052780144 -69.72753853761202 12.6
      vertex -25.111172621157365 -69.68951861390796 11.4
      vertex -25.004914052780144 -69.72753853761202 11.4
    endloop
  endfacet
  facet normal -0.42755509343034304 -0.9039892931234146 0
    outer loop
      vertex -24.9028937526501 -69.7757905459994 12.6
      vertex -25.004914052780144 -69.72753853761202 11.4
      vertex -24.9028937526501 -69.7757905459994 11.4
    endloop
  endfacet
  facet normal -0.5956993044924147 -0.8032075314806587 0
    outer loop
      vertex -24.715447723211806 -69.90103797863286 12.6
      vertex -24.806094232027455 -69.83380994585208 11.4
      vertex -24.715447723211806 -69.90103797863286 11.4
    endloop
  endfacet
  facet normal -0.5141027441932251 -0.8577286100002699 0
    outer loop
      vertex -24.806094232027455 -69.83380994585208 12.6
      vertex -24.9028937526501 -69.7757905459994 11.4
      vertex -24.806094232027455 -69.83380994585208 11.4
    endloop
  endfacet
  facet normal -0.9987954562051735 0.04906767432739518 0
    outer loop
      vertex -24.30053756432697 -70.902719711379 12.6
      vertex -24.294999999999998 -70.79 11.4
      vertex -24.30053756432697 -70.902719711379 11.4
    endloop
  endfacet
  facet normal -0.9987954562051735 -0.04906767432739518 0
    outer loop
      vertex -24.294999999999998 -70.79 12.6
      vertex -24.30053756432697 -70.677280288621 11.4
      vertex -24.294999999999998 -70.79 11.4
    endloop
  endfacet
  facet normal -0.9891765099647772 -0.14673047445538712 0
    outer loop
      vertex -24.30053756432697 -70.677280288621 12.6
      vertex -24.317096927536284 -70.56564612968145 11.4
      vertex -24.30053756432697 -70.677280288621 11.4
    endloop
  endfacet
  facet normal -0.9700312531945401 -0.24298017990327928 0
    outer loop
      vertex -24.317096927536284 -70.56564612968145 12.6
      vertex -24.344518613907958 -70.45617262115738 11.4
      vertex -24.317096927536284 -70.56564612968145 11.4
    endloop
  endfacet
  facet normal -0.8577286100003005 -0.5141027441931743 0
    outer loop
      vertex -24.43079054599939 -70.24789375265011 12.6
      vertex -24.48880994585207 -70.15109423202746 11.4
      vertex -24.43079054599939 -70.24789375265011 11.4
    endloop
  endfacet
  facet normal -0.8032075314806548 -0.5956993044924199 0
    outer loop
      vertex -24.48880994585207 -70.15109423202746 12.6
      vertex -24.556037978632848 -70.06044772321181 11.4
      vertex -24.48880994585207 -70.15109423202746 11.4
    endloop
  endfacet
  facet normal -0.9415440651830308 -0.3368898533921917 0
    outer loop
      vertex -24.344518613907958 -70.45617262115738 12.6
      vertex -24.382538537612017 -70.34991405278015 11.4
      vertex -24.344518613907958 -70.45617262115738 11.4
    endloop
  endfacet
  facet normal -0.9039892931234274 -0.42755509343031595 0
    outer loop
      vertex -24.382538537612017 -70.34991405278015 12.6
      vertex -24.43079054599939 -70.24789375265011 11.4
      vertex -24.382538537612017 -70.34991405278015 11.4
    endloop
  endfacet
  facet normal -0.671558954847 -0.7409511253549758 0
    outer loop
      vertex -24.631827201635467 -69.97682720163547 12.6
      vertex -24.715447723211806 -69.90103797863286 11.4
      vertex -24.631827201635467 -69.97682720163547 11.4
    endloop
  endfacet
  facet normal -0.740951125354946 -0.671558954847033 0
    outer loop
      vertex -24.556037978632848 -70.06044772321181 12.6
      vertex -24.631827201635467 -69.97682720163547 11.4
      vertex -24.556037978632848 -70.06044772321181 11.4
    endloop
  endfacet
  facet normal 0.04906767432752389 -0.9987954562051673 0
    outer loop
      vertex -25.55771971137899 -69.64553756432699 12.6
      vertex -25.55771971137899 -69.64553756432699 11.4
      vertex -25.444999999999997 -69.64 12.6
    endloop
  endfacet
  facet normal -0.04906767432752389 -0.9987954562051673 0
    outer loop
      vertex -25.444999999999997 -69.64 12.6
      vertex -25.444999999999997 -69.64 11.4
      vertex -25.332280288621003 -69.64553756432699 12.6
    endloop
  endfacet
  facet normal -0.14673047445535176 -0.9891765099647825 0
    outer loop
      vertex -25.332280288621003 -69.64553756432699 12.6
      vertex -25.332280288621003 -69.64553756432699 11.4
      vertex -25.220646129681448 -69.6620969275363 12.6
    endloop
  endfacet
  facet normal -0.2429801799032052 -0.9700312531945587 0
    outer loop
      vertex -25.220646129681448 -69.6620969275363 12.6
      vertex -25.220646129681448 -69.6620969275363 11.4
      vertex -25.111172621157365 -69.68951861390796 12.6
    endloop
  endfacet
  facet normal -0.3368898533921838 -0.9415440651830338 0
    outer loop
      vertex -25.111172621157365 -69.68951861390796 12.6
      vertex -25.111172621157365 -69.68951861390796 11.4
      vertex -25.004914052780144 -69.72753853761202 12.6
    endloop
  endfacet
  facet normal -0.42755509343034304 -0.9039892931234146 2.907533785567201e-18
    outer loop
      vertex -24.9028937526501 -69.7757905459994 12.6
      vertex -25.004914052780144 -69.72753853761202 12.6
      vertex -25.004914052780144 -69.72753853761202 11.4
    endloop
  endfacet
  facet normal -0.5956993044924147 -0.8032075314806587 0
    outer loop
      vertex -24.806094232027455 -69.83380994585208 12.6
      vertex -24.806094232027455 -69.83380994585208 11.4
      vertex -24.715447723211806 -69.90103797863286 12.6
    endloop
  endfacet
  facet normal -0.671558954847 -0.7409511253549758 1.5083870321475953e-18
    outer loop
      vertex -24.631827201635467 -69.97682720163547 12.6
      vertex -24.715447723211806 -69.90103797863286 12.6
      vertex -24.715447723211806 -69.90103797863286 11.4
    endloop
  endfacet
  facet normal -0.5141027441932251 -0.8577286100002699 0
    outer loop
      vertex -24.9028937526501 -69.7757905459994 12.6
      vertex -24.9028937526501 -69.7757905459994 11.4
      vertex -24.806094232027455 -69.83380994585208 12.6
    endloop
  endfacet
  facet normal -0.9987954562051735 0.04906767432739518 -2.8567036047342304e-19
    outer loop
      vertex -24.30053756432697 -70.902719711379 12.6
      vertex -24.294999999999998 -70.79 12.6
      vertex -24.294999999999998 -70.79 11.4
    endloop
  endfacet
  facet normal -0.9987954562051735 -0.04906767432739518 2.8567036047342304e-19
    outer loop
      vertex -24.294999999999998 -70.79 12.6
      vertex -24.30053756432697 -70.677280288621 12.6
      vertex -24.30053756432697 -70.677280288621 11.4
    endloop
  endfacet
  facet normal -0.9700312531945401 -0.24298017990327928 1.0531668565390747e-18
    outer loop
      vertex -24.317096927536284 -70.56564612968145 12.6
      vertex -24.344518613907958 -70.45617262115738 12.6
      vertex -24.344518613907958 -70.45617262115738 11.4
    endloop
  endfacet
  facet normal -0.9891765099647772 -0.14673047445538712 0
    outer loop
      vertex -24.317096927536284 -70.56564612968145 12.6
      vertex -24.317096927536284 -70.56564612968145 11.4
      vertex -24.30053756432697 -70.677280288621 12.6
    endloop
  endfacet
  facet normal -0.8577286100003005 -0.5141027441931743 -5.990231575768115e-19
    outer loop
      vertex -24.43079054599939 -70.24789375265011 12.6
      vertex -24.48880994585207 -70.15109423202746 12.6
      vertex -24.48880994585207 -70.15109423202746 11.4
    endloop
  endfacet
  facet normal -0.8032075314806548 -0.5956993044924199 0
    outer loop
      vertex -24.556037978632848 -70.06044772321181 12.6
      vertex -24.556037978632848 -70.06044772321181 11.4
      vertex -24.48880994585207 -70.15109423202746 12.6
    endloop
  endfacet
  facet normal -0.9415440651830308 -0.3368898533921917 -2.164364973149706e-18
    outer loop
      vertex -24.344518613907958 -70.45617262115738 12.6
      vertex -24.382538537612017 -70.34991405278015 12.6
      vertex -24.382538537612017 -70.34991405278015 11.4
    endloop
  endfacet
  facet normal -0.9039892931234274 -0.42755509343031595 3.1044857145071233e-18
    outer loop
      vertex -24.382538537612017 -70.34991405278015 12.6
      vertex -24.43079054599939 -70.24789375265011 12.6
      vertex -24.43079054599939 -70.24789375265011 11.4
    endloop
  endfacet
  facet normal -0.740951125354946 -0.671558954847033 1.0152353125793308e-18
    outer loop
      vertex -24.556037978632848 -70.06044772321181 12.6
      vertex -24.631827201635467 -69.97682720163547 12.6
      vertex -24.631827201635467 -69.97682720163547 11.4
    endloop
  endfacet
  facet normal 0 0 1
    outer loop
      vertex -27.454574705037636 -71.39959782223438 12.6
      vertex -27.454574705037636 -70.18040217776563 12.6
      vertex -27.50464908884678 -71.19968967623387 12.6
    endloop
  endfacet
  facet normal 0 0 1
    outer loop
      vertex -27.297034655131544 -71.7799331473346 12.6
      vertex -27.297034655131544 -69.80006685266541 12.6
      vertex -27.3851470182737 -71.5936352079667 12.6
    endloop
  endfacet
  facet normal 0 0 1
    outer loop
      vertex -27.3851470182737 -71.5936352079667 12.6
      vertex -27.3851470182737 -69.98636479203331 12.6
      vertex -27.454574705037636 -71.39959782223438 12.6
    endloop
  endfacet
  facet normal 0 0 1
    outer loop
      vertex -27.191086185835342 -71.95669748934117 12.6
      vertex -27.191086185835342 -69.62330251065885 12.6
      vertex -27.297034655131544 -71.7799331473346 12.6
    endloop
  endfacet
  facet normal 0 0 1
    outer loop
      vertex -27.068321952061744 -72.12222589674366 12.6
      vertex -27.068321952061744 -69.45777410325636 12.6
      vertex -27.191086185835342 -71.95669748934117 12.6
    endloop
  endfacet
  facet normal 0 0 1
    outer loop
      vertex -27.068321952061744 -72.12222589674366 12.6
      vertex -26.929924240491747 -72.27492424049176 12.6
      vertex -26.929924240491747 -69.30507575950826 12.6
    endloop
  endfacet
  facet normal 0 0 1
    outer loop
      vertex -26.61169748934116 -72.53608618583534 12.6
      vertex -26.459209454000604 -71.3321062473499 12.6
      vertex -26.507461462387976 -71.23008594721986 12.6
    endloop
  endfacet
  facet normal 0 0 1
    outer loop
      vertex -26.61169748934116 -72.53608618583534 12.6
      vertex -26.545481386092035 -71.12382737884263 12.6
      vertex -26.57290307246371 -71.01435387031856 12.6
    endloop
  endfacet
  facet normal 0 0 1
    outer loop
      vertex -26.61169748934116 -72.53608618583534 12.6
      vertex -26.507461462387976 -71.23008594721986 12.6
      vertex -26.545481386092035 -71.12382737884263 12.6
    endloop
  endfacet
  facet normal 0 0 1
    outer loop
      vertex -26.61169748934116 -72.53608618583534 12.6
      vertex -26.57290307246371 -71.01435387031856 12.6
      vertex -26.589462435673024 -70.902719711379 12.6
    endloop
  endfacet
  facet normal 0 0 1
    outer loop
      vertex -26.61169748934116 -72.53608618583534 12.6
      vertex -26.589462435673024 -70.902719711379 12.6
      vertex -26.594999999999995 -70.79 12.6
    endloop
  endfacet
  facet normal 0 0 1
    outer loop
      vertex -26.929924240491747 -72.27492424049176 12.6
      vertex -26.77722589674365 -72.41332195206175 12.6
      vertex -26.77722589674365 -69.16667804793826 12.6
    endloop
  endfacet
  facet normal 0 0 1
    outer loop
      vertex -26.77722589674365 -72.41332195206175 12.6
      vertex -26.61169748934116 -72.53608618583534 12.6
      vertex -26.61169748934116 -69.04391381416467 12.6
    endloop
  endfacet
  facet normal 0 0 1
    outer loop
      vertex -26.61169748934116 -72.53608618583534 12.6
      vertex -26.434933147334593 -72.64203465513155 12.6
      vertex -26.401190054147925 -71.42890576797255 12.6
    endloop
  endfacet
  facet normal 0 0 1
    outer loop
      vertex -26.434933147334593 -72.64203465513155 12.6
      vertex -26.248635207966686 -72.73014701827371 12.6
      vertex -26.174552276788187 -71.67896202136716 12.6
    endloop
  endfacet
  facet normal 0 0 1
    outer loop
      vertex -26.248635207966686 -72.73014701827371 12.6
      vertex -26.054597822234367 -72.79957470503764 12.6
      vertex -25.987106247349892 -71.80420945400061 12.6
    endloop
  endfacet
  facet normal 0 0 1
    outer loop
      vertex -26.434933147334593 -72.64203465513155 12.6
      vertex -26.333962021367146 -71.5195522767882 12.6
      vertex -26.401190054147925 -71.42890576797255 12.6
    endloop
  endfacet
  facet normal 0 0 1
    outer loop
      vertex -26.434933147334593 -72.64203465513155 12.6
      vertex -26.258172798364527 -71.60317279836454 12.6
      vertex -26.333962021367146 -71.5195522767882 12.6
    endloop
  endfacet
  facet normal 0 0 1
    outer loop
      vertex -26.434933147334593 -72.64203465513155 12.6
      vertex -26.174552276788187 -71.67896202136716 12.6
      vertex -26.258172798364527 -71.60317279836454 12.6
    endloop
  endfacet
  facet normal 0 0 1
    outer loop
      vertex -26.248635207966686 -72.73014701827371 12.6
      vertex -26.08390576797254 -71.74619005414793 12.6
      vertex -26.174552276788187 -71.67896202136716 12.6
    endloop
  endfacet
  facet normal 0 0 1
    outer loop
      vertex -26.248635207966686 -72.73014701827371 12.6
      vertex -25.987106247349892 -71.80420945400061 12.6
      vertex -26.08390576797254 -71.74619005414793 12.6
    endloop
  endfacet
  facet normal 0 0 1
    outer loop
      vertex -26.054597822234367 -72.79957470503764 12.6
      vertex -25.854689676233868 -72.84964908884679 12.6
      vertex -25.778827378842628 -71.89048138609205 12.6
    endloop
  endfacet
  facet normal 0 0 1
    outer loop
      vertex -25.854689676233868 -72.84964908884679 12.6
      vertex -25.650835994692073 -72.87988792601162 12.6
      vertex -25.55771971137899 -71.93446243567303 12.6
    endloop
  endfacet
  facet normal 0 0 1
    outer loop
      vertex -25.854689676233868 -72.84964908884679 12.6
      vertex -25.669353870318545 -71.91790307246372 12.6
      vertex -25.778827378842628 -71.89048138609205 12.6
    endloop
  endfacet
  facet normal 0 0 1
    outer loop
      vertex -25.854689676233868 -72.84964908884679 12.6
      vertex -25.55771971137899 -71.93446243567303 12.6
      vertex -25.669353870318545 -71.91790307246372 12.6
    endloop
  endfacet
  facet normal 0 0 1
    outer loop
      vertex -26.054597822234367 -72.79957470503764 12.6
      vertex -25.88508594721985 -71.85246146238799 12.6
      vertex -25.987106247349892 -71.80420945400061 12.6
    endloop
  endfacet
  facet normal 0 0 1
    outer loop
      vertex -26.054597822234367 -72.79957470503764 12.6
      vertex -25.778827378842628 -71.89048138609205 12.6
      vertex -25.88508594721985 -71.85246146238799 12.6
    endloop
  endfacet
  facet normal 0 0 1
    outer loop
      vertex -26.61169748934116 -72.53608618583534 12.6
      vertex -26.401190054147925 -71.42890576797255 12.6
      vertex -26.459209454000604 -71.3321062473499 12.6
    endloop
  endfacet
  facet normal 0.9415440651830179 0.3368898533922278 6.129714649796496e-18
    outer loop
      vertex -27.3851470182737 -71.5936352079667 12.6
      vertex -27.454574705037636 -71.39959782223438 12.6
      vertex -27.454574705037636 -71.39959782223438 13
    endloop
  endfacet
  facet normal 0.9700312531945491 0.24298017990324397 -9.131541924942619e-18
    outer loop
      vertex -27.454574705037636 -71.39959782223438 12.6
      vertex -27.50464908884678 -71.19968967623387 12.6
      vertex -27.50464908884678 -71.19968967623387 13
    endloop
  endfacet
  facet normal 0.9891765099647797 0.1467304744553702 4.003710206520924e-19
    outer loop
      vertex -27.50464908884678 -71.19968967623387 12.6
      vertex -27.53488792601161 -70.99583599469209 12.6
      vertex -27.53488792601161 -70.99583599469209 13
    endloop
  endfacet
  facet normal 0.9700312531945491 0.24298017990324397 0
    outer loop
      vertex -27.454574705037636 -71.39959782223438 12.6
      vertex -27.50464908884678 -71.19968967623387 13
      vertex -27.454574705037636 -71.39959782223438 13
    endloop
  endfacet
  facet normal 0.9891765099647797 0.1467304744553702 0
    outer loop
      vertex -27.50464908884678 -71.19968967623387 12.6
      vertex -27.53488792601161 -70.99583599469209 13
      vertex -27.50464908884678 -71.19968967623387 13
    endloop
  endfacet
  facet normal 0.9987954562051721 0.04906767432742536 0
    outer loop
      vertex -27.53488792601161 -70.99583599469209 12.6
      vertex -27.544999999999998 -70.79 13
      vertex -27.53488792601161 -70.99583599469209 13
    endloop
  endfacet
  facet normal 0.4275550934302885 0.9039892931234403 0
    outer loop
      vertex -26.434933147334593 -72.64203465513155 12.6
      vertex -26.434933147334593 -72.64203465513155 13
      vertex -26.248635207966686 -72.73014701827371 12.6
    endloop
  endfacet
  facet normal 0.33688985339219185 0.941544065183031 0
    outer loop
      vertex -26.248635207966686 -72.73014701827371 12.6
      vertex -26.248635207966686 -72.73014701827371 13
      vertex -26.054597822234367 -72.79957470503764 12.6
    endloop
  endfacet
  facet normal 0.2429801799032723 0.9700312531945418 0
    outer loop
      vertex -26.054597822234367 -72.79957470503764 12.6
      vertex -26.054597822234367 -72.79957470503764 13
      vertex -25.854689676233868 -72.84964908884679 12.6
    endloop
  endfacet
  facet normal 0.14673047445536522 0.9891765099647803 0
    outer loop
      vertex -25.854689676233868 -72.84964908884679 12.6
      vertex -25.854689676233868 -72.84964908884679 13
      vertex -25.650835994692073 -72.87988792601162 12.6
    endloop
  endfacet
  facet normal 0.4275550934302885 0.9039892931234403 0
    outer loop
      vertex -26.248635207966686 -72.73014701827371 12.6
      vertex -26.434933147334593 -72.64203465513155 13
      vertex -26.248635207966686 -72.73014701827371 13
    endloop
  endfacet
  facet normal 0.33688985339219185 0.941544065183031 0
    outer loop
      vertex -26.054597822234367 -72.79957470503764 12.6
      vertex -26.248635207966686 -72.73014701827371 13
      vertex -26.054597822234367 -72.79957470503764 13
    endloop
  endfacet
  facet normal 0.2429801799032723 0.9700312531945418 0
    outer loop
      vertex -25.854689676233868 -72.84964908884679 12.6
      vertex -26.054597822234367 -72.79957470503764 13
      vertex -25.854689676233868 -72.84964908884679 13
    endloop
  endfacet
  facet normal 0.14673047445536522 0.9891765099647803 0
    outer loop
      vertex -25.650835994692073 -72.87988792601162 12.6
      vertex -25.854689676233868 -72.84964908884679 13
      vertex -25.650835994692073 -72.87988792601162 13
    endloop
  endfacet
  facet normal 0.8577286100002625 0.5141027441932378 1.3095682239946721e-17
    outer loop
      vertex -27.191086185835342 -71.95669748934117 12.6
      vertex -27.297034655131544 -71.7799331473346 12.6
      vertex -27.297034655131544 -71.7799331473346 13
    endloop
  endfacet
  facet normal 0.803207531480643 0.5956993044924358 -1.1049566853559349e-17
    outer loop
      vertex -27.068321952061744 -72.12222589674366 12.6
      vertex -27.191086185835342 -71.95669748934117 12.6
      vertex -27.191086185835342 -71.95669748934117 13
    endloop
  endfacet
  facet normal 0.7409511253549721 0.6715589548470041 0
    outer loop
      vertex -27.068321952061744 -72.12222589674366 12.6
      vertex -27.068321952061744 -72.12222589674366 13
      vertex -26.929924240491747 -72.27492424049176 12.6
    endloop
  endfacet
  facet normal 0.6715589548470032 0.7409511253549729 0
    outer loop
      vertex -26.929924240491747 -72.27492424049176 12.6
      vertex -26.929924240491747 -72.27492424049176 13
      vertex -26.77722589674365 -72.41332195206175 12.6
    endloop
  endfacet
  facet normal 0.5956993044924247 0.8032075314806514 0
    outer loop
      vertex -26.77722589674365 -72.41332195206175 12.6
      vertex -26.77722589674365 -72.41332195206175 13
      vertex -26.61169748934116 -72.53608618583534 12.6
    endloop
  endfacet
  facet normal 0.5141027441932554 0.8577286100002518 0
    outer loop
      vertex -26.61169748934116 -72.53608618583534 12.6
      vertex -26.61169748934116 -72.53608618583534 13
      vertex -26.434933147334593 -72.64203465513155 12.6
    endloop
  endfacet
  facet normal 0.9039892931234438 0.42755509343028114 1.3689663407332116e-17
    outer loop
      vertex -27.297034655131544 -71.7799331473346 12.6
      vertex -27.3851470182737 -71.5936352079667 12.6
      vertex -27.3851470182737 -71.5936352079667 13
    endloop
  endfacet
  facet normal 0.7409511253549721 0.6715589548470041 0
    outer loop
      vertex -26.929924240491747 -72.27492424049176 12.6
      vertex -27.068321952061744 -72.12222589674366 13
      vertex -26.929924240491747 -72.27492424049176 13
    endloop
  endfacet
  facet normal 0.8577286100002625 0.5141027441932378 0
    outer loop
      vertex -27.191086185835342 -71.95669748934117 12.6
      vertex -27.297034655131544 -71.7799331473346 13
      vertex -27.191086185835342 -71.95669748934117 13
    endloop
  endfacet
  facet normal 0.803207531480643 0.5956993044924358 0
    outer loop
      vertex -27.068321952061744 -72.12222589674366 12.6
      vertex -27.191086185835342 -71.95669748934117 13
      vertex -27.068321952061744 -72.12222589674366 13
    endloop
  endfacet
  facet normal 0.6715589548470032 0.7409511253549729 0
    outer loop
      vertex -26.77722589674365 -72.41332195206175 12.6
      vertex -26.929924240491747 -72.27492424049176 13
      vertex -26.77722589674365 -72.41332195206175 13
    endloop
  endfacet
  facet normal 0.5956993044924247 0.8032075314806514 0
    outer loop
      vertex -26.61169748934116 -72.53608618583534 12.6
      vertex -26.77722589674365 -72.41332195206175 13
      vertex -26.61169748934116 -72.53608618583534 13
    endloop
  endfacet
  facet normal 0.9039892931234438 0.42755509343028114 0
    outer loop
      vertex -27.297034655131544 -71.7799331473346 12.6
      vertex -27.3851470182737 -71.5936352079667 13
      vertex -27.297034655131544 -71.7799331473346 13
    endloop
  endfacet
  facet normal 0.9415440651830179 0.3368898533922278 0
    outer loop
      vertex -27.3851470182737 -71.5936352079667 12.6
      vertex -27.454574705037636 -71.39959782223438 13
      vertex -27.3851470182737 -71.5936352079667 13
    endloop
  endfacet
  facet normal 0.5141027441932554 0.8577286100002518 0
    outer loop
      vertex -26.434933147334593 -72.64203465513155 12.6
      vertex -26.61169748934116 -72.53608618583534 13
      vertex -26.434933147334593 -72.64203465513155 13
    endloop
  endfacet
  facet normal 0 0 1
    outer loop
      vertex -25.650835994692073 -72.87988792601162 12.6
      vertex -25.444999999999997 -72.89 12.6
      vertex -25.444999999999997 -71.94000000000001 12.6
    endloop
  endfacet
  facet normal 0 0 1
    outer loop
      vertex -25.650835994692073 -72.87988792601162 12.6
      vertex -25.444999999999997 -71.94000000000001 12.6
      vertex -25.55771971137899 -71.93446243567303 12.6
    endloop
  endfacet
  facet normal 0 0 1
    outer loop
      vertex -25.444999999999997 -72.89 12.6
      vertex -25.332280288621003 -71.93446243567303 12.6
      vertex -25.444999999999997 -71.94000000000001 12.6
    endloop
  endfacet
  facet normal 0 0 1
    outer loop
      vertex -25.444999999999997 -72.89 12.6
      vertex -25.23916400530792 -72.87988792601162 12.6
      vertex -25.332280288621003 -71.93446243567303 12.6
    endloop
  endfacet
  facet normal 0 0 1
    outer loop
      vertex -25.23916400530792 -72.87988792601162 12.6
      vertex -25.220646129681448 -71.91790307246372 12.6
      vertex -25.332280288621003 -71.93446243567303 12.6
    endloop
  endfacet
  facet normal 0 0 1
    outer loop
      vertex -25.23916400530792 -72.87988792601162 12.6
      vertex -25.111172621157365 -71.89048138609205 12.6
      vertex -25.220646129681448 -71.91790307246372 12.6
    endloop
  endfacet
  facet normal 0 0 1
    outer loop
      vertex -25.23916400530792 -72.87988792601162 12.6
      vertex -25.035310323766126 -72.84964908884679 12.6
      vertex -25.111172621157365 -71.89048138609205 12.6
    endloop
  endfacet
  facet normal 0 0 1
    outer loop
      vertex -25.035310323766126 -72.84964908884679 12.6
      vertex -24.835402177765626 -72.79957470503764 12.6
      vertex -24.9028937526501 -71.80420945400061 12.6
    endloop
  endfacet
  facet normal 0 0 1
    outer loop
      vertex -24.835402177765626 -72.79957470503764 12.6
      vertex -24.641364792033308 -72.73014701827371 12.6
      vertex -24.715447723211806 -71.67896202136716 12.6
    endloop
  endfacet
  facet normal 0 0 1
    outer loop
      vertex -25.035310323766126 -72.84964908884679 12.6
      vertex -25.004914052780144 -71.85246146238799 12.6
      vertex -25.111172621157365 -71.89048138609205 12.6
    endloop
  endfacet
  facet normal 0 0 1
    outer loop
      vertex -25.035310323766126 -72.84964908884679 12.6
      vertex -24.9028937526501 -71.80420945400061 12.6
      vertex -25.004914052780144 -71.85246146238799 12.6
    endloop
  endfacet
  facet normal 0 0 1
    outer loop
      vertex -24.835402177765626 -72.79957470503764 12.6
      vertex -24.806094232027455 -71.74619005414793 12.6
      vertex -24.9028937526501 -71.80420945400061 12.6
    endloop
  endfacet
  facet normal 0 0 1
    outer loop
      vertex -24.835402177765626 -72.79957470503764 12.6
      vertex -24.715447723211806 -71.67896202136716 12.6
      vertex -24.806094232027455 -71.74619005414793 12.6
    endloop
  endfacet
  facet normal 0 0 1
    outer loop
      vertex -24.641364792033308 -72.73014701827371 12.6
      vertex -24.4550668526654 -72.64203465513155 12.6
      vertex -24.556037978632848 -71.5195522767882 12.6
    endloop
  endfacet
  facet normal 0 0 1
    outer loop
      vertex -24.641364792033308 -72.73014701827371 12.6
      vertex -24.631827201635467 -71.60317279836454 12.6
      vertex -24.715447723211806 -71.67896202136716 12.6
    endloop
  endfacet
  facet normal 0 0 1
    outer loop
      vertex -24.641364792033308 -72.73014701827371 12.6
      vertex -24.556037978632848 -71.5195522767882 12.6
      vertex -24.631827201635467 -71.60317279836454 12.6
    endloop
  endfacet
  facet normal 0 0 1
    outer loop
      vertex -24.4550668526654 -72.64203465513155 12.6
      vertex -24.48880994585207 -71.42890576797255 12.6
      vertex -24.556037978632848 -71.5195522767882 12.6
    endloop
  endfacet
  facet normal 0 0 1
    outer loop
      vertex -24.4550668526654 -72.64203465513155 12.6
      vertex -24.43079054599939 -71.3321062473499 12.6
      vertex -24.48880994585207 -71.42890576797255 12.6
    endloop
  endfacet
  facet normal 0 0 1
    outer loop
      vertex -24.4550668526654 -72.64203465513155 12.6
      vertex -24.278302510658833 -72.53608618583534 12.6
      vertex -24.382538537612017 -71.23008594721986 12.6
    endloop
  endfacet
  facet normal 0 0 1
    outer loop
      vertex -24.4550668526654 -72.64203465513155 12.6
      vertex -24.382538537612017 -71.23008594721986 12.6
      vertex -24.43079054599939 -71.3321062473499 12.6
    endloop
  endfacet
  facet normal 0 0 1
    outer loop
      vertex -24.278302510658833 -72.53608618583534 12.6
      vertex -24.344518613907958 -71.12382737884263 12.6
      vertex -24.382538537612017 -71.23008594721986 12.6
    endloop
  endfacet
  facet normal 0 0 1
    outer loop
      vertex -24.278302510658833 -72.53608618583534 12.6
      vertex -24.317096927536284 -71.01435387031856 12.6
      vertex -24.344518613907958 -71.12382737884263 12.6
    endloop
  endfacet
  facet normal 0 0 1
    outer loop
      vertex -24.278302510658833 -72.53608618583534 12.6
      vertex -24.30053756432697 -70.902719711379 12.6
      vertex -24.317096927536284 -71.01435387031856 12.6
    endloop
  endfacet
  facet normal 0 0 1
    outer loop
      vertex -24.278302510658833 -72.53608618583534 12.6
      vertex -24.294999999999998 -70.79 12.6
      vertex -24.30053756432697 -70.902719711379 12.6
    endloop
  endfacet
  facet normal 0 0 1
    outer loop
      vertex -24.278302510658833 -72.53608618583534 12.6
      vertex -24.112774103256342 -72.41332195206175 12.6
      vertex -24.112774103256342 -69.16667804793826 12.6
    endloop
  endfacet
  facet normal 0 0 1
    outer loop
      vertex -24.112774103256342 -72.41332195206175 12.6
      vertex -23.960075759508246 -72.27492424049176 12.6
      vertex -23.960075759508246 -69.30507575950826 12.6
    endloop
  endfacet
  facet normal 0 0 1
    outer loop
      vertex -23.960075759508246 -72.27492424049176 12.6
      vertex -23.82167804793825 -72.12222589674366 12.6
      vertex -23.82167804793825 -69.45777410325636 12.6
    endloop
  endfacet
  facet normal 0 0 1
    outer loop
      vertex -23.82167804793825 -72.12222589674366 12.6
      vertex -23.69891381416465 -71.95669748934117 12.6
      vertex -23.69891381416465 -69.62330251065885 12.6
    endloop
  endfacet
  facet normal 0 0 1
    outer loop
      vertex -23.69891381416465 -71.95669748934117 12.6
      vertex -23.59296534486845 -71.7799331473346 12.6
      vertex -23.59296534486845 -69.80006685266541 12.6
    endloop
  endfacet
  facet normal 0 0 1
    outer loop
      vertex -23.59296534486845 -71.7799331473346 12.6
      vertex -23.504852981726295 -71.5936352079667 12.6
      vertex -23.504852981726295 -69.98636479203331 12.6
    endloop
  endfacet
  facet normal 0 0 1
    outer loop
      vertex -23.504852981726295 -71.5936352079667 12.6
      vertex -23.435425294962357 -71.39959782223438 12.6
      vertex -23.435425294962357 -70.18040217776563 12.6
    endloop
  endfacet
  facet normal 0 0 1
    outer loop
      vertex -23.435425294962357 -71.39959782223438 12.6
      vertex -23.385350911153214 -71.19968967623387 12.6
      vertex -23.385350911153214 -70.38031032376614 12.6
    endloop
  endfacet
  facet normal 0 0 1
    outer loop
      vertex -23.385350911153214 -71.19968967623387 12.6
      vertex -23.355112073988384 -70.99583599469209 12.6
      vertex -23.355112073988384 -70.58416400530793 12.6
    endloop
  endfacet
  facet normal 0.04906767432739182 0.9987954562051737 0
    outer loop
      vertex -25.650835994692073 -72.87988792601162 12.6
      vertex -25.650835994692073 -72.87988792601162 13
      vertex -25.444999999999997 -72.89 12.6
    endloop
  endfacet
  facet normal -0.04906767432739182 0.9987954562051737 0
    outer loop
      vertex -25.444999999999997 -72.89 12.6
      vertex -25.444999999999997 -72.89 13
      vertex -25.23916400530792 -72.87988792601162 12.6
    endloop
  endfacet
  facet normal -0.14673047445536522 0.9891765099647803 0
    outer loop
      vertex -25.23916400530792 -72.87988792601162 12.6
      vertex -25.23916400530792 -72.87988792601162 13
      vertex -25.035310323766126 -72.84964908884679 12.6
    endloop
  endfacet
  facet normal -0.2429801799032723 0.9700312531945418 0
    outer loop
      vertex -25.035310323766126 -72.84964908884679 12.6
      vertex -25.035310323766126 -72.84964908884679 13
      vertex -24.835402177765626 -72.79957470503764 12.6
    endloop
  endfacet
  facet normal -0.33688985339219185 0.941544065183031 0
    outer loop
      vertex -24.835402177765626 -72.79957470503764 12.6
      vertex -24.835402177765626 -72.79957470503764 13
      vertex -24.641364792033308 -72.73014701827371 12.6
    endloop
  endfacet
  facet normal -0.4275550934302885 0.9039892931234403 0
    outer loop
      vertex -24.641364792033308 -72.73014701827371 12.6
      vertex -24.641364792033308 -72.73014701827371 13
      vertex -24.4550668526654 -72.64203465513155 12.6
    endloop
  endfacet
  facet normal 0.04906767432739182 0.9987954562051737 0
    outer loop
      vertex -25.444999999999997 -72.89 12.6
      vertex -25.650835994692073 -72.87988792601162 13
      vertex -25.444999999999997 -72.89 13
    endloop
  endfacet
  facet normal -0.04906767432739182 0.9987954562051737 0
    outer loop
      vertex -25.23916400530792 -72.87988792601162 12.6
      vertex -25.444999999999997 -72.89 13
      vertex -25.23916400530792 -72.87988792601162 13
    endloop
  endfacet
  facet normal -0.14673047445536522 0.9891765099647803 0
    outer loop
      vertex -25.035310323766126 -72.84964908884679 12.6
      vertex -25.23916400530792 -72.87988792601162 13
      vertex -25.035310323766126 -72.84964908884679 13
    endloop
  endfacet
  facet normal -0.2429801799032723 0.9700312531945418 0
    outer loop
      vertex -24.835402177765626 -72.79957470503764 12.6
      vertex -25.035310323766126 -72.84964908884679 13
      vertex -24.835402177765626 -72.79957470503764 13
    endloop
  endfacet
  facet normal -0.33688985339219185 0.941544065183031 0
    outer loop
      vertex -24.641364792033308 -72.73014701827371 12.6
      vertex -24.835402177765626 -72.79957470503764 13
      vertex -24.641364792033308 -72.73014701827371 13
    endloop
  endfacet
  facet normal -0.4275550934302885 0.9039892931234403 0
    outer loop
      vertex -24.4550668526654 -72.64203465513155 12.6
      vertex -24.641364792033308 -72.73014701827371 13
      vertex -24.4550668526654 -72.64203465513155 13
    endloop
  endfacet
  facet normal -0.5141027441932554 0.8577286100002518 0
    outer loop
      vertex -24.4550668526654 -72.64203465513155 12.6
      vertex -24.4550668526654 -72.64203465513155 13
      vertex -24.278302510658833 -72.53608618583534 12.6
    endloop
  endfacet
  facet normal -0.5956993044924247 0.8032075314806514 0
    outer loop
      vertex -24.278302510658833 -72.53608618583534 12.6
      vertex -24.278302510658833 -72.53608618583534 13
      vertex -24.112774103256342 -72.41332195206175 12.6
    endloop
  endfacet
  facet normal -0.6715589548470032 0.7409511253549729 0
    outer loop
      vertex -24.112774103256342 -72.41332195206175 12.6
      vertex -24.112774103256342 -72.41332195206175 13
      vertex -23.960075759508246 -72.27492424049176 12.6
    endloop
  endfacet
  facet normal -0.7409511253549721 0.6715589548470041 0
    outer loop
      vertex -23.960075759508246 -72.27492424049176 12.6
      vertex -23.960075759508246 -72.27492424049176 13
      vertex -23.82167804793825 -72.12222589674366 12.6
    endloop
  endfacet
  facet normal -0.803207531480643 0.5956993044924358 0
    outer loop
      vertex -23.82167804793825 -72.12222589674366 12.6
      vertex -23.82167804793825 -72.12222589674366 13
      vertex -23.69891381416465 -71.95669748934117 12.6
    endloop
  endfacet
  facet normal -0.5141027441932554 0.8577286100002518 0
    outer loop
      vertex -24.278302510658833 -72.53608618583534 12.6
      vertex -24.4550668526654 -72.64203465513155 13
      vertex -24.278302510658833 -72.53608618583534 13
    endloop
  endfacet
  facet normal -0.5956993044924247 0.8032075314806514 0
    outer loop
      vertex -24.112774103256342 -72.41332195206175 12.6
      vertex -24.278302510658833 -72.53608618583534 13
      vertex -24.112774103256342 -72.41332195206175 13
    endloop
  endfacet
  facet normal -0.6715589548470032 0.7409511253549729 0
    outer loop
      vertex -23.960075759508246 -72.27492424049176 12.6
      vertex -24.112774103256342 -72.41332195206175 13
      vertex -23.960075759508246 -72.27492424049176 13
    endloop
  endfacet
  facet normal -0.7409511253549721 0.6715589548470041 0
    outer loop
      vertex -23.82167804793825 -72.12222589674366 12.6
      vertex -23.960075759508246 -72.27492424049176 13
      vertex -23.82167804793825 -72.12222589674366 13
    endloop
  endfacet
  facet normal -0.8577286100002625 0.5141027441932378 0
    outer loop
      vertex -23.69891381416465 -71.95669748934117 12.6
      vertex -23.69891381416465 -71.95669748934117 13
      vertex -23.59296534486845 -71.7799331473346 12.6
    endloop
  endfacet
  facet normal -0.9039892931234438 0.42755509343028114 0
    outer loop
      vertex -23.59296534486845 -71.7799331473346 12.6
      vertex -23.59296534486845 -71.7799331473346 13
      vertex -23.504852981726295 -71.5936352079667 12.6
    endloop
  endfacet
  facet normal -0.9415440651830179 0.3368898533922278 0
    outer loop
      vertex -23.504852981726295 -71.5936352079667 12.6
      vertex -23.504852981726295 -71.5936352079667 13
      vertex -23.435425294962357 -71.39959782223438 12.6
    endloop
  endfacet
  facet normal -0.9700312531945491 0.24298017990324397 0
    outer loop
      vertex -23.435425294962357 -71.39959782223438 12.6
      vertex -23.435425294962357 -71.39959782223438 13
      vertex -23.385350911153214 -71.19968967623387 12.6
    endloop
  endfacet
  facet normal -0.9891765099647797 0.1467304744553702 0
    outer loop
      vertex -23.385350911153214 -71.19968967623387 12.6
      vertex -23.385350911153214 -71.19968967623387 13
      vertex -23.355112073988384 -70.99583599469209 12.6
    endloop
  endfacet
  facet normal -0.9987954562051721 0.04906767432742536 0
    outer loop
      vertex -23.355112073988384 -70.99583599469209 12.6
      vertex -23.355112073988384 -70.99583599469209 13
      vertex -23.344999999999995 -70.79 12.6
    endloop
  endfacet
  facet normal -0.803207531480643 0.5956993044924358 0
    outer loop
      vertex -23.69891381416465 -71.95669748934117 12.6
      vertex -23.82167804793825 -72.12222589674366 13
      vertex -23.69891381416465 -71.95669748934117 13
    endloop
  endfacet
  facet normal -0.8577286100002625 0.5141027441932378 0
    outer loop
      vertex -23.59296534486845 -71.7799331473346 12.6
      vertex -23.69891381416465 -71.95669748934117 13
      vertex -23.59296534486845 -71.7799331473346 13
    endloop
  endfacet
  facet normal -0.9039892931234438 0.42755509343028114 0
    outer loop
      vertex -23.504852981726295 -71.5936352079667 12.6
      vertex -23.59296534486845 -71.7799331473346 13
      vertex -23.504852981726295 -71.5936352079667 13
    endloop
  endfacet
  facet normal -0.9415440651830179 0.3368898533922278 0
    outer loop
      vertex -23.435425294962357 -71.39959782223438 12.6
      vertex -23.504852981726295 -71.5936352079667 13
      vertex -23.435425294962357 -71.39959782223438 13
    endloop
  endfacet
  facet normal -0.9700312531945491 0.24298017990324397 0
    outer loop
      vertex -23.385350911153214 -71.19968967623387 12.6
      vertex -23.435425294962357 -71.39959782223438 13
      vertex -23.385350911153214 -71.19968967623387 13
    endloop
  endfacet
  facet normal -0.9891765099647797 0.1467304744553702 0
    outer loop
      vertex -23.355112073988384 -70.99583599469209 12.6
      vertex -23.385350911153214 -71.19968967623387 13
      vertex -23.355112073988384 -70.99583599469209 13
    endloop
  endfacet
  facet normal 0 0 1
    outer loop
      vertex -27.53488792601161 -70.99583599469209 12.6
      vertex -27.53488792601161 -70.58416400530793 12.6
      vertex -27.544999999999998 -70.79 12.6
    endloop
  endfacet
  facet normal 0 0 1
    outer loop
      vertex -27.50464908884678 -71.19968967623387 12.6
      vertex -27.50464908884678 -70.38031032376614 12.6
      vertex -27.53488792601161 -70.99583599469209 12.6
    endloop
  endfacet
  facet normal 0 0 1
    outer loop
      vertex -27.53488792601161 -70.99583599469209 12.6
      vertex -27.50464908884678 -70.38031032376614 12.6
      vertex -27.53488792601161 -70.58416400530793 12.6
    endloop
  endfacet
  facet normal 0 0 1
    outer loop
      vertex -27.50464908884678 -71.19968967623387 12.6
      vertex -27.454574705037636 -70.18040217776563 12.6
      vertex -27.50464908884678 -70.38031032376614 12.6
    endloop
  endfacet
  facet normal 0 0 1
    outer loop
      vertex -27.454574705037636 -71.39959782223438 12.6
      vertex -27.3851470182737 -69.98636479203331 12.6
      vertex -27.454574705037636 -70.18040217776563 12.6
    endloop
  endfacet
  facet normal 0 0 1
    outer loop
      vertex -27.3851470182737 -71.5936352079667 12.6
      vertex -27.297034655131544 -69.80006685266541 12.6
      vertex -27.3851470182737 -69.98636479203331 12.6
    endloop
  endfacet
  facet normal 0 0 1
    outer loop
      vertex -27.297034655131544 -71.7799331473346 12.6
      vertex -27.191086185835342 -69.62330251065885 12.6
      vertex -27.297034655131544 -69.80006685266541 12.6
    endloop
  endfacet
  facet normal 0 0 1
    outer loop
      vertex -27.191086185835342 -71.95669748934117 12.6
      vertex -27.068321952061744 -69.45777410325636 12.6
      vertex -27.191086185835342 -69.62330251065885 12.6
    endloop
  endfacet
  facet normal 0 0 1
    outer loop
      vertex -27.068321952061744 -72.12222589674366 12.6
      vertex -26.929924240491747 -69.30507575950826 12.6
      vertex -27.068321952061744 -69.45777410325636 12.6
    endloop
  endfacet
  facet normal 0 0 1
    outer loop
      vertex -26.61169748934116 -72.53608618583534 12.6
      vertex -26.594999999999995 -70.79 12.6
      vertex -26.61169748934116 -69.04391381416467 12.6
    endloop
  endfacet
  facet normal 0 0 1
    outer loop
      vertex -26.929924240491747 -72.27492424049176 12.6
      vertex -26.77722589674365 -69.16667804793826 12.6
      vertex -26.929924240491747 -69.30507575950826 12.6
    endloop
  endfacet
  facet normal 0 0 1
    outer loop
      vertex -26.77722589674365 -72.41332195206175 12.6
      vertex -26.61169748934116 -69.04391381416467 12.6
      vertex -26.77722589674365 -69.16667804793826 12.6
    endloop
  endfacet
  facet normal 0 0 1
    outer loop
      vertex -26.594999999999995 -70.79 12.6
      vertex -26.589462435673024 -70.677280288621 12.6
      vertex -26.61169748934116 -69.04391381416467 12.6
    endloop
  endfacet
  facet normal 0 0 1
    outer loop
      vertex -26.589462435673024 -70.677280288621 12.6
      vertex -26.57290307246371 -70.56564612968145 12.6
      vertex -26.61169748934116 -69.04391381416467 12.6
    endloop
  endfacet
  facet normal 0 0 1
    outer loop
      vertex -26.57290307246371 -70.56564612968145 12.6
      vertex -26.545481386092035 -70.45617262115738 12.6
      vertex -26.61169748934116 -69.04391381416467 12.6
    endloop
  endfacet
  facet normal 0 0 1
    outer loop
      vertex -26.545481386092035 -70.45617262115738 12.6
      vertex -26.507461462387976 -70.34991405278015 12.6
      vertex -26.61169748934116 -69.04391381416467 12.6
    endloop
  endfacet
  facet normal 0 0 1
    outer loop
      vertex -26.507461462387976 -70.34991405278015 12.6
      vertex -26.434933147334593 -68.93796534486846 12.6
      vertex -26.61169748934116 -69.04391381416467 12.6
    endloop
  endfacet
  facet normal 0 0 1
    outer loop
      vertex -26.507461462387976 -70.34991405278015 12.6
      vertex -26.459209454000604 -70.24789375265011 12.6
      vertex -26.434933147334593 -68.93796534486846 12.6
    endloop
  endfacet
  facet normal 0 0 1
    outer loop
      vertex -26.459209454000604 -70.24789375265011 12.6
      vertex -26.401190054147925 -70.15109423202746 12.6
      vertex -26.434933147334593 -68.93796534486846 12.6
    endloop
  endfacet
  facet normal 0 0 1
    outer loop
      vertex -26.401190054147925 -70.15109423202746 12.6
      vertex -26.333962021367146 -70.06044772321181 12.6
      vertex -26.434933147334593 -68.93796534486846 12.6
    endloop
  endfacet
  facet normal 0 0 1
    outer loop
      vertex -26.333962021367146 -70.06044772321181 12.6
      vertex -26.258172798364527 -69.97682720163547 12.6
      vertex -26.248635207966686 -68.8498529817263 12.6
    endloop
  endfacet
  facet normal 0 0 1
    outer loop
      vertex -26.333962021367146 -70.06044772321181 12.6
      vertex -26.248635207966686 -68.8498529817263 12.6
      vertex -26.434933147334593 -68.93796534486846 12.6
    endloop
  endfacet
  facet normal 0 0 1
    outer loop
      vertex -26.258172798364527 -69.97682720163547 12.6
      vertex -26.174552276788187 -69.90103797863286 12.6
      vertex -26.248635207966686 -68.8498529817263 12.6
    endloop
  endfacet
  facet normal 0 0 1
    outer loop
      vertex -26.174552276788187 -69.90103797863286 12.6
      vertex -26.08390576797254 -69.83380994585208 12.6
      vertex -26.054597822234367 -68.78042529496237 12.6
    endloop
  endfacet
  facet normal 0 0 1
    outer loop
      vertex -26.08390576797254 -69.83380994585208 12.6
      vertex -25.987106247349892 -69.7757905459994 12.6
      vertex -26.054597822234367 -68.78042529496237 12.6
    endloop
  endfacet
  facet normal 0 0 1
    outer loop
      vertex -25.987106247349892 -69.7757905459994 12.6
      vertex -25.88508594721985 -69.72753853761202 12.6
      vertex -25.854689676233868 -68.73035091115322 12.6
    endloop
  endfacet
  facet normal 0 0 1
    outer loop
      vertex -25.88508594721985 -69.72753853761202 12.6
      vertex -25.778827378842628 -69.68951861390796 12.6
      vertex -25.854689676233868 -68.73035091115322 12.6
    endloop
  endfacet
  facet normal 0 0 1
    outer loop
      vertex -25.778827378842628 -69.68951861390796 12.6
      vertex -25.669353870318545 -69.6620969275363 12.6
      vertex -25.650835994692073 -68.7001120739884 12.6
    endloop
  endfacet
  facet normal 0 0 1
    outer loop
      vertex -25.669353870318545 -69.6620969275363 12.6
      vertex -25.55771971137899 -69.64553756432699 12.6
      vertex -25.650835994692073 -68.7001120739884 12.6
    endloop
  endfacet
  facet normal 0 0 1
    outer loop
      vertex -26.174552276788187 -69.90103797863286 12.6
      vertex -26.054597822234367 -68.78042529496237 12.6
      vertex -26.248635207966686 -68.8498529817263 12.6
    endloop
  endfacet
  facet normal 0 0 1
    outer loop
      vertex -25.987106247349892 -69.7757905459994 12.6
      vertex -25.854689676233868 -68.73035091115322 12.6
      vertex -26.054597822234367 -68.78042529496237 12.6
    endloop
  endfacet
  facet normal 0 0 1
    outer loop
      vertex -25.854689676233868 -68.73035091115322 12.6
      vertex -25.778827378842628 -69.68951861390796 12.6
      vertex -25.650835994692073 -68.7001120739884 12.6
    endloop
  endfacet
  facet normal 0.9987954562051721 0.04906767432742536 -2.591364726483675e-18
    outer loop
      vertex -27.53488792601161 -70.99583599469209 12.6
      vertex -27.544999999999998 -70.79 12.6
      vertex -27.544999999999998 -70.79 13
    endloop
  endfacet
  facet normal 0.9987954562051721 -0.04906767432742536 2.591364726483675e-18
    outer loop
      vertex -27.544999999999998 -70.79 12.6
      vertex -27.53488792601161 -70.58416400530793 12.6
      vertex -27.53488792601161 -70.58416400530793 13
    endloop
  endfacet
  facet normal 0.9891765099647797 -0.1467304744553702 -4.003710206520924e-19
    outer loop
      vertex -27.53488792601161 -70.58416400530793 12.6
      vertex -27.50464908884678 -70.38031032376614 12.6
      vertex -27.50464908884678 -70.38031032376614 13
    endloop
  endfacet
  facet normal 0.9700312531945491 -0.24298017990324397 9.131541924942619e-18
    outer loop
      vertex -27.50464908884678 -70.38031032376614 12.6
      vertex -27.454574705037636 -70.18040217776563 12.6
      vertex -27.454574705037636 -70.18040217776563 13
    endloop
  endfacet
  facet normal 0.9987954562051721 -0.04906767432742536 0
    outer loop
      vertex -27.544999999999998 -70.79 12.6
      vertex -27.53488792601161 -70.58416400530793 13
      vertex -27.544999999999998 -70.79 13
    endloop
  endfacet
  facet normal 0.9891765099647797 -0.1467304744553702 0
    outer loop
      vertex -27.53488792601161 -70.58416400530793 12.6
      vertex -27.50464908884678 -70.38031032376614 13
      vertex -27.53488792601161 -70.58416400530793 13
    endloop
  endfacet
  facet normal 0.9700312531945491 -0.24298017990324397 0
    outer loop
      vertex -27.50464908884678 -70.38031032376614 12.6
      vertex -27.454574705037636 -70.18040217776563 13
      vertex -27.50464908884678 -70.38031032376614 13
    endloop
  endfacet
  facet normal 0.9415440651830179 -0.3368898533922278 0
    outer loop
      vertex -27.454574705037636 -70.18040217776563 12.6
      vertex -27.3851470182737 -69.98636479203331 13
      vertex -27.454574705037636 -70.18040217776563 13
    endloop
  endfacet
  facet normal 0.9415440651830179 -0.3368898533922278 -6.129714649796496e-18
    outer loop
      vertex -27.454574705037636 -70.18040217776563 12.6
      vertex -27.3851470182737 -69.98636479203331 12.6
      vertex -27.3851470182737 -69.98636479203331 13
    endloop
  endfacet
  facet normal 0.9039892931234438 -0.42755509343028114 -1.3689663407332116e-17
    outer loop
      vertex -27.3851470182737 -69.98636479203331 12.6
      vertex -27.297034655131544 -69.80006685266541 12.6
      vertex -27.297034655131544 -69.80006685266541 13
    endloop
  endfacet
  facet normal 0.8577286100002625 -0.5141027441932378 -1.3095682239946721e-17
    outer loop
      vertex -27.297034655131544 -69.80006685266541 12.6
      vertex -27.191086185835342 -69.62330251065885 12.6
      vertex -27.191086185835342 -69.62330251065885 13
    endloop
  endfacet
  facet normal 0.803207531480643 -0.5956993044924358 1.1049566853559349e-17
    outer loop
      vertex -27.191086185835342 -69.62330251065885 12.6
      vertex -27.068321952061744 -69.45777410325636 12.6
      vertex -27.068321952061744 -69.45777410325636 13
    endloop
  endfacet
  facet normal 0.7409511253549721 -0.6715589548470041 -4.913387027933958e-18
    outer loop
      vertex -27.068321952061744 -69.45777410325636 12.6
      vertex -26.929924240491747 -69.30507575950826 12.6
      vertex -26.929924240491747 -69.30507575950826 13
    endloop
  endfacet
  facet normal 0.6715589548470032 -0.7409511253549729 -8.379759591504187e-18
    outer loop
      vertex -26.929924240491747 -69.30507575950826 12.6
      vertex -26.77722589674365 -69.16667804793826 12.6
      vertex -26.77722589674365 -69.16667804793826 13
    endloop
  endfacet
  facet normal 0.9039892931234438 -0.42755509343028114 0
    outer loop
      vertex -27.3851470182737 -69.98636479203331 12.6
      vertex -27.297034655131544 -69.80006685266541 13
      vertex -27.3851470182737 -69.98636479203331 13
    endloop
  endfacet
  facet normal 0.8577286100002625 -0.5141027441932378 0
    outer loop
      vertex -27.297034655131544 -69.80006685266541 12.6
      vertex -27.191086185835342 -69.62330251065885 13
      vertex -27.297034655131544 -69.80006685266541 13
    endloop
  endfacet
  facet normal 0.803207531480643 -0.5956993044924358 0
    outer loop
      vertex -27.191086185835342 -69.62330251065885 12.6
      vertex -27.068321952061744 -69.45777410325636 13
      vertex -27.191086185835342 -69.62330251065885 13
    endloop
  endfacet
  facet normal 0.7409511253549721 -0.6715589548470041 0
    outer loop
      vertex -27.068321952061744 -69.45777410325636 12.6
      vertex -26.929924240491747 -69.30507575950826 13
      vertex -27.068321952061744 -69.45777410325636 13
    endloop
  endfacet
  facet normal 0.6715589548470032 -0.7409511253549729 0
    outer loop
      vertex -26.929924240491747 -69.30507575950826 12.6
      vertex -26.77722589674365 -69.16667804793826 13
      vertex -26.929924240491747 -69.30507575950826 13
    endloop
  endfacet
  facet normal 0.5956993044924247 -0.8032075314806514 -1.0040138923297653e-17
    outer loop
      vertex -26.77722589674365 -69.16667804793826 12.6
      vertex -26.61169748934116 -69.04391381416467 12.6
      vertex -26.61169748934116 -69.04391381416467 13
    endloop
  endfacet
  facet normal 0.5141027441932554 -0.8577286100002518 8.141995938021837e-18
    outer loop
      vertex -26.61169748934116 -69.04391381416467 12.6
      vertex -26.434933147334593 -68.93796534486846 12.6
      vertex -26.434933147334593 -68.93796534486846 13
    endloop
  endfacet
  facet normal 0.4275550934302885 -0.9039892931234403 -1.3851710832563944e-17
    outer loop
      vertex -26.434933147334593 -68.93796534486846 12.6
      vertex -26.248635207966686 -68.8498529817263 12.6
      vertex -26.248635207966686 -68.8498529817263 13
    endloop
  endfacet
  facet normal 0.33688985339219185 -0.941544065183031 2.5144848512383045e-18
    outer loop
      vertex -26.248635207966686 -68.8498529817263 12.6
      vertex -26.054597822234367 -68.78042529496237 12.6
      vertex -26.054597822234367 -68.78042529496237 13
    endloop
  endfacet
  facet normal 0.2429801799032723 -0.9700312531945418 3.973035931167999e-18
    outer loop
      vertex -26.054597822234367 -68.78042529496237 12.6
      vertex -25.854689676233868 -68.73035091115322 12.6
      vertex -25.854689676233868 -68.73035091115322 13
    endloop
  endfacet
  facet normal 0.14673047445536522 -0.9891765099647803 -3.3827700802532452e-18
    outer loop
      vertex -25.854689676233868 -68.73035091115322 12.6
      vertex -25.650835994692073 -68.7001120739884 12.6
      vertex -25.650835994692073 -68.7001120739884 13
    endloop
  endfacet
  facet normal 0.5956993044924247 -0.8032075314806514 0
    outer loop
      vertex -26.77722589674365 -69.16667804793826 12.6
      vertex -26.61169748934116 -69.04391381416467 13
      vertex -26.77722589674365 -69.16667804793826 13
    endloop
  endfacet
  facet normal 0.5141027441932554 -0.8577286100002518 0
    outer loop
      vertex -26.61169748934116 -69.04391381416467 12.6
      vertex -26.434933147334593 -68.93796534486846 13
      vertex -26.61169748934116 -69.04391381416467 13
    endloop
  endfacet
  facet normal 0.4275550934302885 -0.9039892931234403 0
    outer loop
      vertex -26.434933147334593 -68.93796534486846 12.6
      vertex -26.248635207966686 -68.8498529817263 13
      vertex -26.434933147334593 -68.93796534486846 13
    endloop
  endfacet
  facet normal 0.33688985339219185 -0.941544065183031 0
    outer loop
      vertex -26.248635207966686 -68.8498529817263 12.6
      vertex -26.054597822234367 -68.78042529496237 13
      vertex -26.248635207966686 -68.8498529817263 13
    endloop
  endfacet
  facet normal 0.2429801799032723 -0.9700312531945418 0
    outer loop
      vertex -26.054597822234367 -68.78042529496237 12.6
      vertex -25.854689676233868 -68.73035091115322 13
      vertex -26.054597822234367 -68.78042529496237 13
    endloop
  endfacet
  facet normal 0.14673047445536522 -0.9891765099647803 0
    outer loop
      vertex -25.854689676233868 -68.73035091115322 12.6
      vertex -25.650835994692073 -68.7001120739884 13
      vertex -25.854689676233868 -68.73035091115322 13
    endloop
  endfacet
  facet normal 0 0 1
    outer loop
      vertex -25.55771971137899 -69.64553756432699 12.6
      vertex -25.444999999999997 -69.64 12.6
      vertex -25.444999999999997 -68.69000000000001 12.6
    endloop
  endfacet
  facet normal 0 0 1
    outer loop
      vertex -25.444999999999997 -69.64 12.6
      vertex -25.332280288621003 -69.64553756432699 12.6
      vertex -25.23916400530792 -68.7001120739884 12.6
    endloop
  endfacet
  facet normal 0 0 1
    outer loop
      vertex -25.332280288621003 -69.64553756432699 12.6
      vertex -25.220646129681448 -69.6620969275363 12.6
      vertex -25.035310323766126 -68.73035091115322 12.6
    endloop
  endfacet
  facet normal 0 0 1
    outer loop
      vertex -24.9028937526501 -69.7757905459994 12.6
      vertex -24.835402177765626 -68.78042529496237 12.6
      vertex -25.004914052780144 -69.72753853761202 12.6
    endloop
  endfacet
  facet normal 0 0 1
    outer loop
      vertex -25.220646129681448 -69.6620969275363 12.6
      vertex -25.111172621157365 -69.68951861390796 12.6
      vertex -25.035310323766126 -68.73035091115322 12.6
    endloop
  endfacet
  facet normal 0 0 1
    outer loop
      vertex -25.111172621157365 -69.68951861390796 12.6
      vertex -25.004914052780144 -69.72753853761202 12.6
      vertex -24.835402177765626 -68.78042529496237 12.6
    endloop
  endfacet
  facet normal 0 0 1
    outer loop
      vertex -24.806094232027455 -69.83380994585208 12.6
      vertex -24.715447723211806 -69.90103797863286 12.6
      vertex -24.641364792033308 -68.8498529817263 12.6
    endloop
  endfacet
  facet normal 0 0 1
    outer loop
      vertex -24.9028937526501 -69.7757905459994 12.6
      vertex -24.806094232027455 -69.83380994585208 12.6
      vertex -24.641364792033308 -68.8498529817263 12.6
    endloop
  endfacet
  facet normal 0 0 1
    outer loop
      vertex -24.278302510658833 -72.53608618583534 12.6
      vertex -24.278302510658833 -69.04391381416467 12.6
      vertex -24.294999999999998 -70.79 12.6
    endloop
  endfacet
  facet normal 0 0 1
    outer loop
      vertex -24.294999999999998 -70.79 12.6
      vertex -24.278302510658833 -69.04391381416467 12.6
      vertex -24.30053756432697 -70.677280288621 12.6
    endloop
  endfacet
  facet normal 0 0 1
    outer loop
      vertex -24.278302510658833 -72.53608618583534 12.6
      vertex -24.112774103256342 -69.16667804793826 12.6
      vertex -24.278302510658833 -69.04391381416467 12.6
    endloop
  endfacet
  facet normal 0 0 1
    outer loop
      vertex -24.317096927536284 -70.56564612968145 12.6
      vertex -24.30053756432697 -70.677280288621 12.6
      vertex -24.278302510658833 -69.04391381416467 12.6
    endloop
  endfacet
  facet normal 0 0 1
    outer loop
      vertex -24.112774103256342 -72.41332195206175 12.6
      vertex -23.960075759508246 -69.30507575950826 12.6
      vertex -24.112774103256342 -69.16667804793826 12.6
    endloop
  endfacet
  facet normal 0 0 1
    outer loop
      vertex -23.960075759508246 -72.27492424049176 12.6
      vertex -23.82167804793825 -69.45777410325636 12.6
      vertex -23.960075759508246 -69.30507575950826 12.6
    endloop
  endfacet
  facet normal 0 0 1
    outer loop
      vertex -23.82167804793825 -72.12222589674366 12.6
      vertex -23.69891381416465 -69.62330251065885 12.6
      vertex -23.82167804793825 -69.45777410325636 12.6
    endloop
  endfacet
  facet normal 0 0 1
    outer loop
      vertex -24.556037978632848 -70.06044772321181 12.6
      vertex -24.4550668526654 -68.93796534486846 12.6
      vertex -24.631827201635467 -69.97682720163547 12.6
    endloop
  endfacet
  facet normal 0 0 1
    outer loop
      vertex -24.556037978632848 -70.06044772321181 12.6
      vertex -24.48880994585207 -70.15109423202746 12.6
      vertex -24.4550668526654 -68.93796534486846 12.6
    endloop
  endfacet
  facet normal 0 0 1
    outer loop
      vertex -24.344518613907958 -70.45617262115738 12.6
      vertex -24.278302510658833 -69.04391381416467 12.6
      vertex -24.382538537612017 -70.34991405278015 12.6
    endloop
  endfacet
  facet normal 0 0 1
    outer loop
      vertex -24.382538537612017 -70.34991405278015 12.6
      vertex -24.278302510658833 -69.04391381416467 12.6
      vertex -24.43079054599939 -70.24789375265011 12.6
    endloop
  endfacet
  facet normal 0 0 1
    outer loop
      vertex -24.317096927536284 -70.56564612968145 12.6
      vertex -24.278302510658833 -69.04391381416467 12.6
      vertex -24.344518613907958 -70.45617262115738 12.6
    endloop
  endfacet
  facet normal 0 0 1
    outer loop
      vertex -24.43079054599939 -70.24789375265011 12.6
      vertex -24.278302510658833 -69.04391381416467 12.6
      vertex -24.48880994585207 -70.15109423202746 12.6
    endloop
  endfacet
  facet normal 0 0 1
    outer loop
      vertex -24.631827201635467 -69.97682720163547 12.6
      vertex -24.4550668526654 -68.93796534486846 12.6
      vertex -24.715447723211806 -69.90103797863286 12.6
    endloop
  endfacet
  facet normal 0 0 1
    outer loop
      vertex -24.715447723211806 -69.90103797863286 12.6
      vertex -24.4550668526654 -68.93796534486846 12.6
      vertex -24.641364792033308 -68.8498529817263 12.6
    endloop
  endfacet
  facet normal 0 0 1
    outer loop
      vertex -24.48880994585207 -70.15109423202746 12.6
      vertex -24.278302510658833 -69.04391381416467 12.6
      vertex -24.4550668526654 -68.93796534486846 12.6
    endloop
  endfacet
  facet normal 0 0 1
    outer loop
      vertex -25.55771971137899 -69.64553756432699 12.6
      vertex -25.444999999999997 -68.69000000000001 12.6
      vertex -25.650835994692073 -68.7001120739884 12.6
    endloop
  endfacet
  facet normal 0 0 1
    outer loop
      vertex -25.444999999999997 -69.64 12.6
      vertex -25.23916400530792 -68.7001120739884 12.6
      vertex -25.444999999999997 -68.69000000000001 12.6
    endloop
  endfacet
  facet normal 0 0 1
    outer loop
      vertex -25.332280288621003 -69.64553756432699 12.6
      vertex -25.035310323766126 -68.73035091115322 12.6
      vertex -25.23916400530792 -68.7001120739884 12.6
    endloop
  endfacet
  facet normal 0 0 1
    outer loop
      vertex -25.111172621157365 -69.68951861390796 12.6
      vertex -24.835402177765626 -68.78042529496237 12.6
      vertex -25.035310323766126 -68.73035091115322 12.6
    endloop
  endfacet
  facet normal 0 0 1
    outer loop
      vertex -24.9028937526501 -69.7757905459994 12.6
      vertex -24.641364792033308 -68.8498529817263 12.6
      vertex -24.835402177765626 -68.78042529496237 12.6
    endloop
  endfacet
  facet normal 0 0 1
    outer loop
      vertex -23.59296534486845 -71.7799331473346 12.6
      vertex -23.504852981726295 -69.98636479203331 12.6
      vertex -23.59296534486845 -69.80006685266541 12.6
    endloop
  endfacet
  facet normal 0 0 1
    outer loop
      vertex -23.385350911153214 -71.19968967623387 12.6
      vertex -23.355112073988384 -70.58416400530793 12.6
      vertex -23.385350911153214 -70.38031032376614 12.6
    endloop
  endfacet
  facet normal 0 0 1
    outer loop
      vertex -23.355112073988384 -70.99583599469209 12.6
      vertex -23.344999999999995 -70.79 12.6
      vertex -23.355112073988384 -70.58416400530793 12.6
    endloop
  endfacet
  facet normal 0 0 1
    outer loop
      vertex -23.504852981726295 -71.5936352079667 12.6
      vertex -23.435425294962357 -70.18040217776563 12.6
      vertex -23.504852981726295 -69.98636479203331 12.6
    endloop
  endfacet
  facet normal 0 0 1
    outer loop
      vertex -23.435425294962357 -71.39959782223438 12.6
      vertex -23.385350911153214 -70.38031032376614 12.6
      vertex -23.435425294962357 -70.18040217776563 12.6
    endloop
  endfacet
  facet normal 0 0 1
    outer loop
      vertex -23.69891381416465 -71.95669748934117 12.6
      vertex -23.59296534486845 -69.80006685266541 12.6
      vertex -23.69891381416465 -69.62330251065885 12.6
    endloop
  endfacet
  facet normal -0.6715589548470032 -0.7409511253549729 8.379759591504187e-18
    outer loop
      vertex -24.112774103256342 -69.16667804793826 12.6
      vertex -23.960075759508246 -69.30507575950826 12.6
      vertex -23.960075759508246 -69.30507575950826 13
    endloop
  endfacet
  facet normal -0.7409511253549721 -0.6715589548470041 0
    outer loop
      vertex -23.82167804793825 -69.45777410325636 12.6
      vertex -23.82167804793825 -69.45777410325636 13
      vertex -23.960075759508246 -69.30507575950826 12.6
    endloop
  endfacet
  facet normal -0.6715589548470032 -0.7409511253549729 0
    outer loop
      vertex -24.112774103256342 -69.16667804793826 12.6
      vertex -23.960075759508246 -69.30507575950826 13
      vertex -24.112774103256342 -69.16667804793826 13
    endloop
  endfacet
  facet normal -0.803207531480643 -0.5956993044924358 0
    outer loop
      vertex -23.82167804793825 -69.45777410325636 12.6
      vertex -23.69891381416465 -69.62330251065885 13
      vertex -23.82167804793825 -69.45777410325636 13
    endloop
  endfacet
  facet normal -0.7409511253549721 -0.6715589548470041 0
    outer loop
      vertex -23.960075759508246 -69.30507575950826 12.6
      vertex -23.82167804793825 -69.45777410325636 13
      vertex -23.960075759508246 -69.30507575950826 13
    endloop
  endfacet
  facet normal 0.04906767432739182 -0.9987954562051737 1.249570311266962e-18
    outer loop
      vertex -25.650835994692073 -68.7001120739884 12.6
      vertex -25.444999999999997 -68.69000000000001 12.6
      vertex -25.444999999999997 -68.69000000000001 13
    endloop
  endfacet
  facet normal -0.04906767432739182 -0.9987954562051737 -1.249570311266962e-18
    outer loop
      vertex -25.444999999999997 -68.69000000000001 12.6
      vertex -25.23916400530792 -68.7001120739884 12.6
      vertex -25.23916400530792 -68.7001120739884 13
    endloop
  endfacet
  facet normal -0.2429801799032723 -0.9700312531945418 -3.973035931167999e-18
    outer loop
      vertex -25.035310323766126 -68.73035091115322 12.6
      vertex -24.835402177765626 -68.78042529496237 12.6
      vertex -24.835402177765626 -68.78042529496237 13
    endloop
  endfacet
  facet normal -0.33688985339219185 -0.941544065183031 -2.5144848512383045e-18
    outer loop
      vertex -24.835402177765626 -68.78042529496237 12.6
      vertex -24.641364792033308 -68.8498529817263 12.6
      vertex -24.641364792033308 -68.8498529817263 13
    endloop
  endfacet
  facet normal -0.14673047445536522 -0.9891765099647803 3.3827700802532452e-18
    outer loop
      vertex -25.23916400530792 -68.7001120739884 12.6
      vertex -25.035310323766126 -68.73035091115322 12.6
      vertex -25.035310323766126 -68.73035091115322 13
    endloop
  endfacet
  facet normal -0.4275550934302885 -0.9039892931234403 1.3851710832563944e-17
    outer loop
      vertex -24.641364792033308 -68.8498529817263 12.6
      vertex -24.4550668526654 -68.93796534486846 12.6
      vertex -24.4550668526654 -68.93796534486846 13
    endloop
  endfacet
  facet normal -0.5141027441932554 -0.8577286100002518 0
    outer loop
      vertex -24.278302510658833 -69.04391381416467 12.6
      vertex -24.278302510658833 -69.04391381416467 13
      vertex -24.4550668526654 -68.93796534486846 12.6
    endloop
  endfacet
  facet normal -0.5956993044924247 -0.8032075314806514 0
    outer loop
      vertex -24.112774103256342 -69.16667804793826 12.6
      vertex -24.112774103256342 -69.16667804793826 13
      vertex -24.278302510658833 -69.04391381416467 12.6
    endloop
  endfacet
  facet normal 0.04906767432739182 -0.9987954562051737 0
    outer loop
      vertex -25.650835994692073 -68.7001120739884 12.6
      vertex -25.444999999999997 -68.69000000000001 13
      vertex -25.650835994692073 -68.7001120739884 13
    endloop
  endfacet
  facet normal -0.04906767432739182 -0.9987954562051737 0
    outer loop
      vertex -25.444999999999997 -68.69000000000001 12.6
      vertex -25.23916400530792 -68.7001120739884 13
      vertex -25.444999999999997 -68.69000000000001 13
    endloop
  endfacet
  facet normal -0.14673047445536522 -0.9891765099647803 0
    outer loop
      vertex -25.23916400530792 -68.7001120739884 12.6
      vertex -25.035310323766126 -68.73035091115322 13
      vertex -25.23916400530792 -68.7001120739884 13
    endloop
  endfacet
  facet normal -0.33688985339219185 -0.941544065183031 0
    outer loop
      vertex -24.835402177765626 -68.78042529496237 12.6
      vertex -24.641364792033308 -68.8498529817263 13
      vertex -24.835402177765626 -68.78042529496237 13
    endloop
  endfacet
  facet normal -0.2429801799032723 -0.9700312531945418 0
    outer loop
      vertex -25.035310323766126 -68.73035091115322 12.6
      vertex -24.835402177765626 -68.78042529496237 13
      vertex -25.035310323766126 -68.73035091115322 13
    endloop
  endfacet
  facet normal -0.4275550934302885 -0.9039892931234403 0
    outer loop
      vertex -24.641364792033308 -68.8498529817263 12.6
      vertex -24.4550668526654 -68.93796534486846 13
      vertex -24.641364792033308 -68.8498529817263 13
    endloop
  endfacet
  facet normal -0.5956993044924247 -0.8032075314806514 0
    outer loop
      vertex -24.278302510658833 -69.04391381416467 12.6
      vertex -24.112774103256342 -69.16667804793826 13
      vertex -24.278302510658833 -69.04391381416467 13
    endloop
  endfacet
  facet normal -0.5141027441932554 -0.8577286100002518 0
    outer loop
      vertex -24.4550668526654 -68.93796534486846 12.6
      vertex -24.278302510658833 -69.04391381416467 13
      vertex -24.4550668526654 -68.93796534486846 13
    endloop
  endfacet
  facet normal -0.9987954562051721 -0.04906767432742536 0
    outer loop
      vertex -23.344999999999995 -70.79 12.6
      vertex -23.344999999999995 -70.79 13
      vertex -23.355112073988384 -70.58416400530793 12.6
    endloop
  endfacet
  facet normal -0.9891765099647797 -0.1467304744553702 0
    outer loop
      vertex -23.355112073988384 -70.58416400530793 12.6
      vertex -23.355112073988384 -70.58416400530793 13
      vertex -23.385350911153214 -70.38031032376614 12.6
    endloop
  endfacet
  facet normal -0.9700312531945491 -0.24298017990324397 0
    outer loop
      vertex -23.385350911153214 -70.38031032376614 12.6
      vertex -23.385350911153214 -70.38031032376614 13
      vertex -23.435425294962357 -70.18040217776563 12.6
    endloop
  endfacet
  facet normal -0.9415440651830179 -0.3368898533922278 0
    outer loop
      vertex -23.435425294962357 -70.18040217776563 12.6
      vertex -23.435425294962357 -70.18040217776563 13
      vertex -23.504852981726295 -69.98636479203331 12.6
    endloop
  endfacet
  facet normal -0.9039892931234438 -0.42755509343028114 0
    outer loop
      vertex -23.504852981726295 -69.98636479203331 12.6
      vertex -23.504852981726295 -69.98636479203331 13
      vertex -23.59296534486845 -69.80006685266541 12.6
    endloop
  endfacet
  facet normal -0.8577286100002625 -0.5141027441932378 0
    outer loop
      vertex -23.59296534486845 -69.80006685266541 12.6
      vertex -23.59296534486845 -69.80006685266541 13
      vertex -23.69891381416465 -69.62330251065885 12.6
    endloop
  endfacet
  facet normal -0.803207531480643 -0.5956993044924358 0
    outer loop
      vertex -23.69891381416465 -69.62330251065885 12.6
      vertex -23.69891381416465 -69.62330251065885 13
      vertex -23.82167804793825 -69.45777410325636 12.6
    endloop
  endfacet
  facet normal -0.9987954562051721 0.04906767432742536 0
    outer loop
      vertex -23.344999999999995 -70.79 12.6
      vertex -23.355112073988384 -70.99583599469209 13
      vertex -23.344999999999995 -70.79 13
    endloop
  endfacet
  facet normal -0.9987954562051721 -0.04906767432742536 0
    outer loop
      vertex -23.355112073988384 -70.58416400530793 12.6
      vertex -23.344999999999995 -70.79 13
      vertex -23.355112073988384 -70.58416400530793 13
    endloop
  endfacet
  facet normal -0.9891765099647797 -0.1467304744553702 0
    outer loop
      vertex -23.385350911153214 -70.38031032376614 12.6
      vertex -23.355112073988384 -70.58416400530793 13
      vertex -23.385350911153214 -70.38031032376614 13
    endloop
  endfacet
  facet normal -0.9415440651830179 -0.3368898533922278 0
    outer loop
      vertex -23.504852981726295 -69.98636479203331 12.6
      vertex -23.435425294962357 -70.18040217776563 13
      vertex -23.504852981726295 -69.98636479203331 13
    endloop
  endfacet
  facet normal -0.9700312531945491 -0.24298017990324397 0
    outer loop
      vertex -23.435425294962357 -70.18040217776563 12.6
      vertex -23.385350911153214 -70.38031032376614 13
      vertex -23.435425294962357 -70.18040217776563 13
    endloop
  endfacet
  facet normal -0.9039892931234438 -0.42755509343028114 0
    outer loop
      vertex -23.59296534486845 -69.80006685266541 12.6
      vertex -23.504852981726295 -69.98636479203331 13
      vertex -23.59296534486845 -69.80006685266541 13
    endloop
  endfacet
  facet normal -0.8577286100002625 -0.5141027441932378 0
    outer loop
      vertex -23.69891381416465 -69.62330251065885 12.6
      vertex -23.59296534486845 -69.80006685266541 13
      vertex -23.69891381416465 -69.62330251065885 13
    endloop
  endfacet
  facet normal 0.6715589548470172 0.7409511253549601 0
    outer loop
      vertex 24.631827201635467 -26.863172798364534 12.6
      vertex 24.715447723211806 -26.938962021367153 11.4
      vertex 24.631827201635467 -26.863172798364534 11.4
    endloop
  endfacet
  facet normal 0.8577286100002838 0.514102744193202 0
    outer loop
      vertex 24.43079054599939 -26.5921062473499 12.6
      vertex 24.48880994585207 -26.688905767972546 11.4
      vertex 24.43079054599939 -26.5921062473499 11.4
    endloop
  endfacet
  facet normal 0.8032075314806437 0.595699304492435 0
    outer loop
      vertex 24.48880994585207 -26.688905767972546 12.6
      vertex 24.556037978632848 -26.779552276788195 11.4
      vertex 24.48880994585207 -26.688905767972546 11.4
    endloop
  endfacet
  facet normal 0.7409511253549601 0.6715589548470172 0
    outer loop
      vertex 24.556037978632848 -26.779552276788195 12.6
      vertex 24.631827201635467 -26.863172798364534 11.4
      vertex 24.556037978632848 -26.779552276788195 11.4
    endloop
  endfacet
  facet normal 0.9039892931234388 0.4275550934302916 0
    outer loop
      vertex 24.382538537612017 -26.490085947219857 12.6
      vertex 24.43079054599939 -26.5921062473499 11.4
      vertex 24.382538537612017 -26.490085947219857 11.4
    endloop
  endfacet
  facet normal 0.9415440651830238 0.3368898533922117 0
    outer loop
      vertex 24.344518613907958 -26.383827378842636 12.6
      vertex 24.382538537612017 -26.490085947219857 11.4
      vertex 24.344518613907958 -26.383827378842636 11.4
    endloop
  endfacet
  facet normal 0.9700312531945439 0.24298017990326443 0
    outer loop
      vertex 24.317096927536284 -26.274353870318553 12.6
      vertex 24.344518613907958 -26.383827378842636 11.4
      vertex 24.317096927536284 -26.274353870318553 11.4
    endloop
  endfacet
  facet normal 0.9891765099647778 0.14673047445538254 0
    outer loop
      vertex 24.30053756432697 -26.162719711378998 12.6
      vertex 24.317096927536284 -26.274353870318553 11.4
      vertex 24.30053756432697 -26.162719711378998 11.4
    endloop
  endfacet
  facet normal 0.4275550934302916 0.9039892931234388 0
    outer loop
      vertex 24.9028937526501 -27.06420945400061 12.6
      vertex 25.004914052780144 -27.112461462387984 11.4
      vertex 24.9028937526501 -27.06420945400061 11.4
    endloop
  endfacet
  facet normal 0.3368898533922117 0.9415440651830238 0
    outer loop
      vertex 25.004914052780144 -27.112461462387984 12.6
      vertex 25.111172621157365 -27.150481386092043 11.4
      vertex 25.004914052780144 -27.112461462387984 11.4
    endloop
  endfacet
  facet normal 0.24298017990329404 0.9700312531945364 0
    outer loop
      vertex 25.111172621157365 -27.150481386092043 12.6
      vertex 25.220646129681448 -27.17790307246372 11.4
      vertex 25.111172621157365 -27.150481386092043 11.4
    endloop
  endfacet
  facet normal 0.14673047445535176 0.9891765099647825 0
    outer loop
      vertex 25.220646129681448 -27.17790307246372 12.6
      vertex 25.332280288621003 -27.19446243567303 11.4
      vertex 25.220646129681448 -27.17790307246372 11.4
    endloop
  endfacet
  facet normal 0.04906767432739827 0.9987954562051734 0
    outer loop
      vertex 25.332280288621003 -27.19446243567303 12.6
      vertex 25.444999999999997 -27.200000000000003 11.4
      vertex 25.332280288621003 -27.19446243567303 11.4
    endloop
  endfacet
  facet normal -0.04906767432739827 0.9987954562051734 0
    outer loop
      vertex 25.444999999999997 -27.200000000000003 12.6
      vertex 25.55771971137899 -27.19446243567303 11.4
      vertex 25.444999999999997 -27.200000000000003 11.4
    endloop
  endfacet
  facet normal 0.595699304492435 0.8032075314806437 0
    outer loop
      vertex 24.715447723211806 -26.938962021367153 12.6
      vertex 24.806094232027455 -27.006190054147932 11.4
      vertex 24.715447723211806 -26.938962021367153 11.4
    endloop
  endfacet
  facet normal 0.514102744193202 0.8577286100002838 0
    outer loop
      vertex 24.806094232027455 -27.006190054147932 12.6
      vertex 24.9028937526501 -27.06420945400061 11.4
      vertex 24.806094232027455 -27.006190054147932 11.4
    endloop
  endfacet
  facet normal 0.7409511253549601 0.6715589548470172 0
    outer loop
      vertex 24.631827201635467 -26.863172798364534 12.6
      vertex 24.631827201635467 -26.863172798364534 11.4
      vertex 24.556037978632848 -26.779552276788195 12.6
    endloop
  endfacet
  facet normal 0.8032075314806437 0.595699304492435 -2.479429543411636e-18
    outer loop
      vertex 24.48880994585207 -26.688905767972546 12.6
      vertex 24.556037978632848 -26.779552276788195 12.6
      vertex 24.556037978632848 -26.779552276788195 11.4
    endloop
  endfacet
  facet normal 0.8577286100002838 0.514102744193202 0
    outer loop
      vertex 24.48880994585207 -26.688905767972546 12.6
      vertex 24.48880994585207 -26.688905767972546 11.4
      vertex 24.43079054599939 -26.5921062473499 12.6
    endloop
  endfacet
  facet normal 0.9039892931234388 0.4275550934302916 1.3082830184480955e-18
    outer loop
      vertex 24.382538537612017 -26.490085947219857 12.6
      vertex 24.43079054599939 -26.5921062473499 12.6
      vertex 24.43079054599939 -26.5921062473499 11.4
    endloop
  endfacet
  facet normal 0.9415440651830238 0.3368898533922117 0
    outer loop
      vertex 24.382538537612017 -26.490085947219857 12.6
      vertex 24.382538537612017 -26.490085947219857 11.4
      vertex 24.344518613907958 -26.383827378842636 12.6
    endloop
  endfacet
  facet normal 0.9891765099647778 0.14673047445538254 -2.8179176437262627e-19
    outer loop
      vertex 24.30053756432697 -26.162719711378998 12.6
      vertex 24.317096927536284 -26.274353870318553 12.6
      vertex 24.317096927536284 -26.274353870318553 11.4
    endloop
  endfacet
  facet normal 0.9700312531945439 0.24298017990326443 0
    outer loop
      vertex 24.344518613907958 -26.383827378842636 12.6
      vertex 24.344518613907958 -26.383827378842636 11.4
      vertex 24.317096927536284 -26.274353870318553 12.6
    endloop
  endfacet
  facet normal 0.4275550934302916 0.9039892931234388 1.3082830184480955e-18
    outer loop
      vertex 24.9028937526501 -27.06420945400061 12.6
      vertex 25.004914052780144 -27.112461462387984 12.6
      vertex 25.004914052780144 -27.112461462387984 11.4
    endloop
  endfacet
  facet normal 0.3368898533922117 0.9415440651830238 7.767483204568895e-19
    outer loop
      vertex 25.004914052780144 -27.112461462387984 12.6
      vertex 25.111172621157365 -27.150481386092043 12.6
      vertex 25.111172621157365 -27.150481386092043 11.4
    endloop
  endfacet
  facet normal 0.24298017990329404 0.9700312531945364 7.845193250832345e-19
    outer loop
      vertex 25.111172621157365 -27.150481386092043 12.6
      vertex 25.220646129681448 -27.17790307246372 12.6
      vertex 25.220646129681448 -27.17790307246372 11.4
    endloop
  endfacet
  facet normal 0.14673047445535176 0.9891765099647825 -2.592792987872455e-19
    outer loop
      vertex 25.220646129681448 -27.17790307246372 12.6
      vertex 25.332280288621003 -27.19446243567303 12.6
      vertex 25.332280288621003 -27.19446243567303 11.4
    endloop
  endfacet
  facet normal 0.04906767432739827 0.9987954562051734 2.1347047649083127e-19
    outer loop
      vertex 25.332280288621003 -27.19446243567303 12.6
      vertex 25.444999999999997 -27.200000000000003 12.6
      vertex 25.444999999999997 -27.200000000000003 11.4
    endloop
  endfacet
  facet normal -0.04906767432739827 0.9987954562051734 -2.1347047649083127e-19
    outer loop
      vertex 25.444999999999997 -27.200000000000003 12.6
      vertex 25.55771971137899 -27.19446243567303 12.6
      vertex 25.55771971137899 -27.19446243567303 11.4
    endloop
  endfacet
  facet normal 0.595699304492435 0.8032075314806437 -2.479429543411636e-18
    outer loop
      vertex 24.715447723211806 -26.938962021367153 12.6
      vertex 24.806094232027455 -27.006190054147932 12.6
      vertex 24.806094232027455 -27.006190054147932 11.4
    endloop
  endfacet
  facet normal 0.6715589548470172 0.7409511253549601 -1.7557859543602345e-18
    outer loop
      vertex 24.631827201635467 -26.863172798364534 12.6
      vertex 24.715447723211806 -26.938962021367153 12.6
      vertex 24.715447723211806 -26.938962021367153 11.4
    endloop
  endfacet
  facet normal 0.514102744193202 0.8577286100002838 0
    outer loop
      vertex 24.9028937526501 -27.06420945400061 12.6
      vertex 24.9028937526501 -27.06420945400061 11.4
      vertex 24.806094232027455 -27.006190054147932 12.6
    endloop
  endfacet
  facet normal 0.9987954562051734 0.04906767432739827 0
    outer loop
      vertex 24.294999999999998 -26.050000000000004 12.6
      vertex 24.30053756432697 -26.162719711378998 11.4
      vertex 24.294999999999998 -26.050000000000004 11.4
    endloop
  endfacet
  facet normal 0.9987954562051734 -0.04906767432739827 0
    outer loop
      vertex 24.30053756432697 -25.93728028862101 12.6
      vertex 24.294999999999998 -26.050000000000004 11.4
      vertex 24.30053756432697 -25.93728028862101 11.4
    endloop
  endfacet
  facet normal 0.9891765099647778 -0.14673047445538254 0
    outer loop
      vertex 24.317096927536284 -25.825646129681456 12.6
      vertex 24.30053756432697 -25.93728028862101 11.4
      vertex 24.317096927536284 -25.825646129681456 11.4
    endloop
  endfacet
  facet normal 0.9700312531945439 -0.24298017990326443 0
    outer loop
      vertex 24.344518613907958 -25.716172621157373 12.6
      vertex 24.317096927536284 -25.825646129681456 11.4
      vertex 24.344518613907958 -25.716172621157373 11.4
    endloop
  endfacet
  facet normal 0.9415440651830238 -0.3368898533922117 0
    outer loop
      vertex 24.382538537612017 -25.60991405278015 12.6
      vertex 24.344518613907958 -25.716172621157373 11.4
      vertex 24.382538537612017 -25.60991405278015 11.4
    endloop
  endfacet
  facet normal 0.9039892931234388 -0.4275550934302916 0
    outer loop
      vertex 24.43079054599939 -25.50789375265011 12.6
      vertex 24.382538537612017 -25.60991405278015 11.4
      vertex 24.43079054599939 -25.50789375265011 11.4
    endloop
  endfacet
  facet normal 0.8577286100002838 -0.514102744193202 0
    outer loop
      vertex 24.48880994585207 -25.411094232027462 12.6
      vertex 24.43079054599939 -25.50789375265011 11.4
      vertex 24.48880994585207 -25.411094232027462 11.4
    endloop
  endfacet
  facet normal 0.8032075314806437 -0.595699304492435 0
    outer loop
      vertex 24.556037978632848 -25.320447723211814 12.6
      vertex 24.48880994585207 -25.411094232027462 11.4
      vertex 24.556037978632848 -25.320447723211814 11.4
    endloop
  endfacet
  facet normal 0.7409511253549601 -0.6715589548470172 0
    outer loop
      vertex 24.631827201635467 -25.236827201635474 12.6
      vertex 24.556037978632848 -25.320447723211814 11.4
      vertex 24.631827201635467 -25.236827201635474 11.4
    endloop
  endfacet
  facet normal 0.6715589548470172 -0.7409511253549601 0
    outer loop
      vertex 24.715447723211806 -25.161037978632855 12.6
      vertex 24.631827201635467 -25.236827201635474 11.4
      vertex 24.715447723211806 -25.161037978632855 11.4
    endloop
  endfacet
  facet normal 0.595699304492435 -0.8032075314806437 0
    outer loop
      vertex 24.806094232027455 -25.093809945852076 12.6
      vertex 24.715447723211806 -25.161037978632855 11.4
      vertex 24.806094232027455 -25.093809945852076 11.4
    endloop
  endfacet
  facet normal 0.514102744193202 -0.8577286100002838 0
    outer loop
      vertex 24.9028937526501 -25.035790545999397 12.6
      vertex 24.806094232027455 -25.093809945852076 11.4
      vertex 24.9028937526501 -25.035790545999397 11.4
    endloop
  endfacet
  facet normal 0.4275550934302916 -0.9039892931234388 0
    outer loop
      vertex 25.004914052780144 -24.987538537612025 12.6
      vertex 24.9028937526501 -25.035790545999397 11.4
      vertex 25.004914052780144 -24.987538537612025 11.4
    endloop
  endfacet
  facet normal 0.3368898533922117 -0.9415440651830238 0
    outer loop
      vertex 25.111172621157365 -24.949518613907966 12.6
      vertex 25.004914052780144 -24.987538537612025 11.4
      vertex 25.111172621157365 -24.949518613907966 11.4
    endloop
  endfacet
  facet normal 0.24298017990329404 -0.9700312531945364 0
    outer loop
      vertex 25.220646129681448 -24.922096927536288 12.6
      vertex 25.111172621157365 -24.949518613907966 11.4
      vertex 25.220646129681448 -24.922096927536288 11.4
    endloop
  endfacet
  facet normal 0.14673047445535176 -0.9891765099647825 0
    outer loop
      vertex 25.332280288621003 -24.905537564326977 12.6
      vertex 25.220646129681448 -24.922096927536288 11.4
      vertex 25.332280288621003 -24.905537564326977 11.4
    endloop
  endfacet
  facet normal 0.04906767432739827 -0.9987954562051734 0
    outer loop
      vertex 25.444999999999997 -24.900000000000006 12.6
      vertex 25.332280288621003 -24.905537564326977 11.4
      vertex 25.444999999999997 -24.900000000000006 11.4
    endloop
  endfacet
  facet normal -0.04906767432739827 -0.9987954562051734 0
    outer loop
      vertex 25.55771971137899 -24.905537564326977 12.6
      vertex 25.444999999999997 -24.900000000000006 11.4
      vertex 25.55771971137899 -24.905537564326977 11.4
    endloop
  endfacet
  facet normal 0.9987954562051734 0.04906767432739827 0
    outer loop
      vertex 24.30053756432697 -26.162719711378998 12.6
      vertex 24.30053756432697 -26.162719711378998 11.4
      vertex 24.294999999999998 -26.050000000000004 12.6
    endloop
  endfacet
  facet normal 0.9987954562051734 -0.04906767432739827 0
    outer loop
      vertex 24.294999999999998 -26.050000000000004 12.6
      vertex 24.294999999999998 -26.050000000000004 11.4
      vertex 24.30053756432697 -25.93728028862101 12.6
    endloop
  endfacet
  facet normal 0.9891765099647778 -0.14673047445538254 0
    outer loop
      vertex 24.30053756432697 -25.93728028862101 12.6
      vertex 24.30053756432697 -25.93728028862101 11.4
      vertex 24.317096927536284 -25.825646129681456 12.6
    endloop
  endfacet
  facet normal 0.9700312531945439 -0.24298017990326443 0
    outer loop
      vertex 24.317096927536284 -25.825646129681456 12.6
      vertex 24.317096927536284 -25.825646129681456 11.4
      vertex 24.344518613907958 -25.716172621157373 12.6
    endloop
  endfacet
  facet normal 0.9415440651830238 -0.3368898533922117 0
    outer loop
      vertex 24.344518613907958 -25.716172621157373 12.6
      vertex 24.344518613907958 -25.716172621157373 11.4
      vertex 24.382538537612017 -25.60991405278015 12.6
    endloop
  endfacet
  facet normal 0.9039892931234388 -0.4275550934302916 0
    outer loop
      vertex 24.382538537612017 -25.60991405278015 12.6
      vertex 24.382538537612017 -25.60991405278015 11.4
      vertex 24.43079054599939 -25.50789375265011 12.6
    endloop
  endfacet
  facet normal 0.8577286100002838 -0.514102744193202 0
    outer loop
      vertex 24.43079054599939 -25.50789375265011 12.6
      vertex 24.43079054599939 -25.50789375265011 11.4
      vertex 24.48880994585207 -25.411094232027462 12.6
    endloop
  endfacet
  facet normal 0.8032075314806437 -0.595699304492435 0
    outer loop
      vertex 24.48880994585207 -25.411094232027462 12.6
      vertex 24.48880994585207 -25.411094232027462 11.4
      vertex 24.556037978632848 -25.320447723211814 12.6
    endloop
  endfacet
  facet normal 0.7409511253549601 -0.6715589548470172 0
    outer loop
      vertex 24.556037978632848 -25.320447723211814 12.6
      vertex 24.556037978632848 -25.320447723211814 11.4
      vertex 24.631827201635467 -25.236827201635474 12.6
    endloop
  endfacet
  facet normal 0.6715589548470172 -0.7409511253549601 0
    outer loop
      vertex 24.631827201635467 -25.236827201635474 12.6
      vertex 24.631827201635467 -25.236827201635474 11.4
      vertex 24.715447723211806 -25.161037978632855 12.6
    endloop
  endfacet
  facet normal 0.595699304492435 -0.8032075314806437 0
    outer loop
      vertex 24.715447723211806 -25.161037978632855 12.6
      vertex 24.715447723211806 -25.161037978632855 11.4
      vertex 24.806094232027455 -25.093809945852076 12.6
    endloop
  endfacet
  facet normal 0.514102744193202 -0.8577286100002838 0
    outer loop
      vertex 24.806094232027455 -25.093809945852076 12.6
      vertex 24.806094232027455 -25.093809945852076 11.4
      vertex 24.9028937526501 -25.035790545999397 12.6
    endloop
  endfacet
  facet normal 0.4275550934302916 -0.9039892931234388 0
    outer loop
      vertex 24.9028937526501 -25.035790545999397 12.6
      vertex 24.9028937526501 -25.035790545999397 11.4
      vertex 25.004914052780144 -24.987538537612025 12.6
    endloop
  endfacet
  facet normal 0.3368898533922117 -0.9415440651830238 0
    outer loop
      vertex 25.004914052780144 -24.987538537612025 12.6
      vertex 25.004914052780144 -24.987538537612025 11.4
      vertex 25.111172621157365 -24.949518613907966 12.6
    endloop
  endfacet
  facet normal 0.24298017990329404 -0.9700312531945364 0
    outer loop
      vertex 25.111172621157365 -24.949518613907966 12.6
      vertex 25.111172621157365 -24.949518613907966 11.4
      vertex 25.220646129681448 -24.922096927536288 12.6
    endloop
  endfacet
  facet normal 0.14673047445535176 -0.9891765099647825 0
    outer loop
      vertex 25.220646129681448 -24.922096927536288 12.6
      vertex 25.220646129681448 -24.922096927536288 11.4
      vertex 25.332280288621003 -24.905537564326977 12.6
    endloop
  endfacet
  facet normal 0.04906767432739827 -0.9987954562051734 0
    outer loop
      vertex 25.332280288621003 -24.905537564326977 12.6
      vertex 25.332280288621003 -24.905537564326977 11.4
      vertex 25.444999999999997 -24.900000000000006 12.6
    endloop
  endfacet
  facet normal -0.04906767432739827 -0.9987954562051734 0
    outer loop
      vertex 25.444999999999997 -24.900000000000006 12.6
      vertex 25.444999999999997 -24.900000000000006 11.4
      vertex 25.55771971137899 -24.905537564326977 12.6
    endloop
  endfacet
  facet normal -0.14673047445535176 0.9891765099647825 0
    outer loop
      vertex 25.55771971137899 -27.19446243567303 12.6
      vertex 25.669353870318545 -27.17790307246372 11.4
      vertex 25.55771971137899 -27.19446243567303 11.4
    endloop
  endfacet
  facet normal -0.24298017990329404 0.9700312531945364 0
    outer loop
      vertex 25.669353870318545 -27.17790307246372 12.6
      vertex 25.778827378842628 -27.150481386092043 11.4
      vertex 25.669353870318545 -27.17790307246372 11.4
    endloop
  endfacet
  facet normal -0.3368898533922117 0.9415440651830238 0
    outer loop
      vertex 25.778827378842628 -27.150481386092043 12.6
      vertex 25.88508594721985 -27.112461462387984 11.4
      vertex 25.778827378842628 -27.150481386092043 11.4
    endloop
  endfacet
  facet normal -0.4275550934302916 0.9039892931234388 0
    outer loop
      vertex 25.88508594721985 -27.112461462387984 12.6
      vertex 25.987106247349892 -27.06420945400061 11.4
      vertex 25.88508594721985 -27.112461462387984 11.4
    endloop
  endfacet
  facet normal -0.514102744193202 0.8577286100002838 0
    outer loop
      vertex 25.987106247349892 -27.06420945400061 12.6
      vertex 26.08390576797254 -27.006190054147932 11.4
      vertex 25.987106247349892 -27.06420945400061 11.4
    endloop
  endfacet
  facet normal -0.595699304492435 0.8032075314806437 0
    outer loop
      vertex 26.08390576797254 -27.006190054147932 12.6
      vertex 26.174552276788187 -26.938962021367153 11.4
      vertex 26.08390576797254 -27.006190054147932 11.4
    endloop
  endfacet
  facet normal -0.6715589548470172 0.7409511253549601 0
    outer loop
      vertex 26.174552276788187 -26.938962021367153 12.6
      vertex 26.258172798364527 -26.863172798364534 11.4
      vertex 26.174552276788187 -26.938962021367153 11.4
    endloop
  endfacet
  facet normal -0.7409511253549601 0.6715589548470172 0
    outer loop
      vertex 26.258172798364527 -26.863172798364534 12.6
      vertex 26.333962021367146 -26.779552276788195 11.4
      vertex 26.258172798364527 -26.863172798364534 11.4
    endloop
  endfacet
  facet normal -0.8032075314806437 0.595699304492435 0
    outer loop
      vertex 26.333962021367146 -26.779552276788195 12.6
      vertex 26.401190054147925 -26.688905767972546 11.4
      vertex 26.333962021367146 -26.779552276788195 11.4
    endloop
  endfacet
  facet normal -0.8577286100002838 0.514102744193202 0
    outer loop
      vertex 26.401190054147925 -26.688905767972546 12.6
      vertex 26.459209454000604 -26.5921062473499 11.4
      vertex 26.401190054147925 -26.688905767972546 11.4
    endloop
  endfacet
  facet normal -0.9039892931234388 0.4275550934302916 0
    outer loop
      vertex 26.459209454000604 -26.5921062473499 12.6
      vertex 26.507461462387976 -26.490085947219857 11.4
      vertex 26.459209454000604 -26.5921062473499 11.4
    endloop
  endfacet
  facet normal -0.9415440651830238 0.3368898533922117 0
    outer loop
      vertex 26.507461462387976 -26.490085947219857 12.6
      vertex 26.545481386092035 -26.383827378842636 11.4
      vertex 26.507461462387976 -26.490085947219857 11.4
    endloop
  endfacet
  facet normal -0.9700312531945439 0.24298017990326443 0
    outer loop
      vertex 26.545481386092035 -26.383827378842636 12.6
      vertex 26.57290307246371 -26.274353870318553 11.4
      vertex 26.545481386092035 -26.383827378842636 11.4
    endloop
  endfacet
  facet normal -0.9891765099647778 0.14673047445538254 0
    outer loop
      vertex 26.57290307246371 -26.274353870318553 12.6
      vertex 26.589462435673024 -26.162719711378998 11.4
      vertex 26.57290307246371 -26.274353870318553 11.4
    endloop
  endfacet
  facet normal -0.14673047445535176 0.9891765099647825 2.592792987872455e-19
    outer loop
      vertex 25.55771971137899 -27.19446243567303 12.6
      vertex 25.669353870318545 -27.17790307246372 12.6
      vertex 25.669353870318545 -27.17790307246372 11.4
    endloop
  endfacet
  facet normal -0.24298017990329404 0.9700312531945364 -7.845193250832345e-19
    outer loop
      vertex 25.669353870318545 -27.17790307246372 12.6
      vertex 25.778827378842628 -27.150481386092043 12.6
      vertex 25.778827378842628 -27.150481386092043 11.4
    endloop
  endfacet
  facet normal -0.3368898533922117 0.9415440651830238 -7.767483204568895e-19
    outer loop
      vertex 25.778827378842628 -27.150481386092043 12.6
      vertex 25.88508594721985 -27.112461462387984 12.6
      vertex 25.88508594721985 -27.112461462387984 11.4
    endloop
  endfacet
  facet normal -0.4275550934302916 0.9039892931234388 -1.3082830184480955e-18
    outer loop
      vertex 25.88508594721985 -27.112461462387984 12.6
      vertex 25.987106247349892 -27.06420945400061 12.6
      vertex 25.987106247349892 -27.06420945400061 11.4
    endloop
  endfacet
  facet normal -0.514102744193202 0.8577286100002838 -1.289860548906073e-18
    outer loop
      vertex 25.987106247349892 -27.06420945400061 12.6
      vertex 26.08390576797254 -27.006190054147932 12.6
      vertex 26.08390576797254 -27.006190054147932 11.4
    endloop
  endfacet
  facet normal -0.595699304492435 0.8032075314806437 2.479429543411636e-18
    outer loop
      vertex 26.08390576797254 -27.006190054147932 12.6
      vertex 26.174552276788187 -26.938962021367153 12.6
      vertex 26.174552276788187 -26.938962021367153 11.4
    endloop
  endfacet
  facet normal -0.6715589548470172 0.7409511253549601 1.7557859543602345e-18
    outer loop
      vertex 26.174552276788187 -26.938962021367153 12.6
      vertex 26.258172798364527 -26.863172798364534 12.6
      vertex 26.258172798364527 -26.863172798364534 11.4
    endloop
  endfacet
  facet normal -0.7409511253549601 0.6715589548470172 1.7557859543602345e-18
    outer loop
      vertex 26.258172798364527 -26.863172798364534 12.6
      vertex 26.333962021367146 -26.779552276788195 12.6
      vertex 26.333962021367146 -26.779552276788195 11.4
    endloop
  endfacet
  facet normal -0.8032075314806437 0.595699304492435 2.479429543411636e-18
    outer loop
      vertex 26.333962021367146 -26.779552276788195 12.6
      vertex 26.401190054147925 -26.688905767972546 12.6
      vertex 26.401190054147925 -26.688905767972546 11.4
    endloop
  endfacet
  facet normal -0.8577286100002838 0.514102744193202 -1.289860548906073e-18
    outer loop
      vertex 26.401190054147925 -26.688905767972546 12.6
      vertex 26.459209454000604 -26.5921062473499 12.6
      vertex 26.459209454000604 -26.5921062473499 11.4
    endloop
  endfacet
  facet normal -0.9039892931234388 0.4275550934302916 -1.3082830184480955e-18
    outer loop
      vertex 26.459209454000604 -26.5921062473499 12.6
      vertex 26.507461462387976 -26.490085947219857 12.6
      vertex 26.507461462387976 -26.490085947219857 11.4
    endloop
  endfacet
  facet normal -0.9415440651830238 0.3368898533922117 -7.767483204568895e-19
    outer loop
      vertex 26.507461462387976 -26.490085947219857 12.6
      vertex 26.545481386092035 -26.383827378842636 12.6
      vertex 26.545481386092035 -26.383827378842636 11.4
    endloop
  endfacet
  facet normal -0.9700312531945439 0.24298017990326443 -1.6641198102640863e-19
    outer loop
      vertex 26.545481386092035 -26.383827378842636 12.6
      vertex 26.57290307246371 -26.274353870318553 12.6
      vertex 26.57290307246371 -26.274353870318553 11.4
    endloop
  endfacet
  facet normal -0.9891765099647778 0.14673047445538254 2.8179176437262627e-19
    outer loop
      vertex 26.57290307246371 -26.274353870318553 12.6
      vertex 26.589462435673024 -26.162719711378998 12.6
      vertex 26.589462435673024 -26.162719711378998 11.4
    endloop
  endfacet
  facet normal -0.9039892931234388 -0.4275550934302916 0
    outer loop
      vertex 26.507461462387976 -25.60991405278015 12.6
      vertex 26.459209454000604 -25.50789375265011 11.4
      vertex 26.507461462387976 -25.60991405278015 11.4
    endloop
  endfacet
  facet normal -0.8032075314806437 -0.595699304492435 0
    outer loop
      vertex 26.401190054147925 -25.411094232027462 12.6
      vertex 26.333962021367146 -25.320447723211814 11.4
      vertex 26.401190054147925 -25.411094232027462 11.4
    endloop
  endfacet
  facet normal -0.8577286100002838 -0.514102744193202 0
    outer loop
      vertex 26.459209454000604 -25.50789375265011 12.6
      vertex 26.401190054147925 -25.411094232027462 11.4
      vertex 26.459209454000604 -25.50789375265011 11.4
    endloop
  endfacet
  facet normal -0.14673047445535176 -0.9891765099647825 0
    outer loop
      vertex 25.669353870318545 -24.922096927536288 12.6
      vertex 25.55771971137899 -24.905537564326977 11.4
      vertex 25.669353870318545 -24.922096927536288 11.4
    endloop
  endfacet
  facet normal -0.24298017990329404 -0.9700312531945364 0
    outer loop
      vertex 25.778827378842628 -24.949518613907966 12.6
      vertex 25.669353870318545 -24.922096927536288 11.4
      vertex 25.778827378842628 -24.949518613907966 11.4
    endloop
  endfacet
  facet normal -0.3368898533922117 -0.9415440651830238 0
    outer loop
      vertex 25.88508594721985 -24.987538537612025 12.6
      vertex 25.778827378842628 -24.949518613907966 11.4
      vertex 25.88508594721985 -24.987538537612025 11.4
    endloop
  endfacet
  facet normal -0.4275550934302916 -0.9039892931234388 0
    outer loop
      vertex 25.987106247349892 -25.035790545999397 12.6
      vertex 25.88508594721985 -24.987538537612025 11.4
      vertex 25.987106247349892 -25.035790545999397 11.4
    endloop
  endfacet
  facet normal -0.595699304492435 -0.8032075314806437 0
    outer loop
      vertex 26.174552276788187 -25.161037978632855 12.6
      vertex 26.08390576797254 -25.093809945852076 11.4
      vertex 26.174552276788187 -25.161037978632855 11.4
    endloop
  endfacet
  facet normal -0.6715589548470172 -0.7409511253549601 0
    outer loop
      vertex 26.258172798364527 -25.236827201635474 12.6
      vertex 26.174552276788187 -25.161037978632855 11.4
      vertex 26.258172798364527 -25.236827201635474 11.4
    endloop
  endfacet
  facet normal -0.514102744193202 -0.8577286100002838 0
    outer loop
      vertex 26.08390576797254 -25.093809945852076 12.6
      vertex 25.987106247349892 -25.035790545999397 11.4
      vertex 26.08390576797254 -25.093809945852076 11.4
    endloop
  endfacet
  facet normal -0.7409511253549601 -0.6715589548470172 0
    outer loop
      vertex 26.333962021367146 -25.320447723211814 12.6
      vertex 26.258172798364527 -25.236827201635474 11.4
      vertex 26.333962021367146 -25.320447723211814 11.4
    endloop
  endfacet
  facet normal -0.9987954562051734 0.04906767432739827 0
    outer loop
      vertex 26.589462435673024 -26.162719711378998 12.6
      vertex 26.594999999999995 -26.050000000000004 11.4
      vertex 26.589462435673024 -26.162719711378998 11.4
    endloop
  endfacet
  facet normal -0.9987954562051734 -0.04906767432739827 0
    outer loop
      vertex 26.594999999999995 -26.050000000000004 12.6
      vertex 26.589462435673024 -25.93728028862101 11.4
      vertex 26.594999999999995 -26.050000000000004 11.4
    endloop
  endfacet
  facet normal -0.9891765099647778 -0.14673047445538254 0
    outer loop
      vertex 26.589462435673024 -25.93728028862101 12.6
      vertex 26.57290307246371 -25.825646129681456 11.4
      vertex 26.589462435673024 -25.93728028862101 11.4
    endloop
  endfacet
  facet normal -0.9700312531945439 -0.24298017990326443 0
    outer loop
      vertex 26.57290307246371 -25.825646129681456 12.6
      vertex 26.545481386092035 -25.716172621157373 11.4
      vertex 26.57290307246371 -25.825646129681456 11.4
    endloop
  endfacet
  facet normal -0.9415440651830238 -0.3368898533922117 0
    outer loop
      vertex 26.545481386092035 -25.716172621157373 12.6
      vertex 26.507461462387976 -25.60991405278015 11.4
      vertex 26.545481386092035 -25.716172621157373 11.4
    endloop
  endfacet
  facet normal -0.8032075314806437 -0.595699304492435 0
    outer loop
      vertex 26.333962021367146 -25.320447723211814 12.6
      vertex 26.333962021367146 -25.320447723211814 11.4
      vertex 26.401190054147925 -25.411094232027462 12.6
    endloop
  endfacet
  facet normal -0.8577286100002838 -0.514102744193202 1.289860548906073e-18
    outer loop
      vertex 26.459209454000604 -25.50789375265011 12.6
      vertex 26.401190054147925 -25.411094232027462 12.6
      vertex 26.401190054147925 -25.411094232027462 11.4
    endloop
  endfacet
  facet normal -0.9039892931234388 -0.4275550934302916 0
    outer loop
      vertex 26.459209454000604 -25.50789375265011 12.6
      vertex 26.459209454000604 -25.50789375265011 11.4
      vertex 26.507461462387976 -25.60991405278015 12.6
    endloop
  endfacet
  facet normal -0.14673047445535176 -0.9891765099647825 0
    outer loop
      vertex 25.55771971137899 -24.905537564326977 12.6
      vertex 25.55771971137899 -24.905537564326977 11.4
      vertex 25.669353870318545 -24.922096927536288 12.6
    endloop
  endfacet
  facet normal -0.24298017990329404 -0.9700312531945364 0
    outer loop
      vertex 25.669353870318545 -24.922096927536288 12.6
      vertex 25.669353870318545 -24.922096927536288 11.4
      vertex 25.778827378842628 -24.949518613907966 12.6
    endloop
  endfacet
  facet normal -0.3368898533922117 -0.9415440651830238 0
    outer loop
      vertex 25.778827378842628 -24.949518613907966 12.6
      vertex 25.778827378842628 -24.949518613907966 11.4
      vertex 25.88508594721985 -24.987538537612025 12.6
    endloop
  endfacet
  facet normal -0.4275550934302916 -0.9039892931234388 0
    outer loop
      vertex 25.88508594721985 -24.987538537612025 12.6
      vertex 25.88508594721985 -24.987538537612025 11.4
      vertex 25.987106247349892 -25.035790545999397 12.6
    endloop
  endfacet
  facet normal -0.514102744193202 -0.8577286100002838 0
    outer loop
      vertex 25.987106247349892 -25.035790545999397 12.6
      vertex 25.987106247349892 -25.035790545999397 11.4
      vertex 26.08390576797254 -25.093809945852076 12.6
    endloop
  endfacet
  facet normal -0.595699304492435 -0.8032075314806437 0
    outer loop
      vertex 26.08390576797254 -25.093809945852076 12.6
      vertex 26.08390576797254 -25.093809945852076 11.4
      vertex 26.174552276788187 -25.161037978632855 12.6
    endloop
  endfacet
  facet normal -0.6715589548470172 -0.7409511253549601 0
    outer loop
      vertex 26.174552276788187 -25.161037978632855 12.6
      vertex 26.174552276788187 -25.161037978632855 11.4
      vertex 26.258172798364527 -25.236827201635474 12.6
    endloop
  endfacet
  facet normal -0.7409511253549601 -0.6715589548470172 -1.7557859543602345e-18
    outer loop
      vertex 26.333962021367146 -25.320447723211814 12.6
      vertex 26.258172798364527 -25.236827201635474 12.6
      vertex 26.258172798364527 -25.236827201635474 11.4
    endloop
  endfacet
  facet normal -0.9987954562051734 0.04906767432739827 -2.1347047649083127e-19
    outer loop
      vertex 26.589462435673024 -26.162719711378998 12.6
      vertex 26.594999999999995 -26.050000000000004 12.6
      vertex 26.594999999999995 -26.050000000000004 11.4
    endloop
  endfacet
  facet normal -0.9987954562051734 -0.04906767432739827 2.1347047649083127e-19
    outer loop
      vertex 26.594999999999995 -26.050000000000004 12.6
      vertex 26.589462435673024 -25.93728028862101 12.6
      vertex 26.589462435673024 -25.93728028862101 11.4
    endloop
  endfacet
  facet normal -0.9891765099647778 -0.14673047445538254 -2.8179176437262627e-19
    outer loop
      vertex 26.589462435673024 -25.93728028862101 12.6
      vertex 26.57290307246371 -25.825646129681456 12.6
      vertex 26.57290307246371 -25.825646129681456 11.4
    endloop
  endfacet
  facet normal -0.9700312531945439 -0.24298017990326443 1.6641198102640863e-19
    outer loop
      vertex 26.57290307246371 -25.825646129681456 12.6
      vertex 26.545481386092035 -25.716172621157373 12.6
      vertex 26.545481386092035 -25.716172621157373 11.4
    endloop
  endfacet
  facet normal -0.9415440651830238 -0.3368898533922117 7.767483204568895e-19
    outer loop
      vertex 26.545481386092035 -25.716172621157373 12.6
      vertex 26.507461462387976 -25.60991405278015 12.6
      vertex 26.507461462387976 -25.60991405278015 11.4
    endloop
  endfacet
  facet normal 0 0 1
    outer loop
      vertex 23.504852981726295 -26.853635207966693 12.6
      vertex 23.504852981726295 -25.246364792033315 12.6
      vertex 23.435425294962357 -26.659597822234375 12.6
    endloop
  endfacet
  facet normal 0 0 1
    outer loop
      vertex 23.59296534486845 -27.0399331473346 12.6
      vertex 23.59296534486845 -25.060066852665408 12.6
      vertex 23.504852981726295 -26.853635207966693 12.6
    endloop
  endfacet
  facet normal 0 0 1
    outer loop
      vertex 23.59296534486845 -27.0399331473346 12.6
      vertex 23.69891381416465 -27.21669748934117 12.6
      vertex 23.69891381416465 -24.88330251065884 12.6
    endloop
  endfacet
  facet normal 0 0 1
    outer loop
      vertex 24.4550668526654 -27.90203465513155 12.6
      vertex 24.641364792033308 -27.990147018273706 12.6
      vertex 24.631827201635467 -26.863172798364534 12.6
    endloop
  endfacet
  facet normal 0 0 1
    outer loop
      vertex 24.278302510658833 -27.79608618583535 12.6
      vertex 24.4550668526654 -27.90203465513155 12.6
      vertex 24.43079054599939 -26.5921062473499 12.6
    endloop
  endfacet
  facet normal 0 0 1
    outer loop
      vertex 24.4550668526654 -27.90203465513155 12.6
      vertex 24.631827201635467 -26.863172798364534 12.6
      vertex 24.556037978632848 -26.779552276788195 12.6
    endloop
  endfacet
  facet normal 0 0 1
    outer loop
      vertex 24.4550668526654 -27.90203465513155 12.6
      vertex 24.556037978632848 -26.779552276788195 12.6
      vertex 24.48880994585207 -26.688905767972546 12.6
    endloop
  endfacet
  facet normal 0 0 1
    outer loop
      vertex 24.4550668526654 -27.90203465513155 12.6
      vertex 24.48880994585207 -26.688905767972546 12.6
      vertex 24.43079054599939 -26.5921062473499 12.6
    endloop
  endfacet
  facet normal 0 0 1
    outer loop
      vertex 24.641364792033308 -27.990147018273706 12.6
      vertex 24.715447723211806 -26.938962021367153 12.6
      vertex 24.631827201635467 -26.863172798364534 12.6
    endloop
  endfacet
  facet normal 0 0 1
    outer loop
      vertex 23.82167804793825 -27.38222589674366 12.6
      vertex 23.82167804793825 -24.71777410325635 12.6
      vertex 23.69891381416465 -27.21669748934117 12.6
    endloop
  endfacet
  facet normal 0 0 1
    outer loop
      vertex 23.82167804793825 -27.38222589674366 12.6
      vertex 23.960075759508246 -27.534924240491755 12.6
      vertex 23.960075759508246 -24.565075759508254 12.6
    endloop
  endfacet
  facet normal 0 0 1
    outer loop
      vertex 23.960075759508246 -27.534924240491755 12.6
      vertex 24.112774103256342 -27.67332195206175 12.6
      vertex 24.112774103256342 -24.426678047938257 12.6
    endloop
  endfacet
  facet normal 0 0 1
    outer loop
      vertex 24.278302510658833 -27.79608618583535 12.6
      vertex 24.43079054599939 -26.5921062473499 12.6
      vertex 24.382538537612017 -26.490085947219857 12.6
    endloop
  endfacet
  facet normal 0 0 1
    outer loop
      vertex 24.278302510658833 -27.79608618583535 12.6
      vertex 24.382538537612017 -26.490085947219857 12.6
      vertex 24.344518613907958 -26.383827378842636 12.6
    endloop
  endfacet
  facet normal 0 0 1
    outer loop
      vertex 24.278302510658833 -27.79608618583535 12.6
      vertex 24.344518613907958 -26.383827378842636 12.6
      vertex 24.317096927536284 -26.274353870318553 12.6
    endloop
  endfacet
  facet normal 0 0 1
    outer loop
      vertex 24.278302510658833 -27.79608618583535 12.6
      vertex 24.317096927536284 -26.274353870318553 12.6
      vertex 24.30053756432697 -26.162719711378998 12.6
    endloop
  endfacet
  facet normal 0 0 1
    outer loop
      vertex 24.278302510658833 -27.79608618583535 12.6
      vertex 24.30053756432697 -26.162719711378998 12.6
      vertex 24.294999999999998 -26.050000000000004 12.6
    endloop
  endfacet
  facet normal 0 0 1
    outer loop
      vertex 24.112774103256342 -27.67332195206175 12.6
      vertex 24.278302510658833 -27.79608618583535 12.6
      vertex 24.278302510658833 -24.30391381416466 12.6
    endloop
  endfacet
  facet normal 0 0 1
    outer loop
      vertex 24.835402177765626 -28.059574705037644 12.6
      vertex 24.806094232027455 -27.006190054147932 12.6
      vertex 24.641364792033308 -27.990147018273706 12.6
    endloop
  endfacet
  facet normal 0 0 1
    outer loop
      vertex 24.835402177765626 -28.059574705037644 12.6
      vertex 25.035310323766126 -28.109649088846787 12.6
      vertex 25.004914052780144 -27.112461462387984 12.6
    endloop
  endfacet
  facet normal 0 0 1
    outer loop
      vertex 24.641364792033308 -27.990147018273706 12.6
      vertex 24.806094232027455 -27.006190054147932 12.6
      vertex 24.715447723211806 -26.938962021367153 12.6
    endloop
  endfacet
  facet normal 0 0 1
    outer loop
      vertex 24.835402177765626 -28.059574705037644 12.6
      vertex 24.9028937526501 -27.06420945400061 12.6
      vertex 24.806094232027455 -27.006190054147932 12.6
    endloop
  endfacet
  facet normal 0 0 1
    outer loop
      vertex 24.835402177765626 -28.059574705037644 12.6
      vertex 25.004914052780144 -27.112461462387984 12.6
      vertex 24.9028937526501 -27.06420945400061 12.6
    endloop
  endfacet
  facet normal 0 0 1
    outer loop
      vertex 25.035310323766126 -28.109649088846787 12.6
      vertex 25.111172621157365 -27.150481386092043 12.6
      vertex 25.004914052780144 -27.112461462387984 12.6
    endloop
  endfacet
  facet normal 0 0 1
    outer loop
      vertex 25.035310323766126 -28.109649088846787 12.6
      vertex 25.220646129681448 -27.17790307246372 12.6
      vertex 25.111172621157365 -27.150481386092043 12.6
    endloop
  endfacet
  facet normal 0 0 1
    outer loop
      vertex 25.035310323766126 -28.109649088846787 12.6
      vertex 25.23916400530792 -28.139887926011617 12.6
      vertex 25.220646129681448 -27.17790307246372 12.6
    endloop
  endfacet
  facet normal 0 0 1
    outer loop
      vertex 25.23916400530792 -28.139887926011617 12.6
      vertex 25.332280288621003 -27.19446243567303 12.6
      vertex 25.220646129681448 -27.17790307246372 12.6
    endloop
  endfacet
  facet normal 0 0 1
    outer loop
      vertex 25.23916400530792 -28.139887926011617 12.6
      vertex 25.444999999999997 -27.200000000000003 12.6
      vertex 25.332280288621003 -27.19446243567303 12.6
    endloop
  endfacet
  facet normal 0 0 1
    outer loop
      vertex 25.23916400530792 -28.139887926011617 12.6
      vertex 25.444999999999997 -28.150000000000006 12.6
      vertex 25.444999999999997 -27.200000000000003 12.6
    endloop
  endfacet
  facet normal 0 0 1
    outer loop
      vertex 25.444999999999997 -28.150000000000006 12.6
      vertex 25.650835994692073 -28.139887926011617 12.6
      vertex 25.444999999999997 -27.200000000000003 12.6
    endloop
  endfacet
  facet normal 0 0 1
    outer loop
      vertex 25.650835994692073 -28.139887926011617 12.6
      vertex 25.55771971137899 -27.19446243567303 12.6
      vertex 25.444999999999997 -27.200000000000003 12.6
    endloop
  endfacet
  facet normal 0.803207531480643 0.5956993044924358 -1.1049566853559349e-17
    outer loop
      vertex 23.82167804793825 -27.38222589674366 12.6
      vertex 23.69891381416465 -27.21669748934117 12.6
      vertex 23.69891381416465 -27.21669748934117 13
    endloop
  endfacet
  facet normal 0.8577286100002671 0.5141027441932301 0
    outer loop
      vertex 23.59296534486845 -27.0399331473346 12.6
      vertex 23.59296534486845 -27.0399331473346 13
      vertex 23.69891381416465 -27.21669748934117 12.6
    endloop
  endfacet
  facet normal 0.94154406518302 0.33688985339222244 2.1755200278948723e-18
    outer loop
      vertex 23.504852981726295 -26.853635207966693 12.6
      vertex 23.435425294962357 -26.659597822234375 12.6
      vertex 23.435425294962357 -26.659597822234375 13
    endloop
  endfacet
  facet normal 0.903989293123447 0.4275550934302745 4.133229583745467e-18
    outer loop
      vertex 23.59296534486845 -27.0399331473346 12.6
      vertex 23.504852981726295 -26.853635207966693 12.6
      vertex 23.504852981726295 -26.853635207966693 13
    endloop
  endfacet
  facet normal 0.9700312531945459 0.24298017990325613 4.694574365439437e-18
    outer loop
      vertex 23.435425294962357 -26.659597822234375 12.6
      vertex 23.385350911153214 -26.459689676233875 12.6
      vertex 23.385350911153214 -26.459689676233875 13
    endloop
  endfacet
  facet normal 0.9891765099647803 0.14673047445536522 3.3827700802532452e-18
    outer loop
      vertex 23.385350911153214 -26.459689676233875 12.6
      vertex 23.355112073988384 -26.25583599469208 12.6
      vertex 23.355112073988384 -26.25583599469208 13
    endloop
  endfacet
  facet normal 0.8577286100002671 0.5141027441932301 0
    outer loop
      vertex 23.69891381416465 -27.21669748934117 12.6
      vertex 23.59296534486845 -27.0399331473346 13
      vertex 23.69891381416465 -27.21669748934117 13
    endloop
  endfacet
  facet normal 0.94154406518302 0.33688985339222244 0
    outer loop
      vertex 23.504852981726295 -26.853635207966693 12.6
      vertex 23.435425294962357 -26.659597822234375 13
      vertex 23.504852981726295 -26.853635207966693 13
    endloop
  endfacet
  facet normal 0.903989293123447 0.4275550934302745 0
    outer loop
      vertex 23.59296534486845 -27.0399331473346 12.6
      vertex 23.504852981726295 -26.853635207966693 13
      vertex 23.59296534486845 -27.0399331473346 13
    endloop
  endfacet
  facet normal 0.9700312531945459 0.24298017990325613 0
    outer loop
      vertex 23.435425294962357 -26.659597822234375 12.6
      vertex 23.385350911153214 -26.459689676233875 13
      vertex 23.435425294962357 -26.659597822234375 13
    endloop
  endfacet
  facet normal 0.9891765099647803 0.14673047445536522 0
    outer loop
      vertex 23.385350911153214 -26.459689676233875 12.6
      vertex 23.355112073988384 -26.25583599469208 13
      vertex 23.385350911153214 -26.459689676233875 13
    endloop
  endfacet
  facet normal 0.4275550934302745 0.903989293123447 0
    outer loop
      vertex 24.4550668526654 -27.90203465513155 12.6
      vertex 24.4550668526654 -27.90203465513155 13
      vertex 24.641364792033308 -27.990147018273706 12.6
    endloop
  endfacet
  facet normal 0.33688985339222244 0.94154406518302 2.1755200278948723e-18
    outer loop
      vertex 24.835402177765626 -28.059574705037644 12.6
      vertex 24.641364792033308 -27.990147018273706 12.6
      vertex 24.641364792033308 -27.990147018273706 13
    endloop
  endfacet
  facet normal 0.24298017990325613 0.9700312531945459 0
    outer loop
      vertex 24.835402177765626 -28.059574705037644 12.6
      vertex 24.835402177765626 -28.059574705037644 13
      vertex 25.035310323766126 -28.109649088846787 12.6
    endloop
  endfacet
  facet normal 0.14673047445536522 0.9891765099647803 0
    outer loop
      vertex 25.035310323766126 -28.109649088846787 12.6
      vertex 25.035310323766126 -28.109649088846787 13
      vertex 25.23916400530792 -28.139887926011617 12.6
    endloop
  endfacet
  facet normal 0.04906767432742621 0.9987954562051721 0
    outer loop
      vertex 25.23916400530792 -28.139887926011617 12.6
      vertex 25.23916400530792 -28.139887926011617 13
      vertex 25.444999999999997 -28.150000000000006 12.6
    endloop
  endfacet
  facet normal -0.04906767432742621 0.9987954562051721 0
    outer loop
      vertex 25.444999999999997 -28.150000000000006 12.6
      vertex 25.444999999999997 -28.150000000000006 13
      vertex 25.650835994692073 -28.139887926011617 12.6
    endloop
  endfacet
  facet normal 0.4275550934302745 0.903989293123447 0
    outer loop
      vertex 24.641364792033308 -27.990147018273706 12.6
      vertex 24.4550668526654 -27.90203465513155 13
      vertex 24.641364792033308 -27.990147018273706 13
    endloop
  endfacet
  facet normal 0.33688985339222244 0.94154406518302 0
    outer loop
      vertex 24.835402177765626 -28.059574705037644 12.6
      vertex 24.641364792033308 -27.990147018273706 13
      vertex 24.835402177765626 -28.059574705037644 13
    endloop
  endfacet
  facet normal 0.24298017990325613 0.9700312531945459 0
    outer loop
      vertex 25.035310323766126 -28.109649088846787 12.6
      vertex 24.835402177765626 -28.059574705037644 13
      vertex 25.035310323766126 -28.109649088846787 13
    endloop
  endfacet
  facet normal 0.14673047445536522 0.9891765099647803 0
    outer loop
      vertex 25.23916400530792 -28.139887926011617 12.6
      vertex 25.035310323766126 -28.109649088846787 13
      vertex 25.23916400530792 -28.139887926011617 13
    endloop
  endfacet
  facet normal 0.04906767432742621 0.9987954562051721 0
    outer loop
      vertex 25.444999999999997 -28.150000000000006 12.6
      vertex 25.23916400530792 -28.139887926011617 13
      vertex 25.444999999999997 -28.150000000000006 13
    endloop
  endfacet
  facet normal -0.04906767432742621 0.9987954562051721 0
    outer loop
      vertex 25.650835994692073 -28.139887926011617 12.6
      vertex 25.444999999999997 -28.150000000000006 13
      vertex 25.650835994692073 -28.139887926011617 13
    endloop
  endfacet
  facet normal 0.5956993044924358 0.803207531480643 0
    outer loop
      vertex 24.112774103256342 -27.67332195206175 12.6
      vertex 24.112774103256342 -27.67332195206175 13
      vertex 24.278302510658833 -27.79608618583535 12.6
    endloop
  endfacet
  facet normal 0.6715589548470127 0.7409511253549644 0
    outer loop
      vertex 23.960075759508246 -27.534924240491755 12.6
      vertex 23.960075759508246 -27.534924240491755 13
      vertex 24.112774103256342 -27.67332195206175 12.6
    endloop
  endfacet
  facet normal 0.7409511253549644 0.6715589548470127 0
    outer loop
      vertex 23.82167804793825 -27.38222589674366 12.6
      vertex 23.82167804793825 -27.38222589674366 13
      vertex 23.960075759508246 -27.534924240491755 12.6
    endloop
  endfacet
  facet normal 0.5141027441932301 0.8577286100002671 0
    outer loop
      vertex 24.278302510658833 -27.79608618583535 12.6
      vertex 24.278302510658833 -27.79608618583535 13
      vertex 24.4550668526654 -27.90203465513155 12.6
    endloop
  endfacet
  facet normal 0.7409511253549644 0.6715589548470127 0
    outer loop
      vertex 23.960075759508246 -27.534924240491755 12.6
      vertex 23.82167804793825 -27.38222589674366 13
      vertex 23.960075759508246 -27.534924240491755 13
    endloop
  endfacet
  facet normal 0.6715589548470127 0.7409511253549644 0
    outer loop
      vertex 24.112774103256342 -27.67332195206175 12.6
      vertex 23.960075759508246 -27.534924240491755 13
      vertex 24.112774103256342 -27.67332195206175 13
    endloop
  endfacet
  facet normal 0.803207531480643 0.5956993044924358 0
    outer loop
      vertex 23.82167804793825 -27.38222589674366 12.6
      vertex 23.69891381416465 -27.21669748934117 13
      vertex 23.82167804793825 -27.38222589674366 13
    endloop
  endfacet
  facet normal 0.5956993044924358 0.803207531480643 0
    outer loop
      vertex 24.278302510658833 -27.79608618583535 12.6
      vertex 24.112774103256342 -27.67332195206175 13
      vertex 24.278302510658833 -27.79608618583535 13
    endloop
  endfacet
  facet normal 0.5141027441932301 0.8577286100002671 0
    outer loop
      vertex 24.4550668526654 -27.90203465513155 12.6
      vertex 24.278302510658833 -27.79608618583535 13
      vertex 24.4550668526654 -27.90203465513155 13
    endloop
  endfacet
  facet normal 0 0 1
    outer loop
      vertex 23.435425294962357 -26.659597822234375 12.6
      vertex 23.435425294962357 -25.440402177765634 12.6
      vertex 23.385350911153214 -26.459689676233875 12.6
    endloop
  endfacet
  facet normal 0 0 1
    outer loop
      vertex 23.385350911153214 -26.459689676233875 12.6
      vertex 23.385350911153214 -25.640310323766133 12.6
      vertex 23.355112073988384 -26.25583599469208 12.6
    endloop
  endfacet
  facet normal 0 0 1
    outer loop
      vertex 23.355112073988384 -26.25583599469208 12.6
      vertex 23.355112073988384 -25.844164005307928 12.6
      vertex 23.344999999999995 -26.050000000000004 12.6
    endloop
  endfacet
  facet normal 0 0 1
    outer loop
      vertex 23.355112073988384 -26.25583599469208 12.6
      vertex 23.385350911153214 -25.640310323766133 12.6
      vertex 23.355112073988384 -25.844164005307928 12.6
    endloop
  endfacet
  facet normal 0 0 1
    outer loop
      vertex 23.385350911153214 -26.459689676233875 12.6
      vertex 23.435425294962357 -25.440402177765634 12.6
      vertex 23.385350911153214 -25.640310323766133 12.6
    endloop
  endfacet
  facet normal 0 0 1
    outer loop
      vertex 23.435425294962357 -26.659597822234375 12.6
      vertex 23.504852981726295 -25.246364792033315 12.6
      vertex 23.435425294962357 -25.440402177765634 12.6
    endloop
  endfacet
  facet normal 0 0 1
    outer loop
      vertex 23.504852981726295 -26.853635207966693 12.6
      vertex 23.59296534486845 -25.060066852665408 12.6
      vertex 23.504852981726295 -25.246364792033315 12.6
    endloop
  endfacet
  facet normal 0 0 1
    outer loop
      vertex 23.59296534486845 -27.0399331473346 12.6
      vertex 23.69891381416465 -24.88330251065884 12.6
      vertex 23.59296534486845 -25.060066852665408 12.6
    endloop
  endfacet
  facet normal 0 0 1
    outer loop
      vertex 23.69891381416465 -27.21669748934117 12.6
      vertex 23.82167804793825 -24.71777410325635 12.6
      vertex 23.69891381416465 -24.88330251065884 12.6
    endloop
  endfacet
  facet normal 0 0 1
    outer loop
      vertex 23.82167804793825 -27.38222589674366 12.6
      vertex 23.960075759508246 -24.565075759508254 12.6
      vertex 23.82167804793825 -24.71777410325635 12.6
    endloop
  endfacet
  facet normal 0 0 1
    outer loop
      vertex 23.960075759508246 -27.534924240491755 12.6
      vertex 24.112774103256342 -24.426678047938257 12.6
      vertex 23.960075759508246 -24.565075759508254 12.6
    endloop
  endfacet
  facet normal 0 0 1
    outer loop
      vertex 24.112774103256342 -27.67332195206175 12.6
      vertex 24.278302510658833 -24.30391381416466 12.6
      vertex 24.112774103256342 -24.426678047938257 12.6
    endloop
  endfacet
  facet normal 0 0 1
    outer loop
      vertex 24.278302510658833 -27.79608618583535 12.6
      vertex 24.294999999999998 -26.050000000000004 12.6
      vertex 24.278302510658833 -24.30391381416466 12.6
    endloop
  endfacet
  facet normal 0 0 1
    outer loop
      vertex 24.294999999999998 -26.050000000000004 12.6
      vertex 24.30053756432697 -25.93728028862101 12.6
      vertex 24.278302510658833 -24.30391381416466 12.6
    endloop
  endfacet
  facet normal 0 0 1
    outer loop
      vertex 24.30053756432697 -25.93728028862101 12.6
      vertex 24.317096927536284 -25.825646129681456 12.6
      vertex 24.278302510658833 -24.30391381416466 12.6
    endloop
  endfacet
  facet normal 0 0 1
    outer loop
      vertex 24.317096927536284 -25.825646129681456 12.6
      vertex 24.344518613907958 -25.716172621157373 12.6
      vertex 24.278302510658833 -24.30391381416466 12.6
    endloop
  endfacet
  facet normal 0 0 1
    outer loop
      vertex 24.344518613907958 -25.716172621157373 12.6
      vertex 24.382538537612017 -25.60991405278015 12.6
      vertex 24.278302510658833 -24.30391381416466 12.6
    endloop
  endfacet
  facet normal 0 0 1
    outer loop
      vertex 24.382538537612017 -25.60991405278015 12.6
      vertex 24.43079054599939 -25.50789375265011 12.6
      vertex 24.278302510658833 -24.30391381416466 12.6
    endloop
  endfacet
  facet normal 0 0 1
    outer loop
      vertex 24.43079054599939 -25.50789375265011 12.6
      vertex 24.48880994585207 -25.411094232027462 12.6
      vertex 24.4550668526654 -24.197965344868457 12.6
    endloop
  endfacet
  facet normal 0 0 1
    outer loop
      vertex 24.48880994585207 -25.411094232027462 12.6
      vertex 24.556037978632848 -25.320447723211814 12.6
      vertex 24.4550668526654 -24.197965344868457 12.6
    endloop
  endfacet
  facet normal 0 0 1
    outer loop
      vertex 24.556037978632848 -25.320447723211814 12.6
      vertex 24.631827201635467 -25.236827201635474 12.6
      vertex 24.4550668526654 -24.197965344868457 12.6
    endloop
  endfacet
  facet normal 0 0 1
    outer loop
      vertex 24.43079054599939 -25.50789375265011 12.6
      vertex 24.4550668526654 -24.197965344868457 12.6
      vertex 24.278302510658833 -24.30391381416466 12.6
    endloop
  endfacet
  facet normal 0 0 1
    outer loop
      vertex 24.631827201635467 -25.236827201635474 12.6
      vertex 24.715447723211806 -25.161037978632855 12.6
      vertex 24.641364792033308 -24.109852981726302 12.6
    endloop
  endfacet
  facet normal 0 0 1
    outer loop
      vertex 24.631827201635467 -25.236827201635474 12.6
      vertex 24.641364792033308 -24.109852981726302 12.6
      vertex 24.4550668526654 -24.197965344868457 12.6
    endloop
  endfacet
  facet normal 0 0 1
    outer loop
      vertex 24.715447723211806 -25.161037978632855 12.6
      vertex 24.806094232027455 -25.093809945852076 12.6
      vertex 24.641364792033308 -24.109852981726302 12.6
    endloop
  endfacet
  facet normal 0 0 1
    outer loop
      vertex 24.806094232027455 -25.093809945852076 12.6
      vertex 24.9028937526501 -25.035790545999397 12.6
      vertex 24.835402177765626 -24.040425294962365 12.6
    endloop
  endfacet
  facet normal 0 0 1
    outer loop
      vertex 24.9028937526501 -25.035790545999397 12.6
      vertex 25.004914052780144 -24.987538537612025 12.6
      vertex 24.835402177765626 -24.040425294962365 12.6
    endloop
  endfacet
  facet normal 0 0 1
    outer loop
      vertex 25.004914052780144 -24.987538537612025 12.6
      vertex 25.111172621157365 -24.949518613907966 12.6
      vertex 25.035310323766126 -23.99035091115322 12.6
    endloop
  endfacet
  facet normal 0 0 1
    outer loop
      vertex 25.111172621157365 -24.949518613907966 12.6
      vertex 25.220646129681448 -24.922096927536288 12.6
      vertex 25.035310323766126 -23.99035091115322 12.6
    endloop
  endfacet
  facet normal 0 0 1
    outer loop
      vertex 25.220646129681448 -24.922096927536288 12.6
      vertex 25.332280288621003 -24.905537564326977 12.6
      vertex 25.23916400530792 -23.96011207398839 12.6
    endloop
  endfacet
  facet normal 0 0 1
    outer loop
      vertex 25.332280288621003 -24.905537564326977 12.6
      vertex 25.444999999999997 -24.900000000000006 12.6
      vertex 25.23916400530792 -23.96011207398839 12.6
    endloop
  endfacet
  facet normal 0 0 1
    outer loop
      vertex 25.444999999999997 -24.900000000000006 12.6
      vertex 25.55771971137899 -24.905537564326977 12.6
      vertex 25.650835994692073 -23.96011207398839 12.6
    endloop
  endfacet
  facet normal 0 0 1
    outer loop
      vertex 24.806094232027455 -25.093809945852076 12.6
      vertex 24.835402177765626 -24.040425294962365 12.6
      vertex 24.641364792033308 -24.109852981726302 12.6
    endloop
  endfacet
  facet normal 0 0 1
    outer loop
      vertex 25.004914052780144 -24.987538537612025 12.6
      vertex 25.035310323766126 -23.99035091115322 12.6
      vertex 24.835402177765626 -24.040425294962365 12.6
    endloop
  endfacet
  facet normal 0 0 1
    outer loop
      vertex 25.220646129681448 -24.922096927536288 12.6
      vertex 25.23916400530792 -23.96011207398839 12.6
      vertex 25.035310323766126 -23.99035091115322 12.6
    endloop
  endfacet
  facet normal 0 0 1
    outer loop
      vertex 25.444999999999997 -24.900000000000006 12.6
      vertex 25.444999999999997 -23.950000000000003 12.6
      vertex 25.23916400530792 -23.96011207398839 12.6
    endloop
  endfacet
  facet normal 0 0 1
    outer loop
      vertex 25.444999999999997 -24.900000000000006 12.6
      vertex 25.650835994692073 -23.96011207398839 12.6
      vertex 25.444999999999997 -23.950000000000003 12.6
    endloop
  endfacet
  facet normal 0.9987954562051721 0.04906767432742621 1.817904219381596e-18
    outer loop
      vertex 23.355112073988384 -26.25583599469208 12.6
      vertex 23.344999999999995 -26.050000000000004 12.6
      vertex 23.344999999999995 -26.050000000000004 13
    endloop
  endfacet
  facet normal 0.9987954562051721 -0.04906767432742621 -1.817904219381596e-18
    outer loop
      vertex 23.344999999999995 -26.050000000000004 12.6
      vertex 23.355112073988384 -25.844164005307928 12.6
      vertex 23.355112073988384 -25.844164005307928 13
    endloop
  endfacet
  facet normal 0.9891765099647803 -0.14673047445536522 -3.3827700802532452e-18
    outer loop
      vertex 23.355112073988384 -25.844164005307928 12.6
      vertex 23.385350911153214 -25.640310323766133 12.6
      vertex 23.385350911153214 -25.640310323766133 13
    endloop
  endfacet
  facet normal 0.9700312531945459 -0.24298017990325613 -4.694574365439437e-18
    outer loop
      vertex 23.385350911153214 -25.640310323766133 12.6
      vertex 23.435425294962357 -25.440402177765634 12.6
      vertex 23.435425294962357 -25.440402177765634 13
    endloop
  endfacet
  facet normal 0.94154406518302 -0.33688985339222244 -2.1755200278948723e-18
    outer loop
      vertex 23.435425294962357 -25.440402177765634 12.6
      vertex 23.504852981726295 -25.246364792033315 12.6
      vertex 23.504852981726295 -25.246364792033315 13
    endloop
  endfacet
  facet normal 0.903989293123447 -0.4275550934302745 -4.133229583745467e-18
    outer loop
      vertex 23.504852981726295 -25.246364792033315 12.6
      vertex 23.59296534486845 -25.060066852665408 12.6
      vertex 23.59296534486845 -25.060066852665408 13
    endloop
  endfacet
  facet normal 0.8577286100002671 -0.5141027441932301 7.579180747041786e-18
    outer loop
      vertex 23.59296534486845 -25.060066852665408 12.6
      vertex 23.69891381416465 -24.88330251065884 12.6
      vertex 23.69891381416465 -24.88330251065884 13
    endloop
  endfacet
  facet normal 0.9987954562051721 0.04906767432742621 0
    outer loop
      vertex 23.355112073988384 -26.25583599469208 12.6
      vertex 23.344999999999995 -26.050000000000004 13
      vertex 23.355112073988384 -26.25583599469208 13
    endloop
  endfacet
  facet normal 0.9987954562051721 -0.04906767432742621 0
    outer loop
      vertex 23.344999999999995 -26.050000000000004 12.6
      vertex 23.355112073988384 -25.844164005307928 13
      vertex 23.344999999999995 -26.050000000000004 13
    endloop
  endfacet
  facet normal 0.9891765099647803 -0.14673047445536522 0
    outer loop
      vertex 23.355112073988384 -25.844164005307928 12.6
      vertex 23.385350911153214 -25.640310323766133 13
      vertex 23.355112073988384 -25.844164005307928 13
    endloop
  endfacet
  facet normal 0.9700312531945459 -0.24298017990325613 0
    outer loop
      vertex 23.385350911153214 -25.640310323766133 12.6
      vertex 23.435425294962357 -25.440402177765634 13
      vertex 23.385350911153214 -25.640310323766133 13
    endloop
  endfacet
  facet normal 0.94154406518302 -0.33688985339222244 0
    outer loop
      vertex 23.435425294962357 -25.440402177765634 12.6
      vertex 23.504852981726295 -25.246364792033315 13
      vertex 23.435425294962357 -25.440402177765634 13
    endloop
  endfacet
  facet normal 0.903989293123447 -0.4275550934302745 0
    outer loop
      vertex 23.504852981726295 -25.246364792033315 12.6
      vertex 23.59296534486845 -25.060066852665408 13
      vertex 23.504852981726295 -25.246364792033315 13
    endloop
  endfacet
  facet normal 0.8577286100002671 -0.5141027441932301 0
    outer loop
      vertex 23.59296534486845 -25.060066852665408 12.6
      vertex 23.69891381416465 -24.88330251065884 13
      vertex 23.59296534486845 -25.060066852665408 13
    endloop
  endfacet
  facet normal 0.803207531480643 -0.5956993044924358 0
    outer loop
      vertex 23.69891381416465 -24.88330251065884 12.6
      vertex 23.82167804793825 -24.71777410325635 13
      vertex 23.69891381416465 -24.88330251065884 13
    endloop
  endfacet
  facet normal 0.803207531480643 -0.5956993044924358 1.1049566853559349e-17
    outer loop
      vertex 23.69891381416465 -24.88330251065884 12.6
      vertex 23.82167804793825 -24.71777410325635 12.6
      vertex 23.82167804793825 -24.71777410325635 13
    endloop
  endfacet
  facet normal 0.7409511253549644 -0.6715589548470127 6.9024631916326576e-18
    outer loop
      vertex 23.82167804793825 -24.71777410325635 12.6
      vertex 23.960075759508246 -24.565075759508254 12.6
      vertex 23.960075759508246 -24.565075759508254 13
    endloop
  endfacet
  facet normal 0.6715589548470127 -0.7409511253549644 6.9024631916326576e-18
    outer loop
      vertex 23.960075759508246 -24.565075759508254 12.6
      vertex 24.112774103256342 -24.426678047938257 12.6
      vertex 24.112774103256342 -24.426678047938257 13
    endloop
  endfacet
  facet normal 0.7409511253549644 -0.6715589548470127 0
    outer loop
      vertex 23.82167804793825 -24.71777410325635 12.6
      vertex 23.960075759508246 -24.565075759508254 13
      vertex 23.82167804793825 -24.71777410325635 13
    endloop
  endfacet
  facet normal 0.6715589548470127 -0.7409511253549644 0
    outer loop
      vertex 23.960075759508246 -24.565075759508254 12.6
      vertex 24.112774103256342 -24.426678047938257 13
      vertex 23.960075759508246 -24.565075759508254 13
    endloop
  endfacet
  facet normal 0.5956993044924358 -0.803207531480643 1.1049566853559349e-17
    outer loop
      vertex 24.112774103256342 -24.426678047938257 12.6
      vertex 24.278302510658833 -24.30391381416466 12.6
      vertex 24.278302510658833 -24.30391381416466 13
    endloop
  endfacet
  facet normal 0.5141027441932301 -0.8577286100002671 7.579180747041786e-18
    outer loop
      vertex 24.278302510658833 -24.30391381416466 12.6
      vertex 24.4550668526654 -24.197965344868457 12.6
      vertex 24.4550668526654 -24.197965344868457 13
    endloop
  endfacet
  facet normal 0.4275550934302745 -0.903989293123447 -4.133229583745467e-18
    outer loop
      vertex 24.4550668526654 -24.197965344868457 12.6
      vertex 24.641364792033308 -24.109852981726302 12.6
      vertex 24.641364792033308 -24.109852981726302 13
    endloop
  endfacet
  facet normal 0.33688985339222244 -0.94154406518302 -2.1755200278948723e-18
    outer loop
      vertex 24.641364792033308 -24.109852981726302 12.6
      vertex 24.835402177765626 -24.040425294962365 12.6
      vertex 24.835402177765626 -24.040425294962365 13
    endloop
  endfacet
  facet normal 0.24298017990325613 -0.9700312531945459 -4.694574365439437e-18
    outer loop
      vertex 24.835402177765626 -24.040425294962365 12.6
      vertex 25.035310323766126 -23.99035091115322 12.6
      vertex 25.035310323766126 -23.99035091115322 13
    endloop
  endfacet
  facet normal 0.14673047445536522 -0.9891765099647803 -3.3827700802532452e-18
    outer loop
      vertex 25.035310323766126 -23.99035091115322 12.6
      vertex 25.23916400530792 -23.96011207398839 12.6
      vertex 25.23916400530792 -23.96011207398839 13
    endloop
  endfacet
  facet normal 0.04906767432742621 -0.9987954562051721 -1.817904219381596e-18
    outer loop
      vertex 25.23916400530792 -23.96011207398839 12.6
      vertex 25.444999999999997 -23.950000000000003 12.6
      vertex 25.444999999999997 -23.950000000000003 13
    endloop
  endfacet
  facet normal -0.04906767432742621 -0.9987954562051721 1.817904219381596e-18
    outer loop
      vertex 25.444999999999997 -23.950000000000003 12.6
      vertex 25.650835994692073 -23.96011207398839 12.6
      vertex 25.650835994692073 -23.96011207398839 13
    endloop
  endfacet
  facet normal 0.5956993044924358 -0.803207531480643 0
    outer loop
      vertex 24.112774103256342 -24.426678047938257 12.6
      vertex 24.278302510658833 -24.30391381416466 13
      vertex 24.112774103256342 -24.426678047938257 13
    endloop
  endfacet
  facet normal 0.5141027441932301 -0.8577286100002671 0
    outer loop
      vertex 24.278302510658833 -24.30391381416466 12.6
      vertex 24.4550668526654 -24.197965344868457 13
      vertex 24.278302510658833 -24.30391381416466 13
    endloop
  endfacet
  facet normal 0.4275550934302745 -0.903989293123447 0
    outer loop
      vertex 24.4550668526654 -24.197965344868457 12.6
      vertex 24.641364792033308 -24.109852981726302 13
      vertex 24.4550668526654 -24.197965344868457 13
    endloop
  endfacet
  facet normal 0.33688985339222244 -0.94154406518302 0
    outer loop
      vertex 24.641364792033308 -24.109852981726302 12.6
      vertex 24.835402177765626 -24.040425294962365 13
      vertex 24.641364792033308 -24.109852981726302 13
    endloop
  endfacet
  facet normal 0.24298017990325613 -0.9700312531945459 0
    outer loop
      vertex 24.835402177765626 -24.040425294962365 12.6
      vertex 25.035310323766126 -23.99035091115322 13
      vertex 24.835402177765626 -24.040425294962365 13
    endloop
  endfacet
  facet normal 0.14673047445536522 -0.9891765099647803 0
    outer loop
      vertex 25.035310323766126 -23.99035091115322 12.6
      vertex 25.23916400530792 -23.96011207398839 13
      vertex 25.035310323766126 -23.99035091115322 13
    endloop
  endfacet
  facet normal 0.04906767432742621 -0.9987954562051721 0
    outer loop
      vertex 25.23916400530792 -23.96011207398839 12.6
      vertex 25.444999999999997 -23.950000000000003 13
      vertex 25.23916400530792 -23.96011207398839 13
    endloop
  endfacet
  facet normal -0.04906767432742621 -0.9987954562051721 0
    outer loop
      vertex 25.444999999999997 -23.950000000000003 12.6
      vertex 25.650835994692073 -23.96011207398839 13
      vertex 25.444999999999997 -23.950000000000003 13
    endloop
  endfacet
  facet normal 0 0 1
    outer loop
      vertex 25.650835994692073 -28.139887926011617 12.6
      vertex 25.854689676233868 -28.109649088846787 12.6
      vertex 25.669353870318545 -27.17790307246372 12.6
    endloop
  endfacet
  facet normal 0 0 1
    outer loop
      vertex 25.650835994692073 -28.139887926011617 12.6
      vertex 25.669353870318545 -27.17790307246372 12.6
      vertex 25.55771971137899 -27.19446243567303 12.6
    endloop
  endfacet
  facet normal 0 0 1
    outer loop
      vertex 25.854689676233868 -28.109649088846787 12.6
      vertex 26.054597822234367 -28.059574705037644 12.6
      vertex 25.88508594721985 -27.112461462387984 12.6
    endloop
  endfacet
  facet normal 0 0 1
    outer loop
      vertex 25.669353870318545 -27.17790307246372 12.6
      vertex 25.854689676233868 -28.109649088846787 12.6
      vertex 25.778827378842628 -27.150481386092043 12.6
    endloop
  endfacet
  facet normal 0 0 1
    outer loop
      vertex 25.778827378842628 -27.150481386092043 12.6
      vertex 25.854689676233868 -28.109649088846787 12.6
      vertex 25.88508594721985 -27.112461462387984 12.6
    endloop
  endfacet
  facet normal 0 0 1
    outer loop
      vertex 26.054597822234367 -28.059574705037644 12.6
      vertex 25.987106247349892 -27.06420945400061 12.6
      vertex 25.88508594721985 -27.112461462387984 12.6
    endloop
  endfacet
  facet normal 0 0 1
    outer loop
      vertex 26.054597822234367 -28.059574705037644 12.6
      vertex 26.08390576797254 -27.006190054147932 12.6
      vertex 25.987106247349892 -27.06420945400061 12.6
    endloop
  endfacet
  facet normal 0 0 1
    outer loop
      vertex 26.054597822234367 -28.059574705037644 12.6
      vertex 26.248635207966686 -27.990147018273706 12.6
      vertex 26.08390576797254 -27.006190054147932 12.6
    endloop
  endfacet
  facet normal 0 0 1
    outer loop
      vertex 26.248635207966686 -27.990147018273706 12.6
      vertex 26.434933147334593 -27.90203465513155 12.6
      vertex 26.258172798364527 -26.863172798364534 12.6
    endloop
  endfacet
  facet normal 0 0 1
    outer loop
      vertex 26.248635207966686 -27.990147018273706 12.6
      vertex 26.174552276788187 -26.938962021367153 12.6
      vertex 26.08390576797254 -27.006190054147932 12.6
    endloop
  endfacet
  facet normal 0 0 1
    outer loop
      vertex 26.248635207966686 -27.990147018273706 12.6
      vertex 26.258172798364527 -26.863172798364534 12.6
      vertex 26.174552276788187 -26.938962021367153 12.6
    endloop
  endfacet
  facet normal 0 0 1
    outer loop
      vertex 26.434933147334593 -27.90203465513155 12.6
      vertex 26.61169748934116 -27.79608618583535 12.6
      vertex 26.459209454000604 -26.5921062473499 12.6
    endloop
  endfacet
  facet normal 0 0 1
    outer loop
      vertex 26.434933147334593 -27.90203465513155 12.6
      vertex 26.333962021367146 -26.779552276788195 12.6
      vertex 26.258172798364527 -26.863172798364534 12.6
    endloop
  endfacet
  facet normal 0 0 1
    outer loop
      vertex 26.434933147334593 -27.90203465513155 12.6
      vertex 26.401190054147925 -26.688905767972546 12.6
      vertex 26.333962021367146 -26.779552276788195 12.6
    endloop
  endfacet
  facet normal 0 0 1
    outer loop
      vertex 26.434933147334593 -27.90203465513155 12.6
      vertex 26.459209454000604 -26.5921062473499 12.6
      vertex 26.401190054147925 -26.688905767972546 12.6
    endloop
  endfacet
  facet normal 0 0 1
    outer loop
      vertex 26.61169748934116 -27.79608618583535 12.6
      vertex 26.507461462387976 -26.490085947219857 12.6
      vertex 26.459209454000604 -26.5921062473499 12.6
    endloop
  endfacet
  facet normal 0 0 1
    outer loop
      vertex 26.61169748934116 -27.79608618583535 12.6
      vertex 26.545481386092035 -26.383827378842636 12.6
      vertex 26.507461462387976 -26.490085947219857 12.6
    endloop
  endfacet
  facet normal 0 0 1
    outer loop
      vertex 26.61169748934116 -27.79608618583535 12.6
      vertex 26.57290307246371 -26.274353870318553 12.6
      vertex 26.545481386092035 -26.383827378842636 12.6
    endloop
  endfacet
  facet normal 0 0 1
    outer loop
      vertex 26.61169748934116 -27.79608618583535 12.6
      vertex 26.589462435673024 -26.162719711378998 12.6
      vertex 26.57290307246371 -26.274353870318553 12.6
    endloop
  endfacet
  facet normal 0 0 1
    outer loop
      vertex 26.61169748934116 -27.79608618583535 12.6
      vertex 26.594999999999995 -26.050000000000004 12.6
      vertex 26.589462435673024 -26.162719711378998 12.6
    endloop
  endfacet
  facet normal 0 0 1
    outer loop
      vertex 26.61169748934116 -27.79608618583535 12.6
      vertex 26.77722589674365 -27.67332195206175 12.6
      vertex 26.77722589674365 -24.426678047938257 12.6
    endloop
  endfacet
  facet normal 0 0 1
    outer loop
      vertex 26.77722589674365 -27.67332195206175 12.6
      vertex 26.929924240491747 -27.534924240491755 12.6
      vertex 26.929924240491747 -24.565075759508254 12.6
    endloop
  endfacet
  facet normal 0 0 1
    outer loop
      vertex 26.929924240491747 -27.534924240491755 12.6
      vertex 27.068321952061744 -27.38222589674366 12.6
      vertex 27.068321952061744 -24.71777410325635 12.6
    endloop
  endfacet
  facet normal 0 0 1
    outer loop
      vertex 27.068321952061744 -27.38222589674366 12.6
      vertex 27.191086185835342 -27.21669748934117 12.6
      vertex 27.191086185835342 -24.88330251065884 12.6
    endloop
  endfacet
  facet normal 0 0 1
    outer loop
      vertex 27.191086185835342 -27.21669748934117 12.6
      vertex 27.297034655131544 -27.0399331473346 12.6
      vertex 27.297034655131544 -25.060066852665408 12.6
    endloop
  endfacet
  facet normal 0 0 1
    outer loop
      vertex 27.297034655131544 -27.0399331473346 12.6
      vertex 27.3851470182737 -26.853635207966693 12.6
      vertex 27.3851470182737 -25.246364792033315 12.6
    endloop
  endfacet
  facet normal 0 0 1
    outer loop
      vertex 27.3851470182737 -26.853635207966693 12.6
      vertex 27.454574705037636 -26.659597822234375 12.6
      vertex 27.454574705037636 -25.440402177765634 12.6
    endloop
  endfacet
  facet normal 0 0 1
    outer loop
      vertex 27.454574705037636 -26.659597822234375 12.6
      vertex 27.50464908884678 -26.459689676233875 12.6
      vertex 27.50464908884678 -25.640310323766133 12.6
    endloop
  endfacet
  facet normal -0.14673047445536522 0.9891765099647803 0
    outer loop
      vertex 25.650835994692073 -28.139887926011617 12.6
      vertex 25.650835994692073 -28.139887926011617 13
      vertex 25.854689676233868 -28.109649088846787 12.6
    endloop
  endfacet
  facet normal -0.24298017990325613 0.9700312531945459 0
    outer loop
      vertex 25.854689676233868 -28.109649088846787 12.6
      vertex 25.854689676233868 -28.109649088846787 13
      vertex 26.054597822234367 -28.059574705037644 12.6
    endloop
  endfacet
  facet normal -0.33688985339222244 0.94154406518302 0
    outer loop
      vertex 26.054597822234367 -28.059574705037644 12.6
      vertex 26.054597822234367 -28.059574705037644 13
      vertex 26.248635207966686 -27.990147018273706 12.6
    endloop
  endfacet
  facet normal -0.4275550934302745 0.903989293123447 0
    outer loop
      vertex 26.248635207966686 -27.990147018273706 12.6
      vertex 26.248635207966686 -27.990147018273706 13
      vertex 26.434933147334593 -27.90203465513155 12.6
    endloop
  endfacet
  facet normal -0.14673047445536522 0.9891765099647803 0
    outer loop
      vertex 25.854689676233868 -28.109649088846787 12.6
      vertex 25.650835994692073 -28.139887926011617 13
      vertex 25.854689676233868 -28.109649088846787 13
    endloop
  endfacet
  facet normal -0.24298017990325613 0.9700312531945459 0
    outer loop
      vertex 26.054597822234367 -28.059574705037644 12.6
      vertex 25.854689676233868 -28.109649088846787 13
      vertex 26.054597822234367 -28.059574705037644 13
    endloop
  endfacet
  facet normal -0.33688985339222244 0.94154406518302 0
    outer loop
      vertex 26.248635207966686 -27.990147018273706 12.6
      vertex 26.054597822234367 -28.059574705037644 13
      vertex 26.248635207966686 -27.990147018273706 13
    endloop
  endfacet
  facet normal -0.4275550934302745 0.903989293123447 0
    outer loop
      vertex 26.434933147334593 -27.90203465513155 12.6
      vertex 26.248635207966686 -27.990147018273706 13
      vertex 26.434933147334593 -27.90203465513155 13
    endloop
  endfacet
  facet normal -0.5141027441932301 0.8577286100002671 0
    outer loop
      vertex 26.434933147334593 -27.90203465513155 12.6
      vertex 26.434933147334593 -27.90203465513155 13
      vertex 26.61169748934116 -27.79608618583535 12.6
    endloop
  endfacet
  facet normal -0.5956993044924358 0.803207531480643 0
    outer loop
      vertex 26.61169748934116 -27.79608618583535 12.6
      vertex 26.61169748934116 -27.79608618583535 13
      vertex 26.77722589674365 -27.67332195206175 12.6
    endloop
  endfacet
  facet normal -0.6715589548470127 0.7409511253549644 0
    outer loop
      vertex 26.77722589674365 -27.67332195206175 12.6
      vertex 26.77722589674365 -27.67332195206175 13
      vertex 26.929924240491747 -27.534924240491755 12.6
    endloop
  endfacet
  facet normal -0.7409511253549644 0.6715589548470127 0
    outer loop
      vertex 26.929924240491747 -27.534924240491755 12.6
      vertex 26.929924240491747 -27.534924240491755 13
      vertex 27.068321952061744 -27.38222589674366 12.6
    endloop
  endfacet
  facet normal -0.803207531480643 0.5956993044924358 0
    outer loop
      vertex 27.068321952061744 -27.38222589674366 12.6
      vertex 27.068321952061744 -27.38222589674366 13
      vertex 27.191086185835342 -27.21669748934117 12.6
    endloop
  endfacet
  facet normal -0.8577286100002671 0.5141027441932301 0
    outer loop
      vertex 27.191086185835342 -27.21669748934117 12.6
      vertex 27.191086185835342 -27.21669748934117 13
      vertex 27.297034655131544 -27.0399331473346 12.6
    endloop
  endfacet
  facet normal -0.903989293123447 0.4275550934302745 0
    outer loop
      vertex 27.297034655131544 -27.0399331473346 12.6
      vertex 27.297034655131544 -27.0399331473346 13
      vertex 27.3851470182737 -26.853635207966693 12.6
    endloop
  endfacet
  facet normal -0.94154406518302 0.33688985339222244 0
    outer loop
      vertex 27.3851470182737 -26.853635207966693 12.6
      vertex 27.3851470182737 -26.853635207966693 13
      vertex 27.454574705037636 -26.659597822234375 12.6
    endloop
  endfacet
  facet normal -0.5141027441932301 0.8577286100002671 0
    outer loop
      vertex 26.61169748934116 -27.79608618583535 12.6
      vertex 26.434933147334593 -27.90203465513155 13
      vertex 26.61169748934116 -27.79608618583535 13
    endloop
  endfacet
  facet normal -0.5956993044924358 0.803207531480643 0
    outer loop
      vertex 26.77722589674365 -27.67332195206175 12.6
      vertex 26.61169748934116 -27.79608618583535 13
      vertex 26.77722589674365 -27.67332195206175 13
    endloop
  endfacet
  facet normal -0.6715589548470127 0.7409511253549644 0
    outer loop
      vertex 26.929924240491747 -27.534924240491755 12.6
      vertex 26.77722589674365 -27.67332195206175 13
      vertex 26.929924240491747 -27.534924240491755 13
    endloop
  endfacet
  facet normal -0.7409511253549644 0.6715589548470127 0
    outer loop
      vertex 27.068321952061744 -27.38222589674366 12.6
      vertex 26.929924240491747 -27.534924240491755 13
      vertex 27.068321952061744 -27.38222589674366 13
    endloop
  endfacet
  facet normal -0.803207531480643 0.5956993044924358 0
    outer loop
      vertex 27.191086185835342 -27.21669748934117 12.6
      vertex 27.068321952061744 -27.38222589674366 13
      vertex 27.191086185835342 -27.21669748934117 13
    endloop
  endfacet
  facet normal -0.8577286100002671 0.5141027441932301 0
    outer loop
      vertex 27.297034655131544 -27.0399331473346 12.6
      vertex 27.191086185835342 -27.21669748934117 13
      vertex 27.297034655131544 -27.0399331473346 13
    endloop
  endfacet
  facet normal -0.903989293123447 0.4275550934302745 0
    outer loop
      vertex 27.3851470182737 -26.853635207966693 12.6
      vertex 27.297034655131544 -27.0399331473346 13
      vertex 27.3851470182737 -26.853635207966693 13
    endloop
  endfacet
  facet normal -0.9700312531945459 0.24298017990325613 0
    outer loop
      vertex 27.454574705037636 -26.659597822234375 12.6
      vertex 27.454574705037636 -26.659597822234375 13
      vertex 27.50464908884678 -26.459689676233875 12.6
    endloop
  endfacet
  facet normal -0.9891765099647803 0.14673047445536522 0
    outer loop
      vertex 27.50464908884678 -26.459689676233875 12.6
      vertex 27.50464908884678 -26.459689676233875 13
      vertex 27.53488792601161 -26.25583599469208 12.6
    endloop
  endfacet
  facet normal -0.94154406518302 0.33688985339222244 0
    outer loop
      vertex 27.454574705037636 -26.659597822234375 12.6
      vertex 27.3851470182737 -26.853635207966693 13
      vertex 27.454574705037636 -26.659597822234375 13
    endloop
  endfacet
  facet normal -0.9700312531945459 0.24298017990325613 0
    outer loop
      vertex 27.50464908884678 -26.459689676233875 12.6
      vertex 27.454574705037636 -26.659597822234375 13
      vertex 27.50464908884678 -26.459689676233875 13
    endloop
  endfacet
  facet normal -0.9891765099647803 0.14673047445536522 0
    outer loop
      vertex 27.53488792601161 -26.25583599469208 12.6
      vertex 27.50464908884678 -26.459689676233875 13
      vertex 27.53488792601161 -26.25583599469208 13
    endloop
  endfacet
  facet normal 0 0 1
    outer loop
      vertex 25.55771971137899 -24.905537564326977 12.6
      vertex 25.669353870318545 -24.922096927536288 12.6
      vertex 25.650835994692073 -23.96011207398839 12.6
    endloop
  endfacet
  facet normal 0 0 1
    outer loop
      vertex 25.669353870318545 -24.922096927536288 12.6
      vertex 25.778827378842628 -24.949518613907966 12.6
      vertex 25.854689676233868 -23.99035091115322 12.6
    endloop
  endfacet
  facet normal 0 0 1
    outer loop
      vertex 25.88508594721985 -24.987538537612025 12.6
      vertex 25.987106247349892 -25.035790545999397 12.6
      vertex 26.054597822234367 -24.040425294962365 12.6
    endloop
  endfacet
  facet normal 0 0 1
    outer loop
      vertex 25.987106247349892 -25.035790545999397 12.6
      vertex 26.08390576797254 -25.093809945852076 12.6
      vertex 26.054597822234367 -24.040425294962365 12.6
    endloop
  endfacet
  facet normal 0 0 1
    outer loop
      vertex 25.778827378842628 -24.949518613907966 12.6
      vertex 25.88508594721985 -24.987538537612025 12.6
      vertex 25.854689676233868 -23.99035091115322 12.6
    endloop
  endfacet
  facet normal 0 0 1
    outer loop
      vertex 26.333962021367146 -25.320447723211814 12.6
      vertex 26.434933147334593 -24.197965344868457 12.6
      vertex 26.258172798364527 -25.236827201635474 12.6
    endloop
  endfacet
  facet normal 0 0 1
    outer loop
      vertex 26.459209454000604 -25.50789375265011 12.6
      vertex 26.434933147334593 -24.197965344868457 12.6
      vertex 26.401190054147925 -25.411094232027462 12.6
    endloop
  endfacet
  facet normal 0 0 1
    outer loop
      vertex 26.333962021367146 -25.320447723211814 12.6
      vertex 26.401190054147925 -25.411094232027462 12.6
      vertex 26.434933147334593 -24.197965344868457 12.6
    endloop
  endfacet
  facet normal 0 0 1
    outer loop
      vertex 26.174552276788187 -25.161037978632855 12.6
      vertex 26.258172798364527 -25.236827201635474 12.6
      vertex 26.248635207966686 -24.109852981726302 12.6
    endloop
  endfacet
  facet normal 0 0 1
    outer loop
      vertex 26.08390576797254 -25.093809945852076 12.6
      vertex 26.174552276788187 -25.161037978632855 12.6
      vertex 26.248635207966686 -24.109852981726302 12.6
    endloop
  endfacet
  facet normal 0 0 1
    outer loop
      vertex 26.258172798364527 -25.236827201635474 12.6
      vertex 26.434933147334593 -24.197965344868457 12.6
      vertex 26.248635207966686 -24.109852981726302 12.6
    endloop
  endfacet
  facet normal 0 0 1
    outer loop
      vertex 26.459209454000604 -25.50789375265011 12.6
      vertex 26.61169748934116 -24.30391381416466 12.6
      vertex 26.434933147334593 -24.197965344868457 12.6
    endloop
  endfacet
  facet normal 0 0 1
    outer loop
      vertex 26.61169748934116 -27.79608618583535 12.6
      vertex 26.61169748934116 -24.30391381416466 12.6
      vertex 26.594999999999995 -26.050000000000004 12.6
    endloop
  endfacet
  facet normal 0 0 1
    outer loop
      vertex 26.594999999999995 -26.050000000000004 12.6
      vertex 26.61169748934116 -24.30391381416466 12.6
      vertex 26.589462435673024 -25.93728028862101 12.6
    endloop
  endfacet
  facet normal 0 0 1
    outer loop
      vertex 26.589462435673024 -25.93728028862101 12.6
      vertex 26.61169748934116 -24.30391381416466 12.6
      vertex 26.57290307246371 -25.825646129681456 12.6
    endloop
  endfacet
  facet normal 0 0 1
    outer loop
      vertex 26.61169748934116 -27.79608618583535 12.6
      vertex 26.77722589674365 -24.426678047938257 12.6
      vertex 26.61169748934116 -24.30391381416466 12.6
    endloop
  endfacet
  facet normal 0 0 1
    outer loop
      vertex 26.77722589674365 -27.67332195206175 12.6
      vertex 26.929924240491747 -24.565075759508254 12.6
      vertex 26.77722589674365 -24.426678047938257 12.6
    endloop
  endfacet
  facet normal 0 0 1
    outer loop
      vertex 27.297034655131544 -27.0399331473346 12.6
      vertex 27.3851470182737 -25.246364792033315 12.6
      vertex 27.297034655131544 -25.060066852665408 12.6
    endloop
  endfacet
  facet normal 0 0 1
    outer loop
      vertex 27.3851470182737 -26.853635207966693 12.6
      vertex 27.454574705037636 -25.440402177765634 12.6
      vertex 27.3851470182737 -25.246364792033315 12.6
    endloop
  endfacet
  facet normal 0 0 1
    outer loop
      vertex 26.929924240491747 -27.534924240491755 12.6
      vertex 27.068321952061744 -24.71777410325635 12.6
      vertex 26.929924240491747 -24.565075759508254 12.6
    endloop
  endfacet
  facet normal 0 0 1
    outer loop
      vertex 27.068321952061744 -27.38222589674366 12.6
      vertex 27.191086185835342 -24.88330251065884 12.6
      vertex 27.068321952061744 -24.71777410325635 12.6
    endloop
  endfacet
  facet normal 0 0 1
    outer loop
      vertex 27.191086185835342 -27.21669748934117 12.6
      vertex 27.297034655131544 -25.060066852665408 12.6
      vertex 27.191086185835342 -24.88330251065884 12.6
    endloop
  endfacet
  facet normal 0 0 1
    outer loop
      vertex 26.57290307246371 -25.825646129681456 12.6
      vertex 26.61169748934116 -24.30391381416466 12.6
      vertex 26.545481386092035 -25.716172621157373 12.6
    endloop
  endfacet
  facet normal 0 0 1
    outer loop
      vertex 26.545481386092035 -25.716172621157373 12.6
      vertex 26.61169748934116 -24.30391381416466 12.6
      vertex 26.507461462387976 -25.60991405278015 12.6
    endloop
  endfacet
  facet normal 0 0 1
    outer loop
      vertex 26.459209454000604 -25.50789375265011 12.6
      vertex 26.507461462387976 -25.60991405278015 12.6
      vertex 26.61169748934116 -24.30391381416466 12.6
    endloop
  endfacet
  facet normal 0 0 1
    outer loop
      vertex 25.669353870318545 -24.922096927536288 12.6
      vertex 25.854689676233868 -23.99035091115322 12.6
      vertex 25.650835994692073 -23.96011207398839 12.6
    endloop
  endfacet
  facet normal 0 0 1
    outer loop
      vertex 25.88508594721985 -24.987538537612025 12.6
      vertex 26.054597822234367 -24.040425294962365 12.6
      vertex 25.854689676233868 -23.99035091115322 12.6
    endloop
  endfacet
  facet normal 0 0 1
    outer loop
      vertex 26.08390576797254 -25.093809945852076 12.6
      vertex 26.248635207966686 -24.109852981726302 12.6
      vertex 26.054597822234367 -24.040425294962365 12.6
    endloop
  endfacet
  facet normal 0 0 1
    outer loop
      vertex 27.50464908884678 -26.459689676233875 12.6
      vertex 27.53488792601161 -26.25583599469208 12.6
      vertex 27.53488792601161 -25.844164005307928 12.6
    endloop
  endfacet
  facet normal 0 0 1
    outer loop
      vertex 27.50464908884678 -26.459689676233875 12.6
      vertex 27.53488792601161 -25.844164005307928 12.6
      vertex 27.50464908884678 -25.640310323766133 12.6
    endloop
  endfacet
  facet normal 0 0 1
    outer loop
      vertex 27.53488792601161 -26.25583599469208 12.6
      vertex 27.544999999999998 -26.050000000000004 12.6
      vertex 27.53488792601161 -25.844164005307928 12.6
    endloop
  endfacet
  facet normal 0 0 1
    outer loop
      vertex 27.454574705037636 -26.659597822234375 12.6
      vertex 27.50464908884678 -25.640310323766133 12.6
      vertex 27.454574705037636 -25.440402177765634 12.6
    endloop
  endfacet
  facet normal -0.6715589548470127 -0.7409511253549644 0
    outer loop
      vertex 26.929924240491747 -24.565075759508254 12.6
      vertex 26.929924240491747 -24.565075759508254 13
      vertex 26.77722589674365 -24.426678047938257 12.6
    endloop
  endfacet
  facet normal -0.903989293123447 -0.4275550934302745 4.133229583745467e-18
    outer loop
      vertex 27.297034655131544 -25.060066852665408 12.6
      vertex 27.3851470182737 -25.246364792033315 12.6
      vertex 27.3851470182737 -25.246364792033315 13
    endloop
  endfacet
  facet normal -0.8577286100002671 -0.5141027441932301 0
    outer loop
      vertex 27.297034655131544 -25.060066852665408 12.6
      vertex 27.297034655131544 -25.060066852665408 13
      vertex 27.191086185835342 -24.88330251065884 12.6
    endloop
  endfacet
  facet normal -0.803207531480643 -0.5956993044924358 0
    outer loop
      vertex 27.191086185835342 -24.88330251065884 12.6
      vertex 27.191086185835342 -24.88330251065884 13
      vertex 27.068321952061744 -24.71777410325635 12.6
    endloop
  endfacet
  facet normal -0.7409511253549644 -0.6715589548470127 0
    outer loop
      vertex 27.068321952061744 -24.71777410325635 12.6
      vertex 27.068321952061744 -24.71777410325635 13
      vertex 26.929924240491747 -24.565075759508254 12.6
    endloop
  endfacet
  facet normal -0.6715589548470127 -0.7409511253549644 0
    outer loop
      vertex 26.77722589674365 -24.426678047938257 12.6
      vertex 26.929924240491747 -24.565075759508254 13
      vertex 26.77722589674365 -24.426678047938257 13
    endloop
  endfacet
  facet normal -0.94154406518302 -0.33688985339222244 0
    outer loop
      vertex 27.3851470182737 -25.246364792033315 12.6
      vertex 27.454574705037636 -25.440402177765634 13
      vertex 27.3851470182737 -25.246364792033315 13
    endloop
  endfacet
  facet normal -0.903989293123447 -0.4275550934302745 0
    outer loop
      vertex 27.297034655131544 -25.060066852665408 12.6
      vertex 27.3851470182737 -25.246364792033315 13
      vertex 27.297034655131544 -25.060066852665408 13
    endloop
  endfacet
  facet normal -0.8577286100002671 -0.5141027441932301 0
    outer loop
      vertex 27.191086185835342 -24.88330251065884 12.6
      vertex 27.297034655131544 -25.060066852665408 13
      vertex 27.191086185835342 -24.88330251065884 13
    endloop
  endfacet
  facet normal -0.803207531480643 -0.5956993044924358 0
    outer loop
      vertex 27.068321952061744 -24.71777410325635 12.6
      vertex 27.191086185835342 -24.88330251065884 13
      vertex 27.068321952061744 -24.71777410325635 13
    endloop
  endfacet
  facet normal -0.7409511253549644 -0.6715589548470127 0
    outer loop
      vertex 26.929924240491747 -24.565075759508254 12.6
      vertex 27.068321952061744 -24.71777410325635 13
      vertex 26.929924240491747 -24.565075759508254 13
    endloop
  endfacet
  facet normal -0.14673047445536522 -0.9891765099647803 3.3827700802532452e-18
    outer loop
      vertex 25.650835994692073 -23.96011207398839 12.6
      vertex 25.854689676233868 -23.99035091115322 12.6
      vertex 25.854689676233868 -23.99035091115322 13
    endloop
  endfacet
  facet normal -0.24298017990325613 -0.9700312531945459 4.694574365439437e-18
    outer loop
      vertex 25.854689676233868 -23.99035091115322 12.6
      vertex 26.054597822234367 -24.040425294962365 12.6
      vertex 26.054597822234367 -24.040425294962365 13
    endloop
  endfacet
  facet normal -0.33688985339222244 -0.94154406518302 0
    outer loop
      vertex 26.248635207966686 -24.109852981726302 12.6
      vertex 26.248635207966686 -24.109852981726302 13
      vertex 26.054597822234367 -24.040425294962365 12.6
    endloop
  endfacet
  facet normal -0.4275550934302745 -0.903989293123447 4.133229583745467e-18
    outer loop
      vertex 26.248635207966686 -24.109852981726302 12.6
      vertex 26.434933147334593 -24.197965344868457 12.6
      vertex 26.434933147334593 -24.197965344868457 13
    endloop
  endfacet
  facet normal -0.5141027441932301 -0.8577286100002671 -7.579180747041786e-18
    outer loop
      vertex 26.434933147334593 -24.197965344868457 12.6
      vertex 26.61169748934116 -24.30391381416466 12.6
      vertex 26.61169748934116 -24.30391381416466 13
    endloop
  endfacet
  facet normal -0.5956993044924358 -0.803207531480643 -1.1049566853559349e-17
    outer loop
      vertex 26.61169748934116 -24.30391381416466 12.6
      vertex 26.77722589674365 -24.426678047938257 12.6
      vertex 26.77722589674365 -24.426678047938257 13
    endloop
  endfacet
  facet normal -0.14673047445536522 -0.9891765099647803 0
    outer loop
      vertex 25.650835994692073 -23.96011207398839 12.6
      vertex 25.854689676233868 -23.99035091115322 13
      vertex 25.650835994692073 -23.96011207398839 13
    endloop
  endfacet
  facet normal -0.24298017990325613 -0.9700312531945459 0
    outer loop
      vertex 25.854689676233868 -23.99035091115322 12.6
      vertex 26.054597822234367 -24.040425294962365 13
      vertex 25.854689676233868 -23.99035091115322 13
    endloop
  endfacet
  facet normal -0.33688985339222244 -0.94154406518302 0
    outer loop
      vertex 26.054597822234367 -24.040425294962365 12.6
      vertex 26.248635207966686 -24.109852981726302 13
      vertex 26.054597822234367 -24.040425294962365 13
    endloop
  endfacet
  facet normal -0.4275550934302745 -0.903989293123447 0
    outer loop
      vertex 26.248635207966686 -24.109852981726302 12.6
      vertex 26.434933147334593 -24.197965344868457 13
      vertex 26.248635207966686 -24.109852981726302 13
    endloop
  endfacet
  facet normal -0.5141027441932301 -0.8577286100002671 0
    outer loop
      vertex 26.434933147334593 -24.197965344868457 12.6
      vertex 26.61169748934116 -24.30391381416466 13
      vertex 26.434933147334593 -24.197965344868457 13
    endloop
  endfacet
  facet normal -0.5956993044924358 -0.803207531480643 0
    outer loop
      vertex 26.61169748934116 -24.30391381416466 12.6
      vertex 26.77722589674365 -24.426678047938257 13
      vertex 26.61169748934116 -24.30391381416466 13
    endloop
  endfacet
  facet normal -0.9987954562051721 0.04906767432742621 0
    outer loop
      vertex 27.53488792601161 -26.25583599469208 12.6
      vertex 27.53488792601161 -26.25583599469208 13
      vertex 27.544999999999998 -26.050000000000004 12.6
    endloop
  endfacet
  facet normal -0.9987954562051721 -0.04906767432742621 0
    outer loop
      vertex 27.544999999999998 -26.050000000000004 12.6
      vertex 27.544999999999998 -26.050000000000004 13
      vertex 27.53488792601161 -25.844164005307928 12.6
    endloop
  endfacet
  facet normal -0.9891765099647803 -0.14673047445536522 0
    outer loop
      vertex 27.53488792601161 -25.844164005307928 12.6
      vertex 27.53488792601161 -25.844164005307928 13
      vertex 27.50464908884678 -25.640310323766133 12.6
    endloop
  endfacet
  facet normal -0.9700312531945459 -0.24298017990325613 0
    outer loop
      vertex 27.50464908884678 -25.640310323766133 12.6
      vertex 27.50464908884678 -25.640310323766133 13
      vertex 27.454574705037636 -25.440402177765634 12.6
    endloop
  endfacet
  facet normal -0.94154406518302 -0.33688985339222244 0
    outer loop
      vertex 27.454574705037636 -25.440402177765634 12.6
      vertex 27.454574705037636 -25.440402177765634 13
      vertex 27.3851470182737 -25.246364792033315 12.6
    endloop
  endfacet
  facet normal -0.9987954562051721 0.04906767432742621 0
    outer loop
      vertex 27.544999999999998 -26.050000000000004 12.6
      vertex 27.53488792601161 -26.25583599469208 13
      vertex 27.544999999999998 -26.050000000000004 13
    endloop
  endfacet
  facet normal -0.9987954562051721 -0.04906767432742621 0
    outer loop
      vertex 27.53488792601161 -25.844164005307928 12.6
      vertex 27.544999999999998 -26.050000000000004 13
      vertex 27.53488792601161 -25.844164005307928 13
    endloop
  endfacet
  facet normal -0.9891765099647803 -0.14673047445536522 0
    outer loop
      vertex 27.50464908884678 -25.640310323766133 12.6
      vertex 27.53488792601161 -25.844164005307928 13
      vertex 27.50464908884678 -25.640310323766133 13
    endloop
  endfacet
  facet normal -0.9700312531945459 -0.24298017990325613 0
    outer loop
      vertex 27.454574705037636 -25.440402177765634 12.6
      vertex 27.50464908884678 -25.640310323766133 13
      vertex 27.454574705037636 -25.440402177765634 13
    endloop
  endfacet
  facet normal 0.671558954847 0.7409511253549758 0
    outer loop
      vertex 24.631827201635467 -71.60317279836454 12.6
      vertex 24.715447723211806 -71.67896202136716 11.4
      vertex 24.631827201635467 -71.60317279836454 11.4
    endloop
  endfacet
  facet normal 0.8032075314806548 0.5956993044924199 0
    outer loop
      vertex 24.48880994585207 -71.42890576797255 12.6
      vertex 24.556037978632848 -71.5195522767882 11.4
      vertex 24.48880994585207 -71.42890576797255 11.4
    endloop
  endfacet
  facet normal 0.8577286100003005 0.5141027441931743 0
    outer loop
      vertex 24.43079054599939 -71.3321062473499 12.6
      vertex 24.48880994585207 -71.42890576797255 11.4
      vertex 24.43079054599939 -71.3321062473499 11.4
    endloop
  endfacet
  facet normal 0.740951125354946 0.671558954847033 0
    outer loop
      vertex 24.556037978632848 -71.5195522767882 12.6
      vertex 24.631827201635467 -71.60317279836454 11.4
      vertex 24.556037978632848 -71.5195522767882 11.4
    endloop
  endfacet
  facet normal 0.9039892931234274 0.42755509343031595 0
    outer loop
      vertex 24.382538537612017 -71.23008594721986 12.6
      vertex 24.43079054599939 -71.3321062473499 11.4
      vertex 24.382538537612017 -71.23008594721986 11.4
    endloop
  endfacet
  facet normal 0.9415440651830308 0.3368898533921917 0
    outer loop
      vertex 24.344518613907958 -71.12382737884263 12.6
      vertex 24.382538537612017 -71.23008594721986 11.4
      vertex 24.344518613907958 -71.12382737884263 11.4
    endloop
  endfacet
  facet normal 0.9700312531945401 0.24298017990327928 0
    outer loop
      vertex 24.317096927536284 -71.01435387031856 12.6
      vertex 24.344518613907958 -71.12382737884263 11.4
      vertex 24.317096927536284 -71.01435387031856 11.4
    endloop
  endfacet
  facet normal 0.9891765099647772 0.14673047445538712 0
    outer loop
      vertex 24.30053756432697 -70.902719711379 12.6
      vertex 24.317096927536284 -71.01435387031856 11.4
      vertex 24.30053756432697 -70.902719711379 11.4
    endloop
  endfacet
  facet normal 0.42755509343034304 0.9039892931234146 0
    outer loop
      vertex 24.9028937526501 -71.80420945400061 12.6
      vertex 25.004914052780144 -71.85246146238799 11.4
      vertex 24.9028937526501 -71.80420945400061 11.4
    endloop
  endfacet
  facet normal 0.3368898533921838 0.9415440651830338 0
    outer loop
      vertex 25.004914052780144 -71.85246146238799 12.6
      vertex 25.111172621157365 -71.89048138609205 11.4
      vertex 25.004914052780144 -71.85246146238799 11.4
    endloop
  endfacet
  facet normal 0.2429801799032052 0.9700312531945587 0
    outer loop
      vertex 25.111172621157365 -71.89048138609205 12.6
      vertex 25.220646129681448 -71.91790307246372 11.4
      vertex 25.111172621157365 -71.89048138609205 11.4
    endloop
  endfacet
  facet normal 0.14673047445535176 0.9891765099647825 0
    outer loop
      vertex 25.220646129681448 -71.91790307246372 12.6
      vertex 25.332280288621003 -71.93446243567303 11.4
      vertex 25.220646129681448 -71.91790307246372 11.4
    endloop
  endfacet
  facet normal 0.04906767432752389 0.9987954562051673 0
    outer loop
      vertex 25.332280288621003 -71.93446243567303 12.6
      vertex 25.444999999999997 -71.94000000000001 11.4
      vertex 25.332280288621003 -71.93446243567303 11.4
    endloop
  endfacet
  facet normal -0.04906767432752389 0.9987954562051673 0
    outer loop
      vertex 25.444999999999997 -71.94000000000001 12.6
      vertex 25.55771971137899 -71.93446243567303 11.4
      vertex 25.444999999999997 -71.94000000000001 11.4
    endloop
  endfacet
  facet normal 0.5956993044924147 0.8032075314806587 0
    outer loop
      vertex 24.715447723211806 -71.67896202136716 12.6
      vertex 24.806094232027455 -71.74619005414793 11.4
      vertex 24.715447723211806 -71.67896202136716 11.4
    endloop
  endfacet
  facet normal 0.5141027441932251 0.8577286100002699 0
    outer loop
      vertex 24.806094232027455 -71.74619005414793 12.6
      vertex 24.9028937526501 -71.80420945400061 11.4
      vertex 24.806094232027455 -71.74619005414793 11.4
    endloop
  endfacet
  facet normal 0.740951125354946 0.671558954847033 1.0152353125793308e-18
    outer loop
      vertex 24.556037978632848 -71.5195522767882 12.6
      vertex 24.631827201635467 -71.60317279836454 12.6
      vertex 24.631827201635467 -71.60317279836454 11.4
    endloop
  endfacet
  facet normal 0.8032075314806548 0.5956993044924199 1.5809787527422221e-18
    outer loop
      vertex 24.48880994585207 -71.42890576797255 12.6
      vertex 24.556037978632848 -71.5195522767882 12.6
      vertex 24.556037978632848 -71.5195522767882 11.4
    endloop
  endfacet
  facet normal 0.8577286100003005 0.5141027441931743 0
    outer loop
      vertex 24.48880994585207 -71.42890576797255 12.6
      vertex 24.48880994585207 -71.42890576797255 11.4
      vertex 24.43079054599939 -71.3321062473499 12.6
    endloop
  endfacet
  facet normal 0.9039892931234274 0.42755509343031595 0
    outer loop
      vertex 24.43079054599939 -71.3321062473499 12.6
      vertex 24.43079054599939 -71.3321062473499 11.4
      vertex 24.382538537612017 -71.23008594721986 12.6
    endloop
  endfacet
  facet normal 0.9415440651830308 0.3368898533921917 0
    outer loop
      vertex 24.382538537612017 -71.23008594721986 12.6
      vertex 24.382538537612017 -71.23008594721986 11.4
      vertex 24.344518613907958 -71.12382737884263 12.6
    endloop
  endfacet
  facet normal 0.9891765099647772 0.14673047445538712 0
    outer loop
      vertex 24.317096927536284 -71.01435387031856 12.6
      vertex 24.317096927536284 -71.01435387031856 11.4
      vertex 24.30053756432697 -70.902719711379 12.6
    endloop
  endfacet
  facet normal 0.9700312531945401 0.24298017990327928 0
    outer loop
      vertex 24.344518613907958 -71.12382737884263 12.6
      vertex 24.344518613907958 -71.12382737884263 11.4
      vertex 24.317096927536284 -71.01435387031856 12.6
    endloop
  endfacet
  facet normal 0.5141027441932251 0.8577286100002699 -1.8537774405903913e-18
    outer loop
      vertex 24.806094232027455 -71.74619005414793 12.6
      vertex 24.9028937526501 -71.80420945400061 12.6
      vertex 24.9028937526501 -71.80420945400061 11.4
    endloop
  endfacet
  facet normal 0.42755509343034304 0.9039892931234146 2.907533785567201e-18
    outer loop
      vertex 24.9028937526501 -71.80420945400061 12.6
      vertex 25.004914052780144 -71.85246146238799 12.6
      vertex 25.004914052780144 -71.85246146238799 11.4
    endloop
  endfacet
  facet normal 0.3368898533921838 0.9415440651830338 2.282457433785211e-18
    outer loop
      vertex 25.004914052780144 -71.85246146238799 12.6
      vertex 25.111172621157365 -71.89048138609205 12.6
      vertex 25.111172621157365 -71.89048138609205 11.4
    endloop
  endfacet
  facet normal 0.2429801799032052 0.9700312531945587 -1.0698027070872713e-18
    outer loop
      vertex 25.111172621157365 -71.89048138609205 12.6
      vertex 25.220646129681448 -71.91790307246372 12.6
      vertex 25.220646129681448 -71.91790307246372 11.4
    endloop
  endfacet
  facet normal 0.14673047445535176 0.9891765099647825 -2.592792987872455e-19
    outer loop
      vertex 25.220646129681448 -71.91790307246372 12.6
      vertex 25.332280288621003 -71.93446243567303 12.6
      vertex 25.332280288621003 -71.93446243567303 11.4
    endloop
  endfacet
  facet normal 0.04906767432752389 0.9987954562051673 -1.0516898260991677e-19
    outer loop
      vertex 25.332280288621003 -71.93446243567303 12.6
      vertex 25.444999999999997 -71.94000000000001 12.6
      vertex 25.444999999999997 -71.94000000000001 11.4
    endloop
  endfacet
  facet normal -0.04906767432752389 0.9987954562051673 1.0516898260991677e-19
    outer loop
      vertex 25.444999999999997 -71.94000000000001 12.6
      vertex 25.55771971137899 -71.93446243567303 12.6
      vertex 25.55771971137899 -71.93446243567303 11.4
    endloop
  endfacet
  facet normal 0.5956993044924147 0.8032075314806587 0
    outer loop
      vertex 24.806094232027455 -71.74619005414793 12.6
      vertex 24.806094232027455 -71.74619005414793 11.4
      vertex 24.715447723211806 -71.67896202136716 12.6
    endloop
  endfacet
  facet normal 0.671558954847 0.7409511253549758 1.5083870321475953e-18
    outer loop
      vertex 24.631827201635467 -71.60317279836454 12.6
      vertex 24.715447723211806 -71.67896202136716 12.6
      vertex 24.715447723211806 -71.67896202136716 11.4
    endloop
  endfacet
  facet normal -0.14673047445535176 0.9891765099647825 0
    outer loop
      vertex 25.55771971137899 -71.93446243567303 12.6
      vertex 25.669353870318545 -71.91790307246372 11.4
      vertex 25.55771971137899 -71.93446243567303 11.4
    endloop
  endfacet
  facet normal -0.2429801799032052 0.9700312531945587 0
    outer loop
      vertex 25.669353870318545 -71.91790307246372 12.6
      vertex 25.778827378842628 -71.89048138609205 11.4
      vertex 25.669353870318545 -71.91790307246372 11.4
    endloop
  endfacet
  facet normal -0.3368898533921838 0.9415440651830338 0
    outer loop
      vertex 25.778827378842628 -71.89048138609205 12.6
      vertex 25.88508594721985 -71.85246146238799 11.4
      vertex 25.778827378842628 -71.89048138609205 11.4
    endloop
  endfacet
  facet normal -0.42755509343034304 0.9039892931234146 0
    outer loop
      vertex 25.88508594721985 -71.85246146238799 12.6
      vertex 25.987106247349892 -71.80420945400061 11.4
      vertex 25.88508594721985 -71.85246146238799 11.4
    endloop
  endfacet
  facet normal -0.5141027441932251 0.8577286100002699 0
    outer loop
      vertex 25.987106247349892 -71.80420945400061 12.6
      vertex 26.08390576797254 -71.74619005414793 11.4
      vertex 25.987106247349892 -71.80420945400061 11.4
    endloop
  endfacet
  facet normal -0.5956993044924147 0.8032075314806587 0
    outer loop
      vertex 26.08390576797254 -71.74619005414793 12.6
      vertex 26.174552276788187 -71.67896202136716 11.4
      vertex 26.08390576797254 -71.74619005414793 11.4
    endloop
  endfacet
  facet normal -0.671558954847 0.7409511253549758 0
    outer loop
      vertex 26.174552276788187 -71.67896202136716 12.6
      vertex 26.258172798364527 -71.60317279836454 11.4
      vertex 26.174552276788187 -71.67896202136716 11.4
    endloop
  endfacet
  facet normal -0.740951125354946 0.671558954847033 0
    outer loop
      vertex 26.258172798364527 -71.60317279836454 12.6
      vertex 26.333962021367146 -71.5195522767882 11.4
      vertex 26.258172798364527 -71.60317279836454 11.4
    endloop
  endfacet
  facet normal -0.8032075314806548 0.5956993044924199 0
    outer loop
      vertex 26.333962021367146 -71.5195522767882 12.6
      vertex 26.401190054147925 -71.42890576797255 11.4
      vertex 26.333962021367146 -71.5195522767882 11.4
    endloop
  endfacet
  facet normal -0.8577286100003005 0.5141027441931743 0
    outer loop
      vertex 26.401190054147925 -71.42890576797255 12.6
      vertex 26.459209454000604 -71.3321062473499 11.4
      vertex 26.401190054147925 -71.42890576797255 11.4
    endloop
  endfacet
  facet normal -0.9039892931234274 0.42755509343031595 0
    outer loop
      vertex 26.459209454000604 -71.3321062473499 12.6
      vertex 26.507461462387976 -71.23008594721986 11.4
      vertex 26.459209454000604 -71.3321062473499 11.4
    endloop
  endfacet
  facet normal -0.9415440651830308 0.3368898533921917 0
    outer loop
      vertex 26.507461462387976 -71.23008594721986 12.6
      vertex 26.545481386092035 -71.12382737884263 11.4
      vertex 26.507461462387976 -71.23008594721986 11.4
    endloop
  endfacet
  facet normal -0.9700312531945401 0.24298017990327928 0
    outer loop
      vertex 26.545481386092035 -71.12382737884263 12.6
      vertex 26.57290307246371 -71.01435387031856 11.4
      vertex 26.545481386092035 -71.12382737884263 11.4
    endloop
  endfacet
  facet normal -0.9891765099647772 0.14673047445538712 0
    outer loop
      vertex 26.57290307246371 -71.01435387031856 12.6
      vertex 26.589462435673024 -70.902719711379 11.4
      vertex 26.57290307246371 -71.01435387031856 11.4
    endloop
  endfacet
  facet normal -0.14673047445535176 0.9891765099647825 2.592792987872455e-19
    outer loop
      vertex 25.55771971137899 -71.93446243567303 12.6
      vertex 25.669353870318545 -71.91790307246372 12.6
      vertex 25.669353870318545 -71.91790307246372 11.4
    endloop
  endfacet
  facet normal -0.2429801799032052 0.9700312531945587 1.0698027070872713e-18
    outer loop
      vertex 25.669353870318545 -71.91790307246372 12.6
      vertex 25.778827378842628 -71.89048138609205 12.6
      vertex 25.778827378842628 -71.89048138609205 11.4
    endloop
  endfacet
  facet normal -0.3368898533921838 0.9415440651830338 -2.282457433785211e-18
    outer loop
      vertex 25.778827378842628 -71.89048138609205 12.6
      vertex 25.88508594721985 -71.85246146238799 12.6
      vertex 25.88508594721985 -71.85246146238799 11.4
    endloop
  endfacet
  facet normal -0.42755509343034304 0.9039892931234146 -2.907533785567201e-18
    outer loop
      vertex 25.88508594721985 -71.85246146238799 12.6
      vertex 25.987106247349892 -71.80420945400061 12.6
      vertex 25.987106247349892 -71.80420945400061 11.4
    endloop
  endfacet
  facet normal -0.5141027441932251 0.8577286100002699 1.8537774405903913e-18
    outer loop
      vertex 25.987106247349892 -71.80420945400061 12.6
      vertex 26.08390576797254 -71.74619005414793 12.6
      vertex 26.08390576797254 -71.74619005414793 11.4
    endloop
  endfacet
  facet normal -0.5956993044924147 0.8032075314806587 6.342478957534962e-19
    outer loop
      vertex 26.08390576797254 -71.74619005414793 12.6
      vertex 26.174552276788187 -71.67896202136716 12.6
      vertex 26.174552276788187 -71.67896202136716 11.4
    endloop
  endfacet
  facet normal -0.671558954847 0.7409511253549758 -1.5083870321475953e-18
    outer loop
      vertex 26.174552276788187 -71.67896202136716 12.6
      vertex 26.258172798364527 -71.60317279836454 12.6
      vertex 26.258172798364527 -71.60317279836454 11.4
    endloop
  endfacet
  facet normal -0.740951125354946 0.671558954847033 -1.0152353125793308e-18
    outer loop
      vertex 26.258172798364527 -71.60317279836454 12.6
      vertex 26.333962021367146 -71.5195522767882 12.6
      vertex 26.333962021367146 -71.5195522767882 11.4
    endloop
  endfacet
  facet normal -0.8032075314806548 0.5956993044924199 -1.5809787527422221e-18
    outer loop
      vertex 26.333962021367146 -71.5195522767882 12.6
      vertex 26.401190054147925 -71.42890576797255 12.6
      vertex 26.401190054147925 -71.42890576797255 11.4
    endloop
  endfacet
  facet normal -0.8577286100003005 0.5141027441931743 5.990231575768115e-19
    outer loop
      vertex 26.401190054147925 -71.42890576797255 12.6
      vertex 26.459209454000604 -71.3321062473499 12.6
      vertex 26.459209454000604 -71.3321062473499 11.4
    endloop
  endfacet
  facet normal -0.9039892931234274 0.42755509343031595 -3.1044857145071233e-18
    outer loop
      vertex 26.459209454000604 -71.3321062473499 12.6
      vertex 26.507461462387976 -71.23008594721986 12.6
      vertex 26.507461462387976 -71.23008594721986 11.4
    endloop
  endfacet
  facet normal -0.9415440651830308 0.3368898533921917 2.164364973149706e-18
    outer loop
      vertex 26.507461462387976 -71.23008594721986 12.6
      vertex 26.545481386092035 -71.12382737884263 12.6
      vertex 26.545481386092035 -71.12382737884263 11.4
    endloop
  endfacet
  facet normal -0.9700312531945401 0.24298017990327928 -1.0531668565390747e-18
    outer loop
      vertex 26.545481386092035 -71.12382737884263 12.6
      vertex 26.57290307246371 -71.01435387031856 12.6
      vertex 26.57290307246371 -71.01435387031856 11.4
    endloop
  endfacet
  facet normal -0.9891765099647772 0.14673047445538712 -2.1233824947509526e-19
    outer loop
      vertex 26.57290307246371 -71.01435387031856 12.6
      vertex 26.589462435673024 -70.902719711379 12.6
      vertex 26.589462435673024 -70.902719711379 11.4
    endloop
  endfacet
  facet normal 0.9987954562051735 0.04906767432739518 0
    outer loop
      vertex 24.294999999999998 -70.79 12.6
      vertex 24.30053756432697 -70.902719711379 11.4
      vertex 24.294999999999998 -70.79 11.4
    endloop
  endfacet
  facet normal 0.9987954562051735 -0.04906767432739518 0
    outer loop
      vertex 24.30053756432697 -70.677280288621 12.6
      vertex 24.294999999999998 -70.79 11.4
      vertex 24.30053756432697 -70.677280288621 11.4
    endloop
  endfacet
  facet normal 0.9891765099647772 -0.14673047445538712 0
    outer loop
      vertex 24.317096927536284 -70.56564612968145 12.6
      vertex 24.30053756432697 -70.677280288621 11.4
      vertex 24.317096927536284 -70.56564612968145 11.4
    endloop
  endfacet
  facet normal 0.9700312531945401 -0.24298017990327928 0
    outer loop
      vertex 24.344518613907958 -70.45617262115738 12.6
      vertex 24.317096927536284 -70.56564612968145 11.4
      vertex 24.344518613907958 -70.45617262115738 11.4
    endloop
  endfacet
  facet normal 0.9415440651830308 -0.3368898533921917 0
    outer loop
      vertex 24.382538537612017 -70.34991405278015 12.6
      vertex 24.344518613907958 -70.45617262115738 11.4
      vertex 24.382538537612017 -70.34991405278015 11.4
    endloop
  endfacet
  facet normal 0.9039892931234274 -0.42755509343031595 0
    outer loop
      vertex 24.43079054599939 -70.24789375265011 12.6
      vertex 24.382538537612017 -70.34991405278015 11.4
      vertex 24.43079054599939 -70.24789375265011 11.4
    endloop
  endfacet
  facet normal 0.8577286100003005 -0.5141027441931743 0
    outer loop
      vertex 24.48880994585207 -70.15109423202746 12.6
      vertex 24.43079054599939 -70.24789375265011 11.4
      vertex 24.48880994585207 -70.15109423202746 11.4
    endloop
  endfacet
  facet normal 0.8032075314806548 -0.5956993044924199 0
    outer loop
      vertex 24.556037978632848 -70.06044772321181 12.6
      vertex 24.48880994585207 -70.15109423202746 11.4
      vertex 24.556037978632848 -70.06044772321181 11.4
    endloop
  endfacet
  facet normal 0.740951125354946 -0.671558954847033 0
    outer loop
      vertex 24.631827201635467 -69.97682720163547 12.6
      vertex 24.556037978632848 -70.06044772321181 11.4
      vertex 24.631827201635467 -69.97682720163547 11.4
    endloop
  endfacet
  facet normal 0.671558954847 -0.7409511253549758 0
    outer loop
      vertex 24.715447723211806 -69.90103797863286 12.6
      vertex 24.631827201635467 -69.97682720163547 11.4
      vertex 24.715447723211806 -69.90103797863286 11.4
    endloop
  endfacet
  facet normal 0.5956993044924147 -0.8032075314806587 0
    outer loop
      vertex 24.806094232027455 -69.83380994585208 12.6
      vertex 24.715447723211806 -69.90103797863286 11.4
      vertex 24.806094232027455 -69.83380994585208 11.4
    endloop
  endfacet
  facet normal 0.5141027441932251 -0.8577286100002699 0
    outer loop
      vertex 24.9028937526501 -69.7757905459994 12.6
      vertex 24.806094232027455 -69.83380994585208 11.4
      vertex 24.9028937526501 -69.7757905459994 11.4
    endloop
  endfacet
  facet normal 0.42755509343034304 -0.9039892931234146 0
    outer loop
      vertex 25.004914052780144 -69.72753853761202 12.6
      vertex 24.9028937526501 -69.7757905459994 11.4
      vertex 25.004914052780144 -69.72753853761202 11.4
    endloop
  endfacet
  facet normal 0.3368898533921838 -0.9415440651830338 0
    outer loop
      vertex 25.111172621157365 -69.68951861390796 12.6
      vertex 25.004914052780144 -69.72753853761202 11.4
      vertex 25.111172621157365 -69.68951861390796 11.4
    endloop
  endfacet
  facet normal 0.2429801799032052 -0.9700312531945587 0
    outer loop
      vertex 25.220646129681448 -69.6620969275363 12.6
      vertex 25.111172621157365 -69.68951861390796 11.4
      vertex 25.220646129681448 -69.6620969275363 11.4
    endloop
  endfacet
  facet normal 0.14673047445535176 -0.9891765099647825 0
    outer loop
      vertex 25.332280288621003 -69.64553756432699 12.6
      vertex 25.220646129681448 -69.6620969275363 11.4
      vertex 25.332280288621003 -69.64553756432699 11.4
    endloop
  endfacet
  facet normal 0.04906767432752389 -0.9987954562051673 0
    outer loop
      vertex 25.444999999999997 -69.64 12.6
      vertex 25.332280288621003 -69.64553756432699 11.4
      vertex 25.444999999999997 -69.64 11.4
    endloop
  endfacet
  facet normal -0.04906767432752389 -0.9987954562051673 0
    outer loop
      vertex 25.55771971137899 -69.64553756432699 12.6
      vertex 25.444999999999997 -69.64 11.4
      vertex 25.55771971137899 -69.64553756432699 11.4
    endloop
  endfacet
  facet normal 0.9987954562051735 0.04906767432739518 0
    outer loop
      vertex 24.30053756432697 -70.902719711379 12.6
      vertex 24.30053756432697 -70.902719711379 11.4
      vertex 24.294999999999998 -70.79 12.6
    endloop
  endfacet
  facet normal 0.9987954562051735 -0.04906767432739518 0
    outer loop
      vertex 24.294999999999998 -70.79 12.6
      vertex 24.294999999999998 -70.79 11.4
      vertex 24.30053756432697 -70.677280288621 12.6
    endloop
  endfacet
  facet normal 0.9891765099647772 -0.14673047445538712 0
    outer loop
      vertex 24.30053756432697 -70.677280288621 12.6
      vertex 24.30053756432697 -70.677280288621 11.4
      vertex 24.317096927536284 -70.56564612968145 12.6
    endloop
  endfacet
  facet normal 0.9700312531945401 -0.24298017990327928 0
    outer loop
      vertex 24.317096927536284 -70.56564612968145 12.6
      vertex 24.317096927536284 -70.56564612968145 11.4
      vertex 24.344518613907958 -70.45617262115738 12.6
    endloop
  endfacet
  facet normal 0.9415440651830308 -0.3368898533921917 0
    outer loop
      vertex 24.344518613907958 -70.45617262115738 12.6
      vertex 24.344518613907958 -70.45617262115738 11.4
      vertex 24.382538537612017 -70.34991405278015 12.6
    endloop
  endfacet
  facet normal 0.9039892931234274 -0.42755509343031595 0
    outer loop
      vertex 24.382538537612017 -70.34991405278015 12.6
      vertex 24.382538537612017 -70.34991405278015 11.4
      vertex 24.43079054599939 -70.24789375265011 12.6
    endloop
  endfacet
  facet normal 0.8577286100003005 -0.5141027441931743 0
    outer loop
      vertex 24.43079054599939 -70.24789375265011 12.6
      vertex 24.43079054599939 -70.24789375265011 11.4
      vertex 24.48880994585207 -70.15109423202746 12.6
    endloop
  endfacet
  facet normal 0.8032075314806548 -0.5956993044924199 0
    outer loop
      vertex 24.48880994585207 -70.15109423202746 12.6
      vertex 24.48880994585207 -70.15109423202746 11.4
      vertex 24.556037978632848 -70.06044772321181 12.6
    endloop
  endfacet
  facet normal 0.740951125354946 -0.671558954847033 0
    outer loop
      vertex 24.556037978632848 -70.06044772321181 12.6
      vertex 24.556037978632848 -70.06044772321181 11.4
      vertex 24.631827201635467 -69.97682720163547 12.6
    endloop
  endfacet
  facet normal 0.671558954847 -0.7409511253549758 0
    outer loop
      vertex 24.631827201635467 -69.97682720163547 12.6
      vertex 24.631827201635467 -69.97682720163547 11.4
      vertex 24.715447723211806 -69.90103797863286 12.6
    endloop
  endfacet
  facet normal 0.5956993044924147 -0.8032075314806587 0
    outer loop
      vertex 24.715447723211806 -69.90103797863286 12.6
      vertex 24.715447723211806 -69.90103797863286 11.4
      vertex 24.806094232027455 -69.83380994585208 12.6
    endloop
  endfacet
  facet normal 0.5141027441932251 -0.8577286100002699 0
    outer loop
      vertex 24.806094232027455 -69.83380994585208 12.6
      vertex 24.806094232027455 -69.83380994585208 11.4
      vertex 24.9028937526501 -69.7757905459994 12.6
    endloop
  endfacet
  facet normal 0.42755509343034304 -0.9039892931234146 0
    outer loop
      vertex 24.9028937526501 -69.7757905459994 12.6
      vertex 24.9028937526501 -69.7757905459994 11.4
      vertex 25.004914052780144 -69.72753853761202 12.6
    endloop
  endfacet
  facet normal 0.3368898533921838 -0.9415440651830338 0
    outer loop
      vertex 25.004914052780144 -69.72753853761202 12.6
      vertex 25.004914052780144 -69.72753853761202 11.4
      vertex 25.111172621157365 -69.68951861390796 12.6
    endloop
  endfacet
  facet normal 0.2429801799032052 -0.9700312531945587 0
    outer loop
      vertex 25.111172621157365 -69.68951861390796 12.6
      vertex 25.111172621157365 -69.68951861390796 11.4
      vertex 25.220646129681448 -69.6620969275363 12.6
    endloop
  endfacet
  facet normal 0.14673047445535176 -0.9891765099647825 0
    outer loop
      vertex 25.220646129681448 -69.6620969275363 12.6
      vertex 25.220646129681448 -69.6620969275363 11.4
      vertex 25.332280288621003 -69.64553756432699 12.6
    endloop
  endfacet
  facet normal 0.04906767432752389 -0.9987954562051673 0
    outer loop
      vertex 25.332280288621003 -69.64553756432699 12.6
      vertex 25.332280288621003 -69.64553756432699 11.4
      vertex 25.444999999999997 -69.64 12.6
    endloop
  endfacet
  facet normal -0.04906767432752389 -0.9987954562051673 0
    outer loop
      vertex 25.444999999999997 -69.64 12.6
      vertex 25.444999999999997 -69.64 11.4
      vertex 25.55771971137899 -69.64553756432699 12.6
    endloop
  endfacet
  facet normal -0.9039892931234274 -0.42755509343031595 0
    outer loop
      vertex 26.507461462387976 -70.34991405278015 12.6
      vertex 26.459209454000604 -70.24789375265011 11.4
      vertex 26.507461462387976 -70.34991405278015 11.4
    endloop
  endfacet
  facet normal -0.8032075314806548 -0.5956993044924199 0
    outer loop
      vertex 26.401190054147925 -70.15109423202746 12.6
      vertex 26.333962021367146 -70.06044772321181 11.4
      vertex 26.401190054147925 -70.15109423202746 11.4
    endloop
  endfacet
  facet normal -0.8577286100003005 -0.5141027441931743 0
    outer loop
      vertex 26.459209454000604 -70.24789375265011 12.6
      vertex 26.401190054147925 -70.15109423202746 11.4
      vertex 26.459209454000604 -70.24789375265011 11.4
    endloop
  endfacet
  facet normal -0.14673047445535176 -0.9891765099647825 0
    outer loop
      vertex 25.669353870318545 -69.6620969275363 12.6
      vertex 25.55771971137899 -69.64553756432699 11.4
      vertex 25.669353870318545 -69.6620969275363 11.4
    endloop
  endfacet
  facet normal -0.2429801799032052 -0.9700312531945587 0
    outer loop
      vertex 25.778827378842628 -69.68951861390796 12.6
      vertex 25.669353870318545 -69.6620969275363 11.4
      vertex 25.778827378842628 -69.68951861390796 11.4
    endloop
  endfacet
  facet normal -0.3368898533921838 -0.9415440651830338 0
    outer loop
      vertex 25.88508594721985 -69.72753853761202 12.6
      vertex 25.778827378842628 -69.68951861390796 11.4
      vertex 25.88508594721985 -69.72753853761202 11.4
    endloop
  endfacet
  facet normal -0.42755509343034304 -0.9039892931234146 0
    outer loop
      vertex 25.987106247349892 -69.7757905459994 12.6
      vertex 25.88508594721985 -69.72753853761202 11.4
      vertex 25.987106247349892 -69.7757905459994 11.4
    endloop
  endfacet
  facet normal -0.5956993044924147 -0.8032075314806587 0
    outer loop
      vertex 26.174552276788187 -69.90103797863286 12.6
      vertex 26.08390576797254 -69.83380994585208 11.4
      vertex 26.174552276788187 -69.90103797863286 11.4
    endloop
  endfacet
  facet normal -0.671558954847 -0.7409511253549758 0
    outer loop
      vertex 26.258172798364527 -69.97682720163547 12.6
      vertex 26.174552276788187 -69.90103797863286 11.4
      vertex 26.258172798364527 -69.97682720163547 11.4
    endloop
  endfacet
  facet normal -0.5141027441932251 -0.8577286100002699 0
    outer loop
      vertex 26.08390576797254 -69.83380994585208 12.6
      vertex 25.987106247349892 -69.7757905459994 11.4
      vertex 26.08390576797254 -69.83380994585208 11.4
    endloop
  endfacet
  facet normal -0.740951125354946 -0.671558954847033 0
    outer loop
      vertex 26.333962021367146 -70.06044772321181 12.6
      vertex 26.258172798364527 -69.97682720163547 11.4
      vertex 26.333962021367146 -70.06044772321181 11.4
    endloop
  endfacet
  facet normal -0.9987954562051735 0.04906767432739518 0
    outer loop
      vertex 26.589462435673024 -70.902719711379 12.6
      vertex 26.594999999999995 -70.79 11.4
      vertex 26.589462435673024 -70.902719711379 11.4
    endloop
  endfacet
  facet normal -0.9987954562051735 -0.04906767432739518 0
    outer loop
      vertex 26.594999999999995 -70.79 12.6
      vertex 26.589462435673024 -70.677280288621 11.4
      vertex 26.594999999999995 -70.79 11.4
    endloop
  endfacet
  facet normal -0.9891765099647772 -0.14673047445538712 0
    outer loop
      vertex 26.589462435673024 -70.677280288621 12.6
      vertex 26.57290307246371 -70.56564612968145 11.4
      vertex 26.589462435673024 -70.677280288621 11.4
    endloop
  endfacet
  facet normal -0.9700312531945401 -0.24298017990327928 0
    outer loop
      vertex 26.57290307246371 -70.56564612968145 12.6
      vertex 26.545481386092035 -70.45617262115738 11.4
      vertex 26.57290307246371 -70.56564612968145 11.4
    endloop
  endfacet
  facet normal -0.9415440651830308 -0.3368898533921917 0
    outer loop
      vertex 26.545481386092035 -70.45617262115738 12.6
      vertex 26.507461462387976 -70.34991405278015 11.4
      vertex 26.545481386092035 -70.45617262115738 11.4
    endloop
  endfacet
  facet normal -0.9039892931234274 -0.42755509343031595 0
    outer loop
      vertex 26.459209454000604 -70.24789375265011 12.6
      vertex 26.459209454000604 -70.24789375265011 11.4
      vertex 26.507461462387976 -70.34991405278015 12.6
    endloop
  endfacet
  facet normal -0.8032075314806548 -0.5956993044924199 1.5809787527422221e-18
    outer loop
      vertex 26.401190054147925 -70.15109423202746 12.6
      vertex 26.333962021367146 -70.06044772321181 12.6
      vertex 26.333962021367146 -70.06044772321181 11.4
    endloop
  endfacet
  facet normal -0.8577286100003005 -0.5141027441931743 -5.990231575768115e-19
    outer loop
      vertex 26.459209454000604 -70.24789375265011 12.6
      vertex 26.401190054147925 -70.15109423202746 12.6
      vertex 26.401190054147925 -70.15109423202746 11.4
    endloop
  endfacet
  facet normal -0.14673047445535176 -0.9891765099647825 0
    outer loop
      vertex 25.55771971137899 -69.64553756432699 12.6
      vertex 25.55771971137899 -69.64553756432699 11.4
      vertex 25.669353870318545 -69.6620969275363 12.6
    endloop
  endfacet
  facet normal -0.2429801799032052 -0.9700312531945587 0
    outer loop
      vertex 25.669353870318545 -69.6620969275363 12.6
      vertex 25.669353870318545 -69.6620969275363 11.4
      vertex 25.778827378842628 -69.68951861390796 12.6
    endloop
  endfacet
  facet normal -0.3368898533921838 -0.9415440651830338 0
    outer loop
      vertex 25.778827378842628 -69.68951861390796 12.6
      vertex 25.778827378842628 -69.68951861390796 11.4
      vertex 25.88508594721985 -69.72753853761202 12.6
    endloop
  endfacet
  facet normal -0.42755509343034304 -0.9039892931234146 2.907533785567201e-18
    outer loop
      vertex 25.987106247349892 -69.7757905459994 12.6
      vertex 25.88508594721985 -69.72753853761202 12.6
      vertex 25.88508594721985 -69.72753853761202 11.4
    endloop
  endfacet
  facet normal -0.5141027441932251 -0.8577286100002699 0
    outer loop
      vertex 25.987106247349892 -69.7757905459994 12.6
      vertex 25.987106247349892 -69.7757905459994 11.4
      vertex 26.08390576797254 -69.83380994585208 12.6
    endloop
  endfacet
  facet normal -0.5956993044924147 -0.8032075314806587 0
    outer loop
      vertex 26.08390576797254 -69.83380994585208 12.6
      vertex 26.08390576797254 -69.83380994585208 11.4
      vertex 26.174552276788187 -69.90103797863286 12.6
    endloop
  endfacet
  facet normal -0.671558954847 -0.7409511253549758 0
    outer loop
      vertex 26.174552276788187 -69.90103797863286 12.6
      vertex 26.174552276788187 -69.90103797863286 11.4
      vertex 26.258172798364527 -69.97682720163547 12.6
    endloop
  endfacet
  facet normal -0.740951125354946 -0.671558954847033 1.0152353125793308e-18
    outer loop
      vertex 26.333962021367146 -70.06044772321181 12.6
      vertex 26.258172798364527 -69.97682720163547 12.6
      vertex 26.258172798364527 -69.97682720163547 11.4
    endloop
  endfacet
  facet normal -0.9987954562051735 0.04906767432739518 -2.8567036047342304e-19
    outer loop
      vertex 26.589462435673024 -70.902719711379 12.6
      vertex 26.594999999999995 -70.79 12.6
      vertex 26.594999999999995 -70.79 11.4
    endloop
  endfacet
  facet normal -0.9987954562051735 -0.04906767432739518 2.8567036047342304e-19
    outer loop
      vertex 26.594999999999995 -70.79 12.6
      vertex 26.589462435673024 -70.677280288621 12.6
      vertex 26.589462435673024 -70.677280288621 11.4
    endloop
  endfacet
  facet normal -0.9891765099647772 -0.14673047445538712 0
    outer loop
      vertex 26.57290307246371 -70.56564612968145 12.6
      vertex 26.57290307246371 -70.56564612968145 11.4
      vertex 26.589462435673024 -70.677280288621 12.6
    endloop
  endfacet
  facet normal -0.9700312531945401 -0.24298017990327928 1.0531668565390747e-18
    outer loop
      vertex 26.57290307246371 -70.56564612968145 12.6
      vertex 26.545481386092035 -70.45617262115738 12.6
      vertex 26.545481386092035 -70.45617262115738 11.4
    endloop
  endfacet
  facet normal -0.9415440651830308 -0.3368898533921917 -2.164364973149706e-18
    outer loop
      vertex 26.545481386092035 -70.45617262115738 12.6
      vertex 26.507461462387976 -70.34991405278015 12.6
      vertex 26.507461462387976 -70.34991405278015 11.4
    endloop
  endfacet
  facet normal 0 0 1
    outer loop
      vertex 23.435425294962357 -71.39959782223438 12.6
      vertex 23.435425294962357 -70.18040217776563 12.6
      vertex 23.385350911153214 -71.19968967623387 12.6
    endloop
  endfacet
  facet normal 0 0 1
    outer loop
      vertex 23.435425294962357 -71.39959782223438 12.6
      vertex 23.504852981726295 -71.5936352079667 12.6
      vertex 23.504852981726295 -69.98636479203331 12.6
    endloop
  endfacet
  facet normal 0 0 1
    outer loop
      vertex 23.59296534486845 -71.7799331473346 12.6
      vertex 23.59296534486845 -69.80006685266541 12.6
      vertex 23.504852981726295 -71.5936352079667 12.6
    endloop
  endfacet
  facet normal 0 0 1
    outer loop
      vertex 23.59296534486845 -71.7799331473346 12.6
      vertex 23.69891381416465 -71.95669748934117 12.6
      vertex 23.69891381416465 -69.62330251065885 12.6
    endloop
  endfacet
  facet normal 0 0 1
    outer loop
      vertex 24.278302510658833 -72.53608618583534 12.6
      vertex 24.4550668526654 -72.64203465513155 12.6
      vertex 24.48880994585207 -71.42890576797255 12.6
    endloop
  endfacet
  facet normal 0 0 1
    outer loop
      vertex 24.4550668526654 -72.64203465513155 12.6
      vertex 24.641364792033308 -72.73014701827371 12.6
      vertex 24.715447723211806 -71.67896202136716 12.6
    endloop
  endfacet
  facet normal 0 0 1
    outer loop
      vertex 24.4550668526654 -72.64203465513155 12.6
      vertex 24.631827201635467 -71.60317279836454 12.6
      vertex 24.556037978632848 -71.5195522767882 12.6
    endloop
  endfacet
  facet normal 0 0 1
    outer loop
      vertex 24.4550668526654 -72.64203465513155 12.6
      vertex 24.556037978632848 -71.5195522767882 12.6
      vertex 24.48880994585207 -71.42890576797255 12.6
    endloop
  endfacet
  facet normal 0 0 1
    outer loop
      vertex 24.4550668526654 -72.64203465513155 12.6
      vertex 24.715447723211806 -71.67896202136716 12.6
      vertex 24.631827201635467 -71.60317279836454 12.6
    endloop
  endfacet
  facet normal 0 0 1
    outer loop
      vertex 23.82167804793825 -72.12222589674366 12.6
      vertex 23.82167804793825 -69.45777410325636 12.6
      vertex 23.69891381416465 -71.95669748934117 12.6
    endloop
  endfacet
  facet normal 0 0 1
    outer loop
      vertex 23.82167804793825 -72.12222589674366 12.6
      vertex 23.960075759508246 -72.27492424049176 12.6
      vertex 23.960075759508246 -69.30507575950826 12.6
    endloop
  endfacet
  facet normal 0 0 1
    outer loop
      vertex 23.960075759508246 -72.27492424049176 12.6
      vertex 24.112774103256342 -72.41332195206175 12.6
      vertex 24.112774103256342 -69.16667804793826 12.6
    endloop
  endfacet
  facet normal 0 0 1
    outer loop
      vertex 24.278302510658833 -72.53608618583534 12.6
      vertex 24.344518613907958 -71.12382737884263 12.6
      vertex 24.317096927536284 -71.01435387031856 12.6
    endloop
  endfacet
  facet normal 0 0 1
    outer loop
      vertex 24.278302510658833 -72.53608618583534 12.6
      vertex 24.43079054599939 -71.3321062473499 12.6
      vertex 24.382538537612017 -71.23008594721986 12.6
    endloop
  endfacet
  facet normal 0 0 1
    outer loop
      vertex 24.278302510658833 -72.53608618583534 12.6
      vertex 24.48880994585207 -71.42890576797255 12.6
      vertex 24.43079054599939 -71.3321062473499 12.6
    endloop
  endfacet
  facet normal 0 0 1
    outer loop
      vertex 24.278302510658833 -72.53608618583534 12.6
      vertex 24.382538537612017 -71.23008594721986 12.6
      vertex 24.344518613907958 -71.12382737884263 12.6
    endloop
  endfacet
  facet normal 0 0 1
    outer loop
      vertex 24.278302510658833 -72.53608618583534 12.6
      vertex 24.317096927536284 -71.01435387031856 12.6
      vertex 24.30053756432697 -70.902719711379 12.6
    endloop
  endfacet
  facet normal 0 0 1
    outer loop
      vertex 24.278302510658833 -72.53608618583534 12.6
      vertex 24.30053756432697 -70.902719711379 12.6
      vertex 24.294999999999998 -70.79 12.6
    endloop
  endfacet
  facet normal 0 0 1
    outer loop
      vertex 24.278302510658833 -72.53608618583534 12.6
      vertex 24.278302510658833 -69.04391381416467 12.6
      vertex 24.112774103256342 -72.41332195206175 12.6
    endloop
  endfacet
  facet normal 0 0 1
    outer loop
      vertex 24.641364792033308 -72.73014701827371 12.6
      vertex 24.835402177765626 -72.79957470503764 12.6
      vertex 24.9028937526501 -71.80420945400061 12.6
    endloop
  endfacet
  facet normal 0 0 1
    outer loop
      vertex 24.835402177765626 -72.79957470503764 12.6
      vertex 25.035310323766126 -72.84964908884679 12.6
      vertex 25.111172621157365 -71.89048138609205 12.6
    endloop
  endfacet
  facet normal 0 0 1
    outer loop
      vertex 25.035310323766126 -72.84964908884679 12.6
      vertex 25.220646129681448 -71.91790307246372 12.6
      vertex 25.111172621157365 -71.89048138609205 12.6
    endloop
  endfacet
  facet normal 0 0 1
    outer loop
      vertex 24.641364792033308 -72.73014701827371 12.6
      vertex 24.9028937526501 -71.80420945400061 12.6
      vertex 24.806094232027455 -71.74619005414793 12.6
    endloop
  endfacet
  facet normal 0 0 1
    outer loop
      vertex 24.641364792033308 -72.73014701827371 12.6
      vertex 24.806094232027455 -71.74619005414793 12.6
      vertex 24.715447723211806 -71.67896202136716 12.6
    endloop
  endfacet
  facet normal 0 0 1
    outer loop
      vertex 24.835402177765626 -72.79957470503764 12.6
      vertex 25.004914052780144 -71.85246146238799 12.6
      vertex 24.9028937526501 -71.80420945400061 12.6
    endloop
  endfacet
  facet normal 0 0 1
    outer loop
      vertex 24.835402177765626 -72.79957470503764 12.6
      vertex 25.111172621157365 -71.89048138609205 12.6
      vertex 25.004914052780144 -71.85246146238799 12.6
    endloop
  endfacet
  facet normal 0 0 1
    outer loop
      vertex 25.035310323766126 -72.84964908884679 12.6
      vertex 25.23916400530792 -72.87988792601162 12.6
      vertex 25.332280288621003 -71.93446243567303 12.6
    endloop
  endfacet
  facet normal 0 0 1
    outer loop
      vertex 25.035310323766126 -72.84964908884679 12.6
      vertex 25.332280288621003 -71.93446243567303 12.6
      vertex 25.220646129681448 -71.91790307246372 12.6
    endloop
  endfacet
  facet normal 0 0 1
    outer loop
      vertex 25.23916400530792 -72.87988792601162 12.6
      vertex 25.444999999999997 -71.94000000000001 12.6
      vertex 25.332280288621003 -71.93446243567303 12.6
    endloop
  endfacet
  facet normal 0 0 1
    outer loop
      vertex 25.23916400530792 -72.87988792601162 12.6
      vertex 25.444999999999997 -72.89 12.6
      vertex 25.444999999999997 -71.94000000000001 12.6
    endloop
  endfacet
  facet normal 0 0 1
    outer loop
      vertex 25.444999999999997 -72.89 12.6
      vertex 25.650835994692073 -72.87988792601162 12.6
      vertex 25.55771971137899 -71.93446243567303 12.6
    endloop
  endfacet
  facet normal 0 0 1
    outer loop
      vertex 25.444999999999997 -72.89 12.6
      vertex 25.55771971137899 -71.93446243567303 12.6
      vertex 25.444999999999997 -71.94000000000001 12.6
    endloop
  endfacet
  facet normal 0.803207531480643 0.5956993044924358 -1.1049566853559349e-17
    outer loop
      vertex 23.82167804793825 -72.12222589674366 12.6
      vertex 23.69891381416465 -71.95669748934117 12.6
      vertex 23.69891381416465 -71.95669748934117 13
    endloop
  endfacet
  facet normal 0.8577286100002625 0.5141027441932378 0
    outer loop
      vertex 23.59296534486845 -71.7799331473346 12.6
      vertex 23.59296534486845 -71.7799331473346 13
      vertex 23.69891381416465 -71.95669748934117 12.6
    endloop
  endfacet
  facet normal 0.9415440651830179 0.3368898533922278 0
    outer loop
      vertex 23.435425294962357 -71.39959782223438 12.6
      vertex 23.435425294962357 -71.39959782223438 13
      vertex 23.504852981726295 -71.5936352079667 12.6
    endloop
  endfacet
  facet normal 0.9039892931234438 0.42755509343028114 1.3689663407332116e-17
    outer loop
      vertex 23.59296534486845 -71.7799331473346 12.6
      vertex 23.504852981726295 -71.5936352079667 12.6
      vertex 23.504852981726295 -71.5936352079667 13
    endloop
  endfacet
  facet normal 0.9700312531945491 0.24298017990324397 -9.131541924942619e-18
    outer loop
      vertex 23.435425294962357 -71.39959782223438 12.6
      vertex 23.385350911153214 -71.19968967623387 12.6
      vertex 23.385350911153214 -71.19968967623387 13
    endloop
  endfacet
  facet normal 0.9891765099647797 0.1467304744553702 4.003710206520924e-19
    outer loop
      vertex 23.385350911153214 -71.19968967623387 12.6
      vertex 23.355112073988384 -70.99583599469209 12.6
      vertex 23.355112073988384 -70.99583599469209 13
    endloop
  endfacet
  facet normal 0.8577286100002625 0.5141027441932378 0
    outer loop
      vertex 23.69891381416465 -71.95669748934117 12.6
      vertex 23.59296534486845 -71.7799331473346 13
      vertex 23.69891381416465 -71.95669748934117 13
    endloop
  endfacet
  facet normal 0.9415440651830179 0.3368898533922278 0
    outer loop
      vertex 23.504852981726295 -71.5936352079667 12.6
      vertex 23.435425294962357 -71.39959782223438 13
      vertex 23.504852981726295 -71.5936352079667 13
    endloop
  endfacet
  facet normal 0.9039892931234438 0.42755509343028114 0
    outer loop
      vertex 23.59296534486845 -71.7799331473346 12.6
      vertex 23.504852981726295 -71.5936352079667 13
      vertex 23.59296534486845 -71.7799331473346 13
    endloop
  endfacet
  facet normal 0.9700312531945491 0.24298017990324397 0
    outer loop
      vertex 23.435425294962357 -71.39959782223438 12.6
      vertex 23.385350911153214 -71.19968967623387 13
      vertex 23.435425294962357 -71.39959782223438 13
    endloop
  endfacet
  facet normal 0.9891765099647797 0.1467304744553702 0
    outer loop
      vertex 23.385350911153214 -71.19968967623387 12.6
      vertex 23.355112073988384 -70.99583599469209 13
      vertex 23.385350911153214 -71.19968967623387 13
    endloop
  endfacet
  facet normal 0.9987954562051721 0.04906767432742536 0
    outer loop
      vertex 23.355112073988384 -70.99583599469209 12.6
      vertex 23.344999999999995 -70.79 13
      vertex 23.355112073988384 -70.99583599469209 13
    endloop
  endfacet
  facet normal 0.4275550934302885 0.9039892931234403 0
    outer loop
      vertex 24.4550668526654 -72.64203465513155 12.6
      vertex 24.4550668526654 -72.64203465513155 13
      vertex 24.641364792033308 -72.73014701827371 12.6
    endloop
  endfacet
  facet normal 0.33688985339219185 0.941544065183031 0
    outer loop
      vertex 24.641364792033308 -72.73014701827371 12.6
      vertex 24.641364792033308 -72.73014701827371 13
      vertex 24.835402177765626 -72.79957470503764 12.6
    endloop
  endfacet
  facet normal 0.2429801799032723 0.9700312531945418 0
    outer loop
      vertex 24.835402177765626 -72.79957470503764 12.6
      vertex 24.835402177765626 -72.79957470503764 13
      vertex 25.035310323766126 -72.84964908884679 12.6
    endloop
  endfacet
  facet normal 0.14673047445536522 0.9891765099647803 0
    outer loop
      vertex 25.035310323766126 -72.84964908884679 12.6
      vertex 25.035310323766126 -72.84964908884679 13
      vertex 25.23916400530792 -72.87988792601162 12.6
    endloop
  endfacet
  facet normal 0.04906767432739182 0.9987954562051737 0
    outer loop
      vertex 25.23916400530792 -72.87988792601162 12.6
      vertex 25.23916400530792 -72.87988792601162 13
      vertex 25.444999999999997 -72.89 12.6
    endloop
  endfacet
  facet normal -0.04906767432739182 0.9987954562051737 0
    outer loop
      vertex 25.444999999999997 -72.89 12.6
      vertex 25.444999999999997 -72.89 13
      vertex 25.650835994692073 -72.87988792601162 12.6
    endloop
  endfacet
  facet normal 0.4275550934302885 0.9039892931234403 0
    outer loop
      vertex 24.641364792033308 -72.73014701827371 12.6
      vertex 24.4550668526654 -72.64203465513155 13
      vertex 24.641364792033308 -72.73014701827371 13
    endloop
  endfacet
  facet normal 0.33688985339219185 0.941544065183031 0
    outer loop
      vertex 24.835402177765626 -72.79957470503764 12.6
      vertex 24.641364792033308 -72.73014701827371 13
      vertex 24.835402177765626 -72.79957470503764 13
    endloop
  endfacet
  facet normal 0.2429801799032723 0.9700312531945418 0
    outer loop
      vertex 25.035310323766126 -72.84964908884679 12.6
      vertex 24.835402177765626 -72.79957470503764 13
      vertex 25.035310323766126 -72.84964908884679 13
    endloop
  endfacet
  facet normal 0.14673047445536522 0.9891765099647803 0
    outer loop
      vertex 25.23916400530792 -72.87988792601162 12.6
      vertex 25.035310323766126 -72.84964908884679 13
      vertex 25.23916400530792 -72.87988792601162 13
    endloop
  endfacet
  facet normal 0.04906767432739182 0.9987954562051737 0
    outer loop
      vertex 25.444999999999997 -72.89 12.6
      vertex 25.23916400530792 -72.87988792601162 13
      vertex 25.444999999999997 -72.89 13
    endloop
  endfacet
  facet normal -0.04906767432739182 0.9987954562051737 0
    outer loop
      vertex 25.650835994692073 -72.87988792601162 12.6
      vertex 25.444999999999997 -72.89 13
      vertex 25.650835994692073 -72.87988792601162 13
    endloop
  endfacet
  facet normal 0.5956993044924247 0.8032075314806514 1.0040138923297653e-17
    outer loop
      vertex 24.278302510658833 -72.53608618583534 12.6
      vertex 24.112774103256342 -72.41332195206175 12.6
      vertex 24.112774103256342 -72.41332195206175 13
    endloop
  endfacet
  facet normal 0.6715589548470032 0.7409511253549729 0
    outer loop
      vertex 23.960075759508246 -72.27492424049176 12.6
      vertex 23.960075759508246 -72.27492424049176 13
      vertex 24.112774103256342 -72.41332195206175 12.6
    endloop
  endfacet
  facet normal 0.7409511253549721 0.6715589548470041 0
    outer loop
      vertex 23.82167804793825 -72.12222589674366 12.6
      vertex 23.82167804793825 -72.12222589674366 13
      vertex 23.960075759508246 -72.27492424049176 12.6
    endloop
  endfacet
  facet normal 0.5141027441932554 0.8577286100002518 0
    outer loop
      vertex 24.278302510658833 -72.53608618583534 12.6
      vertex 24.278302510658833 -72.53608618583534 13
      vertex 24.4550668526654 -72.64203465513155 12.6
    endloop
  endfacet
  facet normal 0.7409511253549721 0.6715589548470041 0
    outer loop
      vertex 23.960075759508246 -72.27492424049176 12.6
      vertex 23.82167804793825 -72.12222589674366 13
      vertex 23.960075759508246 -72.27492424049176 13
    endloop
  endfacet
  facet normal 0.6715589548470032 0.7409511253549729 0
    outer loop
      vertex 24.112774103256342 -72.41332195206175 12.6
      vertex 23.960075759508246 -72.27492424049176 13
      vertex 24.112774103256342 -72.41332195206175 13
    endloop
  endfacet
  facet normal 0.803207531480643 0.5956993044924358 0
    outer loop
      vertex 23.82167804793825 -72.12222589674366 12.6
      vertex 23.69891381416465 -71.95669748934117 13
      vertex 23.82167804793825 -72.12222589674366 13
    endloop
  endfacet
  facet normal 0.5956993044924247 0.8032075314806514 0
    outer loop
      vertex 24.278302510658833 -72.53608618583534 12.6
      vertex 24.112774103256342 -72.41332195206175 13
      vertex 24.278302510658833 -72.53608618583534 13
    endloop
  endfacet
  facet normal 0.5141027441932554 0.8577286100002518 0
    outer loop
      vertex 24.4550668526654 -72.64203465513155 12.6
      vertex 24.278302510658833 -72.53608618583534 13
      vertex 24.4550668526654 -72.64203465513155 13
    endloop
  endfacet
  facet normal 0 0 1
    outer loop
      vertex 25.650835994692073 -72.87988792601162 12.6
      vertex 25.854689676233868 -72.84964908884679 12.6
      vertex 25.778827378842628 -71.89048138609205 12.6
    endloop
  endfacet
  facet normal 0 0 1
    outer loop
      vertex 25.650835994692073 -72.87988792601162 12.6
      vertex 25.669353870318545 -71.91790307246372 12.6
      vertex 25.55771971137899 -71.93446243567303 12.6
    endloop
  endfacet
  facet normal 0 0 1
    outer loop
      vertex 25.650835994692073 -72.87988792601162 12.6
      vertex 25.778827378842628 -71.89048138609205 12.6
      vertex 25.669353870318545 -71.91790307246372 12.6
    endloop
  endfacet
  facet normal 0 0 1
    outer loop
      vertex 25.854689676233868 -72.84964908884679 12.6
      vertex 26.054597822234367 -72.79957470503764 12.6
      vertex 25.987106247349892 -71.80420945400061 12.6
    endloop
  endfacet
  facet normal 0 0 1
    outer loop
      vertex 25.778827378842628 -71.89048138609205 12.6
      vertex 25.854689676233868 -72.84964908884679 12.6
      vertex 25.88508594721985 -71.85246146238799 12.6
    endloop
  endfacet
  facet normal 0 0 1
    outer loop
      vertex 25.854689676233868 -72.84964908884679 12.6
      vertex 25.987106247349892 -71.80420945400061 12.6
      vertex 25.88508594721985 -71.85246146238799 12.6
    endloop
  endfacet
  facet normal 0 0 1
    outer loop
      vertex 26.054597822234367 -72.79957470503764 12.6
      vertex 26.08390576797254 -71.74619005414793 12.6
      vertex 25.987106247349892 -71.80420945400061 12.6
    endloop
  endfacet
  facet normal 0 0 1
    outer loop
      vertex 26.054597822234367 -72.79957470503764 12.6
      vertex 26.248635207966686 -72.73014701827371 12.6
      vertex 26.174552276788187 -71.67896202136716 12.6
    endloop
  endfacet
  facet normal 0 0 1
    outer loop
      vertex 26.248635207966686 -72.73014701827371 12.6
      vertex 26.434933147334593 -72.64203465513155 12.6
      vertex 26.333962021367146 -71.5195522767882 12.6
    endloop
  endfacet
  facet normal 0 0 1
    outer loop
      vertex 26.054597822234367 -72.79957470503764 12.6
      vertex 26.174552276788187 -71.67896202136716 12.6
      vertex 26.08390576797254 -71.74619005414793 12.6
    endloop
  endfacet
  facet normal 0 0 1
    outer loop
      vertex 26.248635207966686 -72.73014701827371 12.6
      vertex 26.258172798364527 -71.60317279836454 12.6
      vertex 26.174552276788187 -71.67896202136716 12.6
    endloop
  endfacet
  facet normal 0 0 1
    outer loop
      vertex 26.248635207966686 -72.73014701827371 12.6
      vertex 26.333962021367146 -71.5195522767882 12.6
      vertex 26.258172798364527 -71.60317279836454 12.6
    endloop
  endfacet
  facet normal 0 0 1
    outer loop
      vertex 26.434933147334593 -72.64203465513155 12.6
      vertex 26.401190054147925 -71.42890576797255 12.6
      vertex 26.333962021367146 -71.5195522767882 12.6
    endloop
  endfacet
  facet normal 0 0 1
    outer loop
      vertex 26.434933147334593 -72.64203465513155 12.6
      vertex 26.459209454000604 -71.3321062473499 12.6
      vertex 26.401190054147925 -71.42890576797255 12.6
    endloop
  endfacet
  facet normal 0 0 1
    outer loop
      vertex 26.434933147334593 -72.64203465513155 12.6
      vertex 26.507461462387976 -71.23008594721986 12.6
      vertex 26.459209454000604 -71.3321062473499 12.6
    endloop
  endfacet
  facet normal 0 0 1
    outer loop
      vertex 26.434933147334593 -72.64203465513155 12.6
      vertex 26.61169748934116 -72.53608618583534 12.6
      vertex 26.507461462387976 -71.23008594721986 12.6
    endloop
  endfacet
  facet normal 0 0 1
    outer loop
      vertex 26.61169748934116 -72.53608618583534 12.6
      vertex 26.545481386092035 -71.12382737884263 12.6
      vertex 26.507461462387976 -71.23008594721986 12.6
    endloop
  endfacet
  facet normal 0 0 1
    outer loop
      vertex 26.61169748934116 -72.53608618583534 12.6
      vertex 26.57290307246371 -71.01435387031856 12.6
      vertex 26.545481386092035 -71.12382737884263 12.6
    endloop
  endfacet
  facet normal 0 0 1
    outer loop
      vertex 26.61169748934116 -72.53608618583534 12.6
      vertex 26.589462435673024 -70.902719711379 12.6
      vertex 26.57290307246371 -71.01435387031856 12.6
    endloop
  endfacet
  facet normal 0 0 1
    outer loop
      vertex 26.61169748934116 -72.53608618583534 12.6
      vertex 26.594999999999995 -70.79 12.6
      vertex 26.589462435673024 -70.902719711379 12.6
    endloop
  endfacet
  facet normal 0 0 1
    outer loop
      vertex 26.61169748934116 -72.53608618583534 12.6
      vertex 26.77722589674365 -72.41332195206175 12.6
      vertex 26.77722589674365 -69.16667804793826 12.6
    endloop
  endfacet
  facet normal 0 0 1
    outer loop
      vertex 26.77722589674365 -72.41332195206175 12.6
      vertex 26.929924240491747 -72.27492424049176 12.6
      vertex 26.929924240491747 -69.30507575950826 12.6
    endloop
  endfacet
  facet normal 0 0 1
    outer loop
      vertex 26.929924240491747 -72.27492424049176 12.6
      vertex 27.068321952061744 -72.12222589674366 12.6
      vertex 27.068321952061744 -69.45777410325636 12.6
    endloop
  endfacet
  facet normal 0 0 1
    outer loop
      vertex 27.068321952061744 -72.12222589674366 12.6
      vertex 27.191086185835342 -71.95669748934117 12.6
      vertex 27.191086185835342 -69.62330251065885 12.6
    endloop
  endfacet
  facet normal 0 0 1
    outer loop
      vertex 27.191086185835342 -71.95669748934117 12.6
      vertex 27.297034655131544 -71.7799331473346 12.6
      vertex 27.297034655131544 -69.80006685266541 12.6
    endloop
  endfacet
  facet normal 0 0 1
    outer loop
      vertex 27.297034655131544 -71.7799331473346 12.6
      vertex 27.3851470182737 -71.5936352079667 12.6
      vertex 27.3851470182737 -69.98636479203331 12.6
    endloop
  endfacet
  facet normal 0 0 1
    outer loop
      vertex 27.3851470182737 -71.5936352079667 12.6
      vertex 27.454574705037636 -71.39959782223438 12.6
      vertex 27.454574705037636 -70.18040217776563 12.6
    endloop
  endfacet
  facet normal 0 0 1
    outer loop
      vertex 27.454574705037636 -71.39959782223438 12.6
      vertex 27.50464908884678 -71.19968967623387 12.6
      vertex 27.50464908884678 -70.38031032376614 12.6
    endloop
  endfacet
  facet normal 0 0 1
    outer loop
      vertex 27.50464908884678 -71.19968967623387 12.6
      vertex 27.53488792601161 -70.99583599469209 12.6
      vertex 27.53488792601161 -70.58416400530793 12.6
    endloop
  endfacet
  facet normal -0.14673047445536522 0.9891765099647803 0
    outer loop
      vertex 25.650835994692073 -72.87988792601162 12.6
      vertex 25.650835994692073 -72.87988792601162 13
      vertex 25.854689676233868 -72.84964908884679 12.6
    endloop
  endfacet
  facet normal -0.2429801799032723 0.9700312531945418 0
    outer loop
      vertex 25.854689676233868 -72.84964908884679 12.6
      vertex 25.854689676233868 -72.84964908884679 13
      vertex 26.054597822234367 -72.79957470503764 12.6
    endloop
  endfacet
  facet normal -0.33688985339219185 0.941544065183031 0
    outer loop
      vertex 26.054597822234367 -72.79957470503764 12.6
      vertex 26.054597822234367 -72.79957470503764 13
      vertex 26.248635207966686 -72.73014701827371 12.6
    endloop
  endfacet
  facet normal -0.4275550934302885 0.9039892931234403 0
    outer loop
      vertex 26.248635207966686 -72.73014701827371 12.6
      vertex 26.248635207966686 -72.73014701827371 13
      vertex 26.434933147334593 -72.64203465513155 12.6
    endloop
  endfacet
  facet normal -0.14673047445536522 0.9891765099647803 0
    outer loop
      vertex 25.854689676233868 -72.84964908884679 12.6
      vertex 25.650835994692073 -72.87988792601162 13
      vertex 25.854689676233868 -72.84964908884679 13
    endloop
  endfacet
  facet normal -0.2429801799032723 0.9700312531945418 0
    outer loop
      vertex 26.054597822234367 -72.79957470503764 12.6
      vertex 25.854689676233868 -72.84964908884679 13
      vertex 26.054597822234367 -72.79957470503764 13
    endloop
  endfacet
  facet normal -0.33688985339219185 0.941544065183031 0
    outer loop
      vertex 26.248635207966686 -72.73014701827371 12.6
      vertex 26.054597822234367 -72.79957470503764 13
      vertex 26.248635207966686 -72.73014701827371 13
    endloop
  endfacet
  facet normal -0.4275550934302885 0.9039892931234403 0
    outer loop
      vertex 26.434933147334593 -72.64203465513155 12.6
      vertex 26.248635207966686 -72.73014701827371 13
      vertex 26.434933147334593 -72.64203465513155 13
    endloop
  endfacet
  facet normal -0.5141027441932554 0.8577286100002518 0
    outer loop
      vertex 26.434933147334593 -72.64203465513155 12.6
      vertex 26.434933147334593 -72.64203465513155 13
      vertex 26.61169748934116 -72.53608618583534 12.6
    endloop
  endfacet
  facet normal -0.5956993044924247 0.8032075314806514 0
    outer loop
      vertex 26.61169748934116 -72.53608618583534 12.6
      vertex 26.61169748934116 -72.53608618583534 13
      vertex 26.77722589674365 -72.41332195206175 12.6
    endloop
  endfacet
  facet normal -0.6715589548470032 0.7409511253549729 0
    outer loop
      vertex 26.77722589674365 -72.41332195206175 12.6
      vertex 26.77722589674365 -72.41332195206175 13
      vertex 26.929924240491747 -72.27492424049176 12.6
    endloop
  endfacet
  facet normal -0.7409511253549721 0.6715589548470041 0
    outer loop
      vertex 26.929924240491747 -72.27492424049176 12.6
      vertex 26.929924240491747 -72.27492424049176 13
      vertex 27.068321952061744 -72.12222589674366 12.6
    endloop
  endfacet
  facet normal -0.803207531480643 0.5956993044924358 0
    outer loop
      vertex 27.068321952061744 -72.12222589674366 12.6
      vertex 27.068321952061744 -72.12222589674366 13
      vertex 27.191086185835342 -71.95669748934117 12.6
    endloop
  endfacet
  facet normal -0.8577286100002625 0.5141027441932378 0
    outer loop
      vertex 27.191086185835342 -71.95669748934117 12.6
      vertex 27.191086185835342 -71.95669748934117 13
      vertex 27.297034655131544 -71.7799331473346 12.6
    endloop
  endfacet
  facet normal -0.9039892931234438 0.42755509343028114 0
    outer loop
      vertex 27.297034655131544 -71.7799331473346 12.6
      vertex 27.297034655131544 -71.7799331473346 13
      vertex 27.3851470182737 -71.5936352079667 12.6
    endloop
  endfacet
  facet normal -0.9415440651830179 0.3368898533922278 0
    outer loop
      vertex 27.3851470182737 -71.5936352079667 12.6
      vertex 27.3851470182737 -71.5936352079667 13
      vertex 27.454574705037636 -71.39959782223438 12.6
    endloop
  endfacet
  facet normal -0.5141027441932554 0.8577286100002518 0
    outer loop
      vertex 26.61169748934116 -72.53608618583534 12.6
      vertex 26.434933147334593 -72.64203465513155 13
      vertex 26.61169748934116 -72.53608618583534 13
    endloop
  endfacet
  facet normal -0.5956993044924247 0.8032075314806514 0
    outer loop
      vertex 26.77722589674365 -72.41332195206175 12.6
      vertex 26.61169748934116 -72.53608618583534 13
      vertex 26.77722589674365 -72.41332195206175 13
    endloop
  endfacet
  facet normal -0.6715589548470032 0.7409511253549729 0
    outer loop
      vertex 26.929924240491747 -72.27492424049176 12.6
      vertex 26.77722589674365 -72.41332195206175 13
      vertex 26.929924240491747 -72.27492424049176 13
    endloop
  endfacet
  facet normal -0.7409511253549721 0.6715589548470041 0
    outer loop
      vertex 27.068321952061744 -72.12222589674366 12.6
      vertex 26.929924240491747 -72.27492424049176 13
      vertex 27.068321952061744 -72.12222589674366 13
    endloop
  endfacet
  facet normal -0.803207531480643 0.5956993044924358 0
    outer loop
      vertex 27.191086185835342 -71.95669748934117 12.6
      vertex 27.068321952061744 -72.12222589674366 13
      vertex 27.191086185835342 -71.95669748934117 13
    endloop
  endfacet
  facet normal -0.8577286100002625 0.5141027441932378 0
    outer loop
      vertex 27.297034655131544 -71.7799331473346 12.6
      vertex 27.191086185835342 -71.95669748934117 13
      vertex 27.297034655131544 -71.7799331473346 13
    endloop
  endfacet
  facet normal -0.9039892931234438 0.42755509343028114 0
    outer loop
      vertex 27.3851470182737 -71.5936352079667 12.6
      vertex 27.297034655131544 -71.7799331473346 13
      vertex 27.3851470182737 -71.5936352079667 13
    endloop
  endfacet
  facet normal -0.9700312531945491 0.24298017990324397 0
    outer loop
      vertex 27.454574705037636 -71.39959782223438 12.6
      vertex 27.454574705037636 -71.39959782223438 13
      vertex 27.50464908884678 -71.19968967623387 12.6
    endloop
  endfacet
  facet normal -0.9891765099647797 0.1467304744553702 0
    outer loop
      vertex 27.50464908884678 -71.19968967623387 12.6
      vertex 27.50464908884678 -71.19968967623387 13
      vertex 27.53488792601161 -70.99583599469209 12.6
    endloop
  endfacet
  facet normal -0.9987954562051721 0.04906767432742536 0
    outer loop
      vertex 27.53488792601161 -70.99583599469209 12.6
      vertex 27.53488792601161 -70.99583599469209 13
      vertex 27.544999999999998 -70.79 12.6
    endloop
  endfacet
  facet normal -0.9415440651830179 0.3368898533922278 0
    outer loop
      vertex 27.454574705037636 -71.39959782223438 12.6
      vertex 27.3851470182737 -71.5936352079667 13
      vertex 27.454574705037636 -71.39959782223438 13
    endloop
  endfacet
  facet normal -0.9700312531945491 0.24298017990324397 0
    outer loop
      vertex 27.50464908884678 -71.19968967623387 12.6
      vertex 27.454574705037636 -71.39959782223438 13
      vertex 27.50464908884678 -71.19968967623387 13
    endloop
  endfacet
  facet normal -0.9891765099647797 0.1467304744553702 0
    outer loop
      vertex 27.53488792601161 -70.99583599469209 12.6
      vertex 27.50464908884678 -71.19968967623387 13
      vertex 27.53488792601161 -70.99583599469209 13
    endloop
  endfacet
  facet normal 0 0 1
    outer loop
      vertex 23.385350911153214 -71.19968967623387 12.6
      vertex 23.385350911153214 -70.38031032376614 12.6
      vertex 23.355112073988384 -70.99583599469209 12.6
    endloop
  endfacet
  facet normal 0 0 1
    outer loop
      vertex 23.355112073988384 -70.99583599469209 12.6
      vertex 23.355112073988384 -70.58416400530793 12.6
      vertex 23.344999999999995 -70.79 12.6
    endloop
  endfacet
  facet normal 0 0 1
    outer loop
      vertex 23.355112073988384 -70.99583599469209 12.6
      vertex 23.385350911153214 -70.38031032376614 12.6
      vertex 23.355112073988384 -70.58416400530793 12.6
    endloop
  endfacet
  facet normal 0 0 1
    outer loop
      vertex 23.385350911153214 -71.19968967623387 12.6
      vertex 23.435425294962357 -70.18040217776563 12.6
      vertex 23.385350911153214 -70.38031032376614 12.6
    endloop
  endfacet
  facet normal 0 0 1
    outer loop
      vertex 23.435425294962357 -71.39959782223438 12.6
      vertex 23.504852981726295 -69.98636479203331 12.6
      vertex 23.435425294962357 -70.18040217776563 12.6
    endloop
  endfacet
  facet normal 0 0 1
    outer loop
      vertex 23.504852981726295 -71.5936352079667 12.6
      vertex 23.59296534486845 -69.80006685266541 12.6
      vertex 23.504852981726295 -69.98636479203331 12.6
    endloop
  endfacet
  facet normal 0 0 1
    outer loop
      vertex 23.59296534486845 -71.7799331473346 12.6
      vertex 23.69891381416465 -69.62330251065885 12.6
      vertex 23.59296534486845 -69.80006685266541 12.6
    endloop
  endfacet
  facet normal 0 0 1
    outer loop
      vertex 23.69891381416465 -71.95669748934117 12.6
      vertex 23.82167804793825 -69.45777410325636 12.6
      vertex 23.69891381416465 -69.62330251065885 12.6
    endloop
  endfacet
  facet normal 0 0 1
    outer loop
      vertex 23.82167804793825 -72.12222589674366 12.6
      vertex 23.960075759508246 -69.30507575950826 12.6
      vertex 23.82167804793825 -69.45777410325636 12.6
    endloop
  endfacet
  facet normal 0 0 1
    outer loop
      vertex 23.960075759508246 -72.27492424049176 12.6
      vertex 24.112774103256342 -69.16667804793826 12.6
      vertex 23.960075759508246 -69.30507575950826 12.6
    endloop
  endfacet
  facet normal 0 0 1
    outer loop
      vertex 24.112774103256342 -72.41332195206175 12.6
      vertex 24.278302510658833 -69.04391381416467 12.6
      vertex 24.112774103256342 -69.16667804793826 12.6
    endloop
  endfacet
  facet normal 0 0 1
    outer loop
      vertex 24.278302510658833 -72.53608618583534 12.6
      vertex 24.294999999999998 -70.79 12.6
      vertex 24.278302510658833 -69.04391381416467 12.6
    endloop
  endfacet
  facet normal 0 0 1
    outer loop
      vertex 24.294999999999998 -70.79 12.6
      vertex 24.30053756432697 -70.677280288621 12.6
      vertex 24.278302510658833 -69.04391381416467 12.6
    endloop
  endfacet
  facet normal 0 0 1
    outer loop
      vertex 24.30053756432697 -70.677280288621 12.6
      vertex 24.317096927536284 -70.56564612968145 12.6
      vertex 24.278302510658833 -69.04391381416467 12.6
    endloop
  endfacet
  facet normal 0 0 1
    outer loop
      vertex 24.317096927536284 -70.56564612968145 12.6
      vertex 24.344518613907958 -70.45617262115738 12.6
      vertex 24.278302510658833 -69.04391381416467 12.6
    endloop
  endfacet
  facet normal 0 0 1
    outer loop
      vertex 24.344518613907958 -70.45617262115738 12.6
      vertex 24.382538537612017 -70.34991405278015 12.6
      vertex 24.278302510658833 -69.04391381416467 12.6
    endloop
  endfacet
  facet normal 0 0 1
    outer loop
      vertex 24.382538537612017 -70.34991405278015 12.6
      vertex 24.43079054599939 -70.24789375265011 12.6
      vertex 24.4550668526654 -68.93796534486846 12.6
    endloop
  endfacet
  facet normal 0 0 1
    outer loop
      vertex 24.43079054599939 -70.24789375265011 12.6
      vertex 24.48880994585207 -70.15109423202746 12.6
      vertex 24.4550668526654 -68.93796534486846 12.6
    endloop
  endfacet
  facet normal 0 0 1
    outer loop
      vertex 24.48880994585207 -70.15109423202746 12.6
      vertex 24.556037978632848 -70.06044772321181 12.6
      vertex 24.4550668526654 -68.93796534486846 12.6
    endloop
  endfacet
  facet normal 0 0 1
    outer loop
      vertex 24.556037978632848 -70.06044772321181 12.6
      vertex 24.631827201635467 -69.97682720163547 12.6
      vertex 24.641364792033308 -68.8498529817263 12.6
    endloop
  endfacet
  facet normal 0 0 1
    outer loop
      vertex 24.382538537612017 -70.34991405278015 12.6
      vertex 24.4550668526654 -68.93796534486846 12.6
      vertex 24.278302510658833 -69.04391381416467 12.6
    endloop
  endfacet
  facet normal 0 0 1
    outer loop
      vertex 24.631827201635467 -69.97682720163547 12.6
      vertex 24.715447723211806 -69.90103797863286 12.6
      vertex 24.641364792033308 -68.8498529817263 12.6
    endloop
  endfacet
  facet normal 0 0 1
    outer loop
      vertex 24.556037978632848 -70.06044772321181 12.6
      vertex 24.641364792033308 -68.8498529817263 12.6
      vertex 24.4550668526654 -68.93796534486846 12.6
    endloop
  endfacet
  facet normal 0 0 1
    outer loop
      vertex 24.715447723211806 -69.90103797863286 12.6
      vertex 24.806094232027455 -69.83380994585208 12.6
      vertex 24.835402177765626 -68.78042529496237 12.6
    endloop
  endfacet
  facet normal 0 0 1
    outer loop
      vertex 24.806094232027455 -69.83380994585208 12.6
      vertex 24.9028937526501 -69.7757905459994 12.6
      vertex 24.835402177765626 -68.78042529496237 12.6
    endloop
  endfacet
  facet normal 0 0 1
    outer loop
      vertex 24.9028937526501 -69.7757905459994 12.6
      vertex 25.004914052780144 -69.72753853761202 12.6
      vertex 25.035310323766126 -68.73035091115322 12.6
    endloop
  endfacet
  facet normal 0 0 1
    outer loop
      vertex 25.004914052780144 -69.72753853761202 12.6
      vertex 25.111172621157365 -69.68951861390796 12.6
      vertex 25.035310323766126 -68.73035091115322 12.6
    endloop
  endfacet
  facet normal 0 0 1
    outer loop
      vertex 25.111172621157365 -69.68951861390796 12.6
      vertex 25.220646129681448 -69.6620969275363 12.6
      vertex 25.23916400530792 -68.7001120739884 12.6
    endloop
  endfacet
  facet normal 0 0 1
    outer loop
      vertex 25.220646129681448 -69.6620969275363 12.6
      vertex 25.332280288621003 -69.64553756432699 12.6
      vertex 25.23916400530792 -68.7001120739884 12.6
    endloop
  endfacet
  facet normal 0 0 1
    outer loop
      vertex 25.332280288621003 -69.64553756432699 12.6
      vertex 25.444999999999997 -69.64 12.6
      vertex 25.444999999999997 -68.69000000000001 12.6
    endloop
  endfacet
  facet normal 0 0 1
    outer loop
      vertex 25.444999999999997 -69.64 12.6
      vertex 25.55771971137899 -69.64553756432699 12.6
      vertex 25.650835994692073 -68.7001120739884 12.6
    endloop
  endfacet
  facet normal 0 0 1
    outer loop
      vertex 24.715447723211806 -69.90103797863286 12.6
      vertex 24.835402177765626 -68.78042529496237 12.6
      vertex 24.641364792033308 -68.8498529817263 12.6
    endloop
  endfacet
  facet normal 0 0 1
    outer loop
      vertex 24.9028937526501 -69.7757905459994 12.6
      vertex 25.035310323766126 -68.73035091115322 12.6
      vertex 24.835402177765626 -68.78042529496237 12.6
    endloop
  endfacet
  facet normal 0 0 1
    outer loop
      vertex 25.111172621157365 -69.68951861390796 12.6
      vertex 25.23916400530792 -68.7001120739884 12.6
      vertex 25.035310323766126 -68.73035091115322 12.6
    endloop
  endfacet
  facet normal 0 0 1
    outer loop
      vertex 25.332280288621003 -69.64553756432699 12.6
      vertex 25.444999999999997 -68.69000000000001 12.6
      vertex 25.23916400530792 -68.7001120739884 12.6
    endloop
  endfacet
  facet normal 0 0 1
    outer loop
      vertex 25.444999999999997 -69.64 12.6
      vertex 25.650835994692073 -68.7001120739884 12.6
      vertex 25.444999999999997 -68.69000000000001 12.6
    endloop
  endfacet
  facet normal 0.9987954562051721 0.04906767432742536 -2.591364726483675e-18
    outer loop
      vertex 23.355112073988384 -70.99583599469209 12.6
      vertex 23.344999999999995 -70.79 12.6
      vertex 23.344999999999995 -70.79 13
    endloop
  endfacet
  facet normal 0.9987954562051721 -0.04906767432742536 2.591364726483675e-18
    outer loop
      vertex 23.344999999999995 -70.79 12.6
      vertex 23.355112073988384 -70.58416400530793 12.6
      vertex 23.355112073988384 -70.58416400530793 13
    endloop
  endfacet
  facet normal 0.9891765099647797 -0.1467304744553702 -4.003710206520924e-19
    outer loop
      vertex 23.355112073988384 -70.58416400530793 12.6
      vertex 23.385350911153214 -70.38031032376614 12.6
      vertex 23.385350911153214 -70.38031032376614 13
    endloop
  endfacet
  facet normal 0.9700312531945491 -0.24298017990324397 9.131541924942619e-18
    outer loop
      vertex 23.385350911153214 -70.38031032376614 12.6
      vertex 23.435425294962357 -70.18040217776563 12.6
      vertex 23.435425294962357 -70.18040217776563 13
    endloop
  endfacet
  facet normal 0.9415440651830179 -0.3368898533922278 -6.129714649796496e-18
    outer loop
      vertex 23.435425294962357 -70.18040217776563 12.6
      vertex 23.504852981726295 -69.98636479203331 12.6
      vertex 23.504852981726295 -69.98636479203331 13
    endloop
  endfacet
  facet normal 0.9039892931234438 -0.42755509343028114 -1.3689663407332116e-17
    outer loop
      vertex 23.504852981726295 -69.98636479203331 12.6
      vertex 23.59296534486845 -69.80006685266541 12.6
      vertex 23.59296534486845 -69.80006685266541 13
    endloop
  endfacet
  facet normal 0.8577286100002625 -0.5141027441932378 -1.3095682239946721e-17
    outer loop
      vertex 23.59296534486845 -69.80006685266541 12.6
      vertex 23.69891381416465 -69.62330251065885 12.6
      vertex 23.69891381416465 -69.62330251065885 13
    endloop
  endfacet
  facet normal 0.9987954562051721 -0.04906767432742536 0
    outer loop
      vertex 23.344999999999995 -70.79 12.6
      vertex 23.355112073988384 -70.58416400530793 13
      vertex 23.344999999999995 -70.79 13
    endloop
  endfacet
  facet normal 0.9891765099647797 -0.1467304744553702 0
    outer loop
      vertex 23.355112073988384 -70.58416400530793 12.6
      vertex 23.385350911153214 -70.38031032376614 13
      vertex 23.355112073988384 -70.58416400530793 13
    endloop
  endfacet
  facet normal 0.9700312531945491 -0.24298017990324397 0
    outer loop
      vertex 23.385350911153214 -70.38031032376614 12.6
      vertex 23.435425294962357 -70.18040217776563 13
      vertex 23.385350911153214 -70.38031032376614 13
    endloop
  endfacet
  facet normal 0.9415440651830179 -0.3368898533922278 0
    outer loop
      vertex 23.435425294962357 -70.18040217776563 12.6
      vertex 23.504852981726295 -69.98636479203331 13
      vertex 23.435425294962357 -70.18040217776563 13
    endloop
  endfacet
  facet normal 0.9039892931234438 -0.42755509343028114 0
    outer loop
      vertex 23.504852981726295 -69.98636479203331 12.6
      vertex 23.59296534486845 -69.80006685266541 13
      vertex 23.504852981726295 -69.98636479203331 13
    endloop
  endfacet
  facet normal 0.8577286100002625 -0.5141027441932378 0
    outer loop
      vertex 23.59296534486845 -69.80006685266541 12.6
      vertex 23.69891381416465 -69.62330251065885 13
      vertex 23.59296534486845 -69.80006685266541 13
    endloop
  endfacet
  facet normal 0.803207531480643 -0.5956993044924358 0
    outer loop
      vertex 23.69891381416465 -69.62330251065885 12.6
      vertex 23.82167804793825 -69.45777410325636 13
      vertex 23.69891381416465 -69.62330251065885 13
    endloop
  endfacet
  facet normal 0.803207531480643 -0.5956993044924358 1.1049566853559349e-17
    outer loop
      vertex 23.69891381416465 -69.62330251065885 12.6
      vertex 23.82167804793825 -69.45777410325636 12.6
      vertex 23.82167804793825 -69.45777410325636 13
    endloop
  endfacet
  facet normal 0.7409511253549721 -0.6715589548470041 -4.913387027933958e-18
    outer loop
      vertex 23.82167804793825 -69.45777410325636 12.6
      vertex 23.960075759508246 -69.30507575950826 12.6
      vertex 23.960075759508246 -69.30507575950826 13
    endloop
  endfacet
  facet normal 0.6715589548470032 -0.7409511253549729 -8.379759591504187e-18
    outer loop
      vertex 23.960075759508246 -69.30507575950826 12.6
      vertex 24.112774103256342 -69.16667804793826 12.6
      vertex 24.112774103256342 -69.16667804793826 13
    endloop
  endfacet
  facet normal 0.7409511253549721 -0.6715589548470041 0
    outer loop
      vertex 23.82167804793825 -69.45777410325636 12.6
      vertex 23.960075759508246 -69.30507575950826 13
      vertex 23.82167804793825 -69.45777410325636 13
    endloop
  endfacet
  facet normal 0.6715589548470032 -0.7409511253549729 0
    outer loop
      vertex 23.960075759508246 -69.30507575950826 12.6
      vertex 24.112774103256342 -69.16667804793826 13
      vertex 23.960075759508246 -69.30507575950826 13
    endloop
  endfacet
  facet normal 0.5956993044924247 -0.8032075314806514 -1.0040138923297653e-17
    outer loop
      vertex 24.112774103256342 -69.16667804793826 12.6
      vertex 24.278302510658833 -69.04391381416467 12.6
      vertex 24.278302510658833 -69.04391381416467 13
    endloop
  endfacet
  facet normal 0.5141027441932554 -0.8577286100002518 8.141995938021837e-18
    outer loop
      vertex 24.278302510658833 -69.04391381416467 12.6
      vertex 24.4550668526654 -68.93796534486846 12.6
      vertex 24.4550668526654 -68.93796534486846 13
    endloop
  endfacet
  facet normal 0.4275550934302885 -0.9039892931234403 -1.3851710832563944e-17
    outer loop
      vertex 24.4550668526654 -68.93796534486846 12.6
      vertex 24.641364792033308 -68.8498529817263 12.6
      vertex 24.641364792033308 -68.8498529817263 13
    endloop
  endfacet
  facet normal 0.33688985339219185 -0.941544065183031 2.5144848512383045e-18
    outer loop
      vertex 24.641364792033308 -68.8498529817263 12.6
      vertex 24.835402177765626 -68.78042529496237 12.6
      vertex 24.835402177765626 -68.78042529496237 13
    endloop
  endfacet
  facet normal 0.2429801799032723 -0.9700312531945418 3.973035931167999e-18
    outer loop
      vertex 24.835402177765626 -68.78042529496237 12.6
      vertex 25.035310323766126 -68.73035091115322 12.6
      vertex 25.035310323766126 -68.73035091115322 13
    endloop
  endfacet
  facet normal 0.14673047445536522 -0.9891765099647803 -3.3827700802532452e-18
    outer loop
      vertex 25.035310323766126 -68.73035091115322 12.6
      vertex 25.23916400530792 -68.7001120739884 12.6
      vertex 25.23916400530792 -68.7001120739884 13
    endloop
  endfacet
  facet normal 0.04906767432739182 -0.9987954562051737 1.249570311266962e-18
    outer loop
      vertex 25.23916400530792 -68.7001120739884 12.6
      vertex 25.444999999999997 -68.69000000000001 12.6
      vertex 25.444999999999997 -68.69000000000001 13
    endloop
  endfacet
  facet normal -0.04906767432739182 -0.9987954562051737 -1.249570311266962e-18
    outer loop
      vertex 25.444999999999997 -68.69000000000001 12.6
      vertex 25.650835994692073 -68.7001120739884 12.6
      vertex 25.650835994692073 -68.7001120739884 13
    endloop
  endfacet
  facet normal 0.5956993044924247 -0.8032075314806514 0
    outer loop
      vertex 24.112774103256342 -69.16667804793826 12.6
      vertex 24.278302510658833 -69.04391381416467 13
      vertex 24.112774103256342 -69.16667804793826 13
    endloop
  endfacet
  facet normal 0.5141027441932554 -0.8577286100002518 0
    outer loop
      vertex 24.278302510658833 -69.04391381416467 12.6
      vertex 24.4550668526654 -68.93796534486846 13
      vertex 24.278302510658833 -69.04391381416467 13
    endloop
  endfacet
  facet normal 0.4275550934302885 -0.9039892931234403 0
    outer loop
      vertex 24.4550668526654 -68.93796534486846 12.6
      vertex 24.641364792033308 -68.8498529817263 13
      vertex 24.4550668526654 -68.93796534486846 13
    endloop
  endfacet
  facet normal 0.33688985339219185 -0.941544065183031 0
    outer loop
      vertex 24.641364792033308 -68.8498529817263 12.6
      vertex 24.835402177765626 -68.78042529496237 13
      vertex 24.641364792033308 -68.8498529817263 13
    endloop
  endfacet
  facet normal 0.2429801799032723 -0.9700312531945418 0
    outer loop
      vertex 24.835402177765626 -68.78042529496237 12.6
      vertex 25.035310323766126 -68.73035091115322 13
      vertex 24.835402177765626 -68.78042529496237 13
    endloop
  endfacet
  facet normal 0.14673047445536522 -0.9891765099647803 0
    outer loop
      vertex 25.035310323766126 -68.73035091115322 12.6
      vertex 25.23916400530792 -68.7001120739884 13
      vertex 25.035310323766126 -68.73035091115322 13
    endloop
  endfacet
  facet normal 0.04906767432739182 -0.9987954562051737 0
    outer loop
      vertex 25.23916400530792 -68.7001120739884 12.6
      vertex 25.444999999999997 -68.69000000000001 13
      vertex 25.23916400530792 -68.7001120739884 13
    endloop
  endfacet
  facet normal -0.04906767432739182 -0.9987954562051737 0
    outer loop
      vertex 25.444999999999997 -68.69000000000001 12.6
      vertex 25.650835994692073 -68.7001120739884 13
      vertex 25.444999999999997 -68.69000000000001 13
    endloop
  endfacet
  facet normal 0 0 1
    outer loop
      vertex 25.55771971137899 -69.64553756432699 12.6
      vertex 25.669353870318545 -69.6620969275363 12.6
      vertex 25.854689676233868 -68.73035091115322 12.6
    endloop
  endfacet
  facet normal 0 0 1
    outer loop
      vertex 25.669353870318545 -69.6620969275363 12.6
      vertex 25.778827378842628 -69.68951861390796 12.6
      vertex 25.854689676233868 -68.73035091115322 12.6
    endloop
  endfacet
  facet normal 0 0 1
    outer loop
      vertex 25.987106247349892 -69.7757905459994 12.6
      vertex 26.054597822234367 -68.78042529496237 12.6
      vertex 25.88508594721985 -69.72753853761202 12.6
    endloop
  endfacet
  facet normal 0 0 1
    outer loop
      vertex 25.778827378842628 -69.68951861390796 12.6
      vertex 25.88508594721985 -69.72753853761202 12.6
      vertex 26.054597822234367 -68.78042529496237 12.6
    endloop
  endfacet
  facet normal 0 0 1
    outer loop
      vertex 26.333962021367146 -70.06044772321181 12.6
      vertex 26.434933147334593 -68.93796534486846 12.6
      vertex 26.258172798364527 -69.97682720163547 12.6
    endloop
  endfacet
  facet normal 0 0 1
    outer loop
      vertex 26.459209454000604 -70.24789375265011 12.6
      vertex 26.61169748934116 -69.04391381416467 12.6
      vertex 26.401190054147925 -70.15109423202746 12.6
    endloop
  endfacet
  facet normal 0 0 1
    outer loop
      vertex 26.401190054147925 -70.15109423202746 12.6
      vertex 26.434933147334593 -68.93796534486846 12.6
      vertex 26.333962021367146 -70.06044772321181 12.6
    endloop
  endfacet
  facet normal 0 0 1
    outer loop
      vertex 25.987106247349892 -69.7757905459994 12.6
      vertex 26.08390576797254 -69.83380994585208 12.6
      vertex 26.248635207966686 -68.8498529817263 12.6
    endloop
  endfacet
  facet normal 0 0 1
    outer loop
      vertex 26.08390576797254 -69.83380994585208 12.6
      vertex 26.174552276788187 -69.90103797863286 12.6
      vertex 26.248635207966686 -68.8498529817263 12.6
    endloop
  endfacet
  facet normal 0 0 1
    outer loop
      vertex 26.174552276788187 -69.90103797863286 12.6
      vertex 26.258172798364527 -69.97682720163547 12.6
      vertex 26.434933147334593 -68.93796534486846 12.6
    endloop
  endfacet
  facet normal 0 0 1
    outer loop
      vertex 26.174552276788187 -69.90103797863286 12.6
      vertex 26.434933147334593 -68.93796534486846 12.6
      vertex 26.248635207966686 -68.8498529817263 12.6
    endloop
  endfacet
  facet normal 0 0 1
    outer loop
      vertex 26.401190054147925 -70.15109423202746 12.6
      vertex 26.61169748934116 -69.04391381416467 12.6
      vertex 26.434933147334593 -68.93796534486846 12.6
    endloop
  endfacet
  facet normal 0 0 1
    outer loop
      vertex 26.61169748934116 -72.53608618583534 12.6
      vertex 26.61169748934116 -69.04391381416467 12.6
      vertex 26.594999999999995 -70.79 12.6
    endloop
  endfacet
  facet normal 0 0 1
    outer loop
      vertex 26.594999999999995 -70.79 12.6
      vertex 26.61169748934116 -69.04391381416467 12.6
      vertex 26.589462435673024 -70.677280288621 12.6
    endloop
  endfacet
  facet normal 0 0 1
    outer loop
      vertex 26.57290307246371 -70.56564612968145 12.6
      vertex 26.589462435673024 -70.677280288621 12.6
      vertex 26.61169748934116 -69.04391381416467 12.6
    endloop
  endfacet
  facet normal 0 0 1
    outer loop
      vertex 26.61169748934116 -72.53608618583534 12.6
      vertex 26.77722589674365 -69.16667804793826 12.6
      vertex 26.61169748934116 -69.04391381416467 12.6
    endloop
  endfacet
  facet normal 0 0 1
    outer loop
      vertex 26.77722589674365 -72.41332195206175 12.6
      vertex 26.929924240491747 -69.30507575950826 12.6
      vertex 26.77722589674365 -69.16667804793826 12.6
    endloop
  endfacet
  facet normal 0 0 1
    outer loop
      vertex 27.297034655131544 -71.7799331473346 12.6
      vertex 27.3851470182737 -69.98636479203331 12.6
      vertex 27.297034655131544 -69.80006685266541 12.6
    endloop
  endfacet
  facet normal 0 0 1
    outer loop
      vertex 27.3851470182737 -71.5936352079667 12.6
      vertex 27.454574705037636 -70.18040217776563 12.6
      vertex 27.3851470182737 -69.98636479203331 12.6
    endloop
  endfacet
  facet normal 0 0 1
    outer loop
      vertex 26.929924240491747 -72.27492424049176 12.6
      vertex 27.068321952061744 -69.45777410325636 12.6
      vertex 26.929924240491747 -69.30507575950826 12.6
    endloop
  endfacet
  facet normal 0 0 1
    outer loop
      vertex 27.068321952061744 -72.12222589674366 12.6
      vertex 27.191086185835342 -69.62330251065885 12.6
      vertex 27.068321952061744 -69.45777410325636 12.6
    endloop
  endfacet
  facet normal 0 0 1
    outer loop
      vertex 27.191086185835342 -71.95669748934117 12.6
      vertex 27.297034655131544 -69.80006685266541 12.6
      vertex 27.191086185835342 -69.62330251065885 12.6
    endloop
  endfacet
  facet normal 0 0 1
    outer loop
      vertex 26.545481386092035 -70.45617262115738 12.6
      vertex 26.61169748934116 -69.04391381416467 12.6
      vertex 26.507461462387976 -70.34991405278015 12.6
    endloop
  endfacet
  facet normal 0 0 1
    outer loop
      vertex 26.57290307246371 -70.56564612968145 12.6
      vertex 26.61169748934116 -69.04391381416467 12.6
      vertex 26.545481386092035 -70.45617262115738 12.6
    endloop
  endfacet
  facet normal 0 0 1
    outer loop
      vertex 26.459209454000604 -70.24789375265011 12.6
      vertex 26.507461462387976 -70.34991405278015 12.6
      vertex 26.61169748934116 -69.04391381416467 12.6
    endloop
  endfacet
  facet normal 0 0 1
    outer loop
      vertex 25.55771971137899 -69.64553756432699 12.6
      vertex 25.854689676233868 -68.73035091115322 12.6
      vertex 25.650835994692073 -68.7001120739884 12.6
    endloop
  endfacet
  facet normal 0 0 1
    outer loop
      vertex 25.778827378842628 -69.68951861390796 12.6
      vertex 26.054597822234367 -68.78042529496237 12.6
      vertex 25.854689676233868 -68.73035091115322 12.6
    endloop
  endfacet
  facet normal 0 0 1
    outer loop
      vertex 25.987106247349892 -69.7757905459994 12.6
      vertex 26.248635207966686 -68.8498529817263 12.6
      vertex 26.054597822234367 -68.78042529496237 12.6
    endloop
  endfacet
  facet normal 0 0 1
    outer loop
      vertex 27.50464908884678 -71.19968967623387 12.6
      vertex 27.53488792601161 -70.58416400530793 12.6
      vertex 27.50464908884678 -70.38031032376614 12.6
    endloop
  endfacet
  facet normal 0 0 1
    outer loop
      vertex 27.53488792601161 -70.99583599469209 12.6
      vertex 27.544999999999998 -70.79 12.6
      vertex 27.53488792601161 -70.58416400530793 12.6
    endloop
  endfacet
  facet normal 0 0 1
    outer loop
      vertex 27.454574705037636 -71.39959782223438 12.6
      vertex 27.50464908884678 -70.38031032376614 12.6
      vertex 27.454574705037636 -70.18040217776563 12.6
    endloop
  endfacet
  facet normal -0.6715589548470032 -0.7409511253549729 8.379759591504187e-18
    outer loop
      vertex 26.77722589674365 -69.16667804793826 12.6
      vertex 26.929924240491747 -69.30507575950826 12.6
      vertex 26.929924240491747 -69.30507575950826 13
    endloop
  endfacet
  facet normal -0.9039892931234438 -0.42755509343028114 1.3689663407332116e-17
    outer loop
      vertex 27.297034655131544 -69.80006685266541 12.6
      vertex 27.3851470182737 -69.98636479203331 12.6
      vertex 27.3851470182737 -69.98636479203331 13
    endloop
  endfacet
  facet normal -0.8577286100002625 -0.5141027441932378 0
    outer loop
      vertex 27.297034655131544 -69.80006685266541 12.6
      vertex 27.297034655131544 -69.80006685266541 13
      vertex 27.191086185835342 -69.62330251065885 12.6
    endloop
  endfacet
  facet normal -0.7409511253549721 -0.6715589548470041 0
    outer loop
      vertex 27.068321952061744 -69.45777410325636 12.6
      vertex 27.068321952061744 -69.45777410325636 13
      vertex 26.929924240491747 -69.30507575950826 12.6
    endloop
  endfacet
  facet normal -0.803207531480643 -0.5956993044924358 -1.1049566853559349e-17
    outer loop
      vertex 27.068321952061744 -69.45777410325636 12.6
      vertex 27.191086185835342 -69.62330251065885 12.6
      vertex 27.191086185835342 -69.62330251065885 13
    endloop
  endfacet
  facet normal -0.9415440651830179 -0.3368898533922278 0
    outer loop
      vertex 27.3851470182737 -69.98636479203331 12.6
      vertex 27.454574705037636 -70.18040217776563 13
      vertex 27.3851470182737 -69.98636479203331 13
    endloop
  endfacet
  facet normal -0.6715589548470032 -0.7409511253549729 0
    outer loop
      vertex 26.77722589674365 -69.16667804793826 12.6
      vertex 26.929924240491747 -69.30507575950826 13
      vertex 26.77722589674365 -69.16667804793826 13
    endloop
  endfacet
  facet normal -0.9039892931234438 -0.42755509343028114 0
    outer loop
      vertex 27.297034655131544 -69.80006685266541 12.6
      vertex 27.3851470182737 -69.98636479203331 13
      vertex 27.297034655131544 -69.80006685266541 13
    endloop
  endfacet
  facet normal -0.8577286100002625 -0.5141027441932378 0
    outer loop
      vertex 27.191086185835342 -69.62330251065885 12.6
      vertex 27.297034655131544 -69.80006685266541 13
      vertex 27.191086185835342 -69.62330251065885 13
    endloop
  endfacet
  facet normal -0.803207531480643 -0.5956993044924358 0
    outer loop
      vertex 27.068321952061744 -69.45777410325636 12.6
      vertex 27.191086185835342 -69.62330251065885 13
      vertex 27.068321952061744 -69.45777410325636 13
    endloop
  endfacet
  facet normal -0.7409511253549721 -0.6715589548470041 0
    outer loop
      vertex 26.929924240491747 -69.30507575950826 12.6
      vertex 27.068321952061744 -69.45777410325636 13
      vertex 26.929924240491747 -69.30507575950826 13
    endloop
  endfacet
  facet normal -0.2429801799032723 -0.9700312531945418 -3.973035931167999e-18
    outer loop
      vertex 25.854689676233868 -68.73035091115322 12.6
      vertex 26.054597822234367 -68.78042529496237 12.6
      vertex 26.054597822234367 -68.78042529496237 13
    endloop
  endfacet
  facet normal -0.14673047445536522 -0.9891765099647803 3.3827700802532452e-18
    outer loop
      vertex 25.650835994692073 -68.7001120739884 12.6
      vertex 25.854689676233868 -68.73035091115322 12.6
      vertex 25.854689676233868 -68.73035091115322 13
    endloop
  endfacet
  facet normal -0.33688985339219185 -0.941544065183031 -2.5144848512383045e-18
    outer loop
      vertex 26.054597822234367 -68.78042529496237 12.6
      vertex 26.248635207966686 -68.8498529817263 12.6
      vertex 26.248635207966686 -68.8498529817263 13
    endloop
  endfacet
  facet normal -0.4275550934302885 -0.9039892931234403 1.3851710832563944e-17
    outer loop
      vertex 26.248635207966686 -68.8498529817263 12.6
      vertex 26.434933147334593 -68.93796534486846 12.6
      vertex 26.434933147334593 -68.93796534486846 13
    endloop
  endfacet
  facet normal -0.5141027441932554 -0.8577286100002518 0
    outer loop
      vertex 26.61169748934116 -69.04391381416467 12.6
      vertex 26.61169748934116 -69.04391381416467 13
      vertex 26.434933147334593 -68.93796534486846 12.6
    endloop
  endfacet
  facet normal -0.5956993044924247 -0.8032075314806514 1.0040138923297653e-17
    outer loop
      vertex 26.61169748934116 -69.04391381416467 12.6
      vertex 26.77722589674365 -69.16667804793826 12.6
      vertex 26.77722589674365 -69.16667804793826 13
    endloop
  endfacet
  facet normal -0.14673047445536522 -0.9891765099647803 0
    outer loop
      vertex 25.650835994692073 -68.7001120739884 12.6
      vertex 25.854689676233868 -68.73035091115322 13
      vertex 25.650835994692073 -68.7001120739884 13
    endloop
  endfacet
  facet normal -0.2429801799032723 -0.9700312531945418 0
    outer loop
      vertex 25.854689676233868 -68.73035091115322 12.6
      vertex 26.054597822234367 -68.78042529496237 13
      vertex 25.854689676233868 -68.73035091115322 13
    endloop
  endfacet
  facet normal -0.33688985339219185 -0.941544065183031 0
    outer loop
      vertex 26.054597822234367 -68.78042529496237 12.6
      vertex 26.248635207966686 -68.8498529817263 13
      vertex 26.054597822234367 -68.78042529496237 13
    endloop
  endfacet
  facet normal -0.4275550934302885 -0.9039892931234403 0
    outer loop
      vertex 26.248635207966686 -68.8498529817263 12.6
      vertex 26.434933147334593 -68.93796534486846 13
      vertex 26.248635207966686 -68.8498529817263 13
    endloop
  endfacet
  facet normal -0.5141027441932554 -0.8577286100002518 0
    outer loop
      vertex 26.434933147334593 -68.93796534486846 12.6
      vertex 26.61169748934116 -69.04391381416467 13
      vertex 26.434933147334593 -68.93796534486846 13
    endloop
  endfacet
  facet normal -0.5956993044924247 -0.8032075314806514 0
    outer loop
      vertex 26.61169748934116 -69.04391381416467 12.6
      vertex 26.77722589674365 -69.16667804793826 13
      vertex 26.61169748934116 -69.04391381416467 13
    endloop
  endfacet
  facet normal -0.9987954562051721 -0.04906767432742536 0
    outer loop
      vertex 27.544999999999998 -70.79 12.6
      vertex 27.544999999999998 -70.79 13
      vertex 27.53488792601161 -70.58416400530793 12.6
    endloop
  endfacet
  facet normal -0.9891765099647797 -0.1467304744553702 0
    outer loop
      vertex 27.53488792601161 -70.58416400530793 12.6
      vertex 27.53488792601161 -70.58416400530793 13
      vertex 27.50464908884678 -70.38031032376614 12.6
    endloop
  endfacet
  facet normal -0.9700312531945491 -0.24298017990324397 0
    outer loop
      vertex 27.50464908884678 -70.38031032376614 12.6
      vertex 27.50464908884678 -70.38031032376614 13
      vertex 27.454574705037636 -70.18040217776563 12.6
    endloop
  endfacet
  facet normal -0.9415440651830179 -0.3368898533922278 0
    outer loop
      vertex 27.454574705037636 -70.18040217776563 12.6
      vertex 27.454574705037636 -70.18040217776563 13
      vertex 27.3851470182737 -69.98636479203331 12.6
    endloop
  endfacet
  facet normal -0.9987954562051721 0.04906767432742536 0
    outer loop
      vertex 27.544999999999998 -70.79 12.6
      vertex 27.53488792601161 -70.99583599469209 13
      vertex 27.544999999999998 -70.79 13
    endloop
  endfacet
  facet normal -0.9987954562051721 -0.04906767432742536 0
    outer loop
      vertex 27.53488792601161 -70.58416400530793 12.6
      vertex 27.544999999999998 -70.79 13
      vertex 27.53488792601161 -70.58416400530793 13
    endloop
  endfacet
  facet normal -0.9891765099647797 -0.1467304744553702 0
    outer loop
      vertex 27.50464908884678 -70.38031032376614 12.6
      vertex 27.53488792601161 -70.58416400530793 13
      vertex 27.50464908884678 -70.38031032376614 13
    endloop
  endfacet
  facet normal -0.9700312531945491 -0.24298017990324397 0
    outer loop
      vertex 27.454574705037636 -70.18040217776563 12.6
      vertex 27.50464908884678 -70.38031032376614 13
      vertex 27.454574705037636 -70.18040217776563 13
    endloop
  endfacet
  facet normal 0 1 0
    outer loop
      vertex -21.595 -67.14 11.6
      vertex -21.595 -67.14 13
      vertex -18.04599926659332 -67.14 13
    endloop
  endfacet
  facet normal 1 0 0
    outer loop
      vertex -21.595 -67.14 11.6
      vertex -21.595 -41.94583333333333 13
      vertex -21.595 -67.14 13
    endloop
  endfacet
  facet normal 0 1 0
    outer loop
      vertex -21.595 -67.14 11.6
      vertex -18.04599926659332 -67.14 13
      vertex 21.595 -67.14 11.6
    endloop
  endfacet
  facet normal 1 0 0
    outer loop
      vertex -21.595 -67.14 11.6
      vertex -21.595 -23.950000000000003 11.6
      vertex -21.595 -41.94583333333333 13
    endloop
  endfacet
  facet normal 1 0 0
    outer loop
      vertex -21.595 -23.950000000000003 11.6
      vertex -21.595 -23.950000000000003 13
      vertex -21.595 -41.94583333333333 13
    endloop
  endfacet
  facet normal 0 -1 0
    outer loop
      vertex -21.595 -23.950000000000003 11.6
      vertex 21.595 -23.950000000000003 13
      vertex -21.595 -23.950000000000003 13
    endloop
  endfacet
  facet normal 0 1 0
    outer loop
      vertex 21.595 -67.14 11.6
      vertex -18.04599926659332 -67.14 13
      vertex 21.595 -67.14 13
    endloop
  endfacet
  facet normal -1 0 0
    outer loop
      vertex 21.595 -67.14 11.6
      vertex 21.595 -67.14 13
      vertex 21.595 -49.14416666666668 13
    endloop
  endfacet
  facet normal 0 -1 0
    outer loop
      vertex -21.595 -23.950000000000003 11.6
      vertex 21.595 -23.950000000000003 11.6
      vertex 21.595 -23.950000000000003 13
    endloop
  endfacet
  facet normal -1 0 0
    outer loop
      vertex 21.595 -67.14 11.6
      vertex 21.595 -49.14416666666668 13
      vertex 21.595 -23.950000000000003 11.6
    endloop
  endfacet
  facet normal -1 0 0
    outer loop
      vertex 21.595 -23.950000000000003 11.6
      vertex 21.595 -49.14416666666668 13
      vertex 21.595 -23.950000000000003 13
    endloop
  endfacet
  facet normal 1 0 0
    outer loop
      vertex -23.044999999999998 -68.59 11.6
      vertex -23.044999999999998 -68.59 11.4
      vertex -23.044999999999998 -30.18166666666664 11.4
    endloop
  endfacet
  facet normal 0 0 -1
    outer loop
      vertex -23.044999999999998 -68.59 11.6
      vertex -23.044999999999998 -22.75 11.6
      vertex -21.595 -67.14 11.6
    endloop
  endfacet
  facet normal 0 1 0
    outer loop
      vertex -23.044999999999998 -68.59 11.6
      vertex 23.044999999999998 -68.59 11.4
      vertex -23.044999999999998 -68.59 11.4
    endloop
  endfacet
  facet normal 0 0 -1
    outer loop
      vertex -23.044999999999998 -68.59 11.6
      vertex -21.595 -67.14 11.6
      vertex 21.595 -67.14 11.6
    endloop
  endfacet
  facet normal 1 0 0
    outer loop
      vertex -23.044999999999998 -68.59 11.6
      vertex -23.044999999999998 -30.18166666666664 11.4
      vertex -23.044999999999998 -22.75 11.6
    endloop
  endfacet
  facet normal 0 0 -1
    outer loop
      vertex -21.595 -67.14 11.6
      vertex -23.044999999999998 -22.75 11.6
      vertex -21.595 -23.950000000000003 11.6
    endloop
  endfacet
  facet normal 1 0 0
    outer loop
      vertex -23.044999999999998 -22.75 11.6
      vertex -23.044999999999998 -30.18166666666664 11.4
      vertex -23.044999999999998 -22.75 11.4
    endloop
  endfacet
  facet normal 0 0 -1
    outer loop
      vertex -21.595 -23.950000000000003 11.6
      vertex -23.044999999999998 -22.75 11.6
      vertex 21.595 -23.950000000000003 11.6
    endloop
  endfacet
  facet normal 0 0 -1
    outer loop
      vertex -23.044999999999998 -68.59 11.6
      vertex 21.595 -67.14 11.6
      vertex 23.044999999999998 -68.59 11.6
    endloop
  endfacet
  facet normal 0 1 0
    outer loop
      vertex -23.044999999999998 -68.59 11.6
      vertex 23.044999999999998 -68.59 11.6
      vertex 23.044999999999998 -68.59 11.4
    endloop
  endfacet
  facet normal 0 0 -1
    outer loop
      vertex 21.595 -67.14 11.6
      vertex 21.595 -23.950000000000003 11.6
      vertex 23.044999999999998 -68.59 11.6
    endloop
  endfacet
  facet normal -1 0 0
    outer loop
      vertex 23.044999999999998 -68.59 11.6
      vertex 23.044999999999998 -22.75 11.6
      vertex 23.044999999999998 -68.59 11.4
    endloop
  endfacet
  facet normal 0 0 -1
    outer loop
      vertex 21.595 -23.950000000000003 11.6
      vertex -23.044999999999998 -22.75 11.6
      vertex 23.044999999999998 -22.75 11.6
    endloop
  endfacet
  facet normal 0 0 -1
    outer loop
      vertex 23.044999999999998 -68.59 11.6
      vertex 21.595 -23.950000000000003 11.6
      vertex 23.044999999999998 -22.75 11.6
    endloop
  endfacet
  facet normal -1 0 0
    outer loop
      vertex 23.044999999999998 -22.75 11.4
      vertex 23.044999999999998 -68.59 11.4
      vertex 23.044999999999998 -22.75 11.6
    endloop
  endfacet
endsolid OpenSCAD_Model
